epoch,time,train/box_loss,train/pose_loss,train/kobj_loss,train/cls_loss,train/dfl_loss,metrics/precision(B),metrics/recall(B),metrics/mAP50(B),metrics/mAP50-95(B),metrics/precision(P),metrics/recall(P),metrics/mAP50(P),metrics/mAP50-95(P),val/box_loss,val/pose_loss,val/kobj_loss,val/cls_loss,val/dfl_loss,lr/pg0,lr/pg1,lr/pg2
1,36.6871,2.2253,2.55757,0.69701,4.18581,2.12073,0.52927,0.5,0.51525,0.23842,0.55492,0.59075,0.61043,0.19764,1.6559,2.59106,0.67618,2.00849,1.49585,0.00012,0.00012,0.00012
2,40.0233,1.90168,2.58982,0.67048,1.93487,1.62513,0.80788,0.66411,0.82022,0.39955,0.80788,0.66411,0.85302,0.36894,1.48431,2.48209,0.66435,1.72586,1.36831,0.000259357,0.000259357,0.000259357
3,43.0549,1.5781,2.11105,0.61661,1.31365,1.37983,0.92437,0.96502,0.95198,0.54371,0.91977,1,0.973,0.44201,1.2904,2.46116,0.65075,1.76036,1.25651,0.00039802,0.00039802,0.00039802
4,46.3663,1.54981,1.87959,0.59596,1.08417,1.3415,0.92104,0.92084,0.93625,0.52237,0.92104,0.92084,0.94988,0.45117,1.43588,2.32036,0.63391,1.26751,1.32138,0.000535991,0.000535991,0.000535991
5,49.3191,1.5022,1.75074,0.56857,0.94062,1.26374,0.85994,0.96952,0.93783,0.57014,0.8577,0.94737,0.95544,0.48397,1.40356,2.23548,0.61684,1.15523,1.28722,0.000673268,0.000673268,0.000673268
6,52.5271,1.48937,1.44317,0.57427,0.96863,1.26141,0.77098,0.89474,0.88564,0.49266,0.79365,0.92105,0.9268,0.51513,1.6224,1.88648,0.59434,1.20254,1.47423,0.000809853,0.000809853,0.000809853
7,55.6152,1.50324,1.38487,0.54236,0.9787,1.31573,0.89445,0.89208,0.92635,0.51773,0.93333,0.94737,0.97719,0.59986,1.55767,1.76825,0.55971,1.24802,1.51784,0.000945744,0.000945744,0.000945744
8,58.735,1.47636,1.25863,0.5217,0.94158,1.2931,0.93444,0.92105,0.96138,0.50699,0.96295,0.94737,0.98647,0.69792,1.50844,1.47678,0.49847,1.1924,1.47131,0.00108094,0.00108094,0.00108094
9,61.7021,1.44884,1.21244,0.50573,0.92545,1.29445,0.97293,0.94581,0.96832,0.50063,1,0.97213,0.99227,0.71594,1.6702,1.32686,0.47595,1.16123,1.61089,0.00121545,0.00121545,0.00121545
10,64.9897,1.49104,1.10909,0.51149,0.94139,1.30202,0.87675,0.94737,0.93728,0.52072,0.9011,0.97368,0.95796,0.71766,1.5829,1.15537,0.45014,1.07213,1.55341,0.00134926,0.00134926,0.00134926
11,68.0962,1.44338,1.01494,0.50512,0.88609,1.26764,0.93352,0.89474,0.94969,0.53253,0.92525,0.97721,0.97243,0.78448,1.44393,0.87498,0.38517,0.97368,1.39501,0.00148238,0.00148238,0.00148238
12,71.045,1.43133,0.92213,0.47691,0.89974,1.27491,0.91885,0.89398,0.95411,0.527,0.94587,0.91978,0.97609,0.80227,1.53828,0.79868,0.35998,1.03132,1.4439,0.00161481,0.00161481,0.00161481
13,74.1908,1.42338,0.90479,0.47244,0.8914,1.22914,0.92813,0.94737,0.95358,0.56578,0.94865,0.97229,0.97866,0.83591,1.45092,0.78947,0.35593,1.03204,1.411,0.00174654,0.00174654,0.00174654
14,77.1365,1.33719,0.83665,0.43916,0.83252,1.19258,0.92813,0.94737,0.95358,0.56578,0.94865,0.97229,0.97866,0.83591,1.45092,0.78947,0.35593,1.03204,1.411,0.00187758,0.00187758,0.00187758
15,80.1605,1.35967,0.78032,0.44099,0.83363,1.20451,0.90059,0.94737,0.94007,0.53353,0.90436,0.99545,0.97449,0.80603,1.48009,0.79689,0.32099,1.09305,1.43533,0.0019307,0.0019307,0.0019307
16,82.9779,1.36574,0.78887,0.45467,0.88866,1.265,0.86027,0.92105,0.90849,0.52183,0.91401,1,0.9681,0.79282,1.53753,0.73506,0.27611,0.98765,1.44439,0.00192575,0.00192575,0.00192575
17,86.0895,1.45875,0.70137,0.42786,0.85481,1.24068,0.89653,0.89474,0.91939,0.46954,0.92414,0.92105,0.9471,0.76048,1.61635,0.72237,0.27915,1.10269,1.4006,0.0019208,0.0019208,0.0019208
18,88.9433,1.43562,0.67676,0.44424,0.86327,1.25778,0.89874,1,0.97178,0.5804,0.89874,1,0.97178,0.77592,1.34552,0.67515,0.24351,0.95972,1.29865,0.00191585,0.00191585,0.00191585
19,91.9184,1.41802,0.65715,0.42729,0.85863,1.2515,0.8788,1,0.96727,0.55294,0.8788,1,0.96727,0.78261,1.38642,0.67901,0.22854,0.93358,1.31612,0.0019109,0.0019109,0.0019109
20,94.8418,1.32997,0.6291,0.43568,0.82865,1.20022,0.82037,0.94737,0.92395,0.4639,0.85118,0.97368,0.94611,0.77757,1.64963,0.67792,0.20747,1.01392,1.48998,0.00190595,0.00190595,0.00190595
21,97.7952,1.44828,0.57503,0.39614,0.84117,1.25793,0.89858,1,0.97598,0.58693,0.89858,1,0.97598,0.83918,1.3957,0.49018,0.18388,0.8437,1.3711,0.001901,0.001901,0.001901
22,100.711,1.37403,0.62603,0.40742,0.8354,1.19409,0.89858,1,0.97598,0.58693,0.89858,1,0.97598,0.83918,1.3957,0.49018,0.18388,0.8437,1.3711,0.00189605,0.00189605,0.00189605
23,103.704,1.3853,0.55689,0.37881,0.80406,1.21173,0.87937,0.92105,0.95414,0.49733,0.90517,0.94737,0.97999,0.88006,1.51792,0.48817,0.16872,1.069,1.51761,0.0018911,0.0018911,0.0018911
24,106.651,1.38251,0.60581,0.39028,0.83359,1.24978,0.91682,0.84211,0.94506,0.48968,0.94726,0.94533,0.97729,0.86824,1.5032,0.49463,0.17288,1.2643,1.51001,0.00188615,0.00188615,0.00188615
25,109.507,1.38142,0.54727,0.36964,0.79627,1.2185,0.92186,0.89474,0.94617,0.56618,0.87839,1,0.96598,0.89681,1.38403,0.41949,0.16381,0.97132,1.39973,0.0018812,0.0018812,0.0018812
26,112.409,1.34309,0.52289,0.37978,0.83637,1.20958,0.90221,0.97122,0.95163,0.54452,0.92663,0.99709,0.97011,0.88195,1.37637,0.42147,0.16074,0.85221,1.34746,0.00187625,0.00187625,0.00187625
27,115.299,1.29243,0.51219,0.39132,0.81072,1.20239,0.86008,0.97064,0.95016,0.54178,0.88336,0.99655,0.97002,0.89969,1.34356,0.34571,0.14687,0.76098,1.30312,0.0018713,0.0018713,0.0018713
28,118.423,1.27318,0.45487,0.38389,0.82055,1.2037,0.83789,0.95222,0.92242,0.55466,0.84706,1,0.94,0.85461,1.29648,0.35252,0.14895,0.79439,1.28493,0.00186635,0.00186635,0.00186635
29,121.402,1.23453,0.42382,0.38832,0.75437,1.19721,0.88004,0.96537,0.92725,0.52569,0.90676,0.94737,0.9635,0.82984,1.39262,0.41082,0.15643,0.92315,1.3466,0.0018614,0.0018614,0.0018614
30,124.304,1.20116,0.45736,0.36621,0.76422,1.13901,0.88004,0.96537,0.92725,0.52569,0.90676,0.94737,0.9635,0.82984,1.39262,0.41082,0.15643,0.92315,1.3466,0.00185645,0.00185645,0.00185645
31,127.392,1.24831,0.40302,0.38353,0.77898,1.199,0.89007,0.97368,0.96113,0.57254,0.90402,1,0.9691,0.86183,1.39056,0.40681,0.15465,0.83473,1.32942,0.0018515,0.0018515,0.0018515
32,130.415,1.23413,0.44855,0.38621,0.7647,1.1902,0.94472,0.97368,0.97916,0.5912,0.94913,0.98209,0.98505,0.91331,1.34885,0.3585,0.14826,0.70002,1.30342,0.00184655,0.00184655,0.00184655
33,133.466,1.27137,0.43491,0.36839,0.74525,1.19993,0.94843,0.96809,0.9583,0.54038,0.94843,0.96809,0.97492,0.91872,1.50317,0.33189,0.14923,0.72225,1.37566,0.0018416,0.0018416,0.0018416
34,136.49,1.18423,0.39417,0.32979,0.71802,1.16062,0.93234,0.97368,0.96395,0.58166,0.93234,0.97368,0.97546,0.92366,1.36303,0.31327,0.14555,0.67381,1.28027,0.00183665,0.00183665,0.00183665
35,139.545,1.13783,0.37961,0.34072,0.67578,1.14454,0.9478,0.95572,0.97549,0.56351,0.9478,0.95572,0.98179,0.94046,1.37682,0.31562,0.14406,0.7044,1.2595,0.0018317,0.0018317,0.0018317
36,142.347,1.16622,0.39344,0.33832,0.71016,1.16304,0.9663,0.94737,0.96486,0.56867,0.9663,0.94737,0.9733,0.92818,1.37161,0.28721,0.13951,0.70729,1.2547,0.00182675,0.00182675,0.00182675
37,145.054,1.20404,0.38082,0.36171,0.70147,1.15756,0.96538,0.94737,0.95109,0.56295,0.97337,0.96202,0.96985,0.95612,1.26403,0.24435,0.13881,0.66166,1.24288,0.0018218,0.0018218,0.0018218
38,147.841,1.11047,0.35552,0.32281,0.67135,1.1333,0.96538,0.94737,0.95109,0.56295,0.97337,0.96202,0.96985,0.95612,1.26403,0.24435,0.13881,0.66166,1.24288,0.00181685,0.00181685,0.00181685
39,150.867,1.13306,0.35094,0.32303,0.66378,1.13168,0.95077,0.97368,0.97441,0.62227,0.95077,0.97368,0.97441,0.96538,1.23738,0.21949,0.13939,0.61513,1.24609,0.0018119,0.0018119,0.0018119
40,153.808,1.08623,0.32377,0.2796,0.65074,1.10657,0.94458,0.97368,0.97275,0.62009,0.94458,0.97368,0.97275,0.95767,1.23723,0.23906,0.13707,0.61026,1.25856,0.00180695,0.00180695,0.00180695
41,156.912,1.11785,0.33925,0.33007,0.6775,1.1562,0.90453,0.99741,0.96428,0.61052,0.9246,1,0.96478,0.95123,1.16903,0.23474,0.12859,0.63314,1.21154,0.001802,0.001802,0.001802
42,159.686,1.11198,0.35481,0.30612,0.66595,1.11689,0.93826,0.97368,0.94952,0.60526,0.92385,1,0.96306,0.9489,1.22183,0.23168,0.12038,0.62604,1.21529,0.00179705,0.00179705,0.00179705
43,162.41,1.15858,0.34948,0.27646,0.67246,1.09865,0.94003,0.97368,0.94877,0.62236,0.92625,0.99168,0.9602,0.93515,1.1962,0.21453,0.1132,0.63049,1.23486,0.0017921,0.0017921,0.0017921
44,165.323,1.14933,0.33087,0.2952,0.6849,1.11282,0.92171,0.97368,0.92428,0.5945,0.92171,0.97368,0.93866,0.92411,1.1838,0.21193,0.10896,0.62305,1.25007,0.00178715,0.00178715,0.00178715
45,168.082,1.11197,0.31646,0.28409,0.631,1.12855,0.91614,0.97368,0.94917,0.56241,0.91614,0.97368,0.94917,0.94435,1.31421,0.21038,0.11331,0.66149,1.24648,0.0017822,0.0017822,0.0017822
46,170.953,1.13034,0.35781,0.32067,0.67894,1.11956,0.91614,0.97368,0.94917,0.56241,0.91614,0.97368,0.94917,0.94435,1.31421,0.21038,0.11331,0.66149,1.24648,0.00177725,0.00177725,0.00177725
47,173.951,1.11025,0.31323,0.32486,0.66447,1.13747,0.93262,0.97368,0.95976,0.61054,0.92533,1,0.96868,0.95823,1.26687,0.19828,0.11005,0.64921,1.25872,0.0017723,0.0017723,0.0017723
48,177.102,1.04862,0.29579,0.27958,0.64103,1.09382,0.94263,0.97368,0.95075,0.62375,0.94988,0.99756,0.9686,0.95396,1.26855,0.2099,0.11044,0.63864,1.26607,0.00176735,0.00176735,0.00176735
49,180.163,1.04335,0.28773,0.26414,0.61824,1.07721,0.90984,0.94737,0.94299,0.61184,0.93512,0.97368,0.96216,0.94168,1.28963,0.22579,0.11565,0.64922,1.26138,0.0017624,0.0017624,0.0017624
50,183.201,1.05103,0.32749,0.30759,0.62777,1.11326,0.91507,0.94737,0.95075,0.61494,0.94878,1,0.96674,0.95478,1.23171,0.20383,0.11113,0.64571,1.23122,0.00175745,0.00175745,0.00175745
51,186.16,1.05899,0.32747,0.29045,0.64699,1.09803,0.91391,0.94737,0.95232,0.6551,0.94807,1,0.98031,0.96774,1.20623,0.20201,0.10417,0.64452,1.25752,0.0017525,0.0017525,0.0017525
52,189.095,1.03871,0.26414,0.29461,0.61869,1.09682,0.899,0.94737,0.95525,0.63765,0.9469,1,0.984,0.9677,1.22956,0.2119,0.1073,0.64435,1.28319,0.00174755,0.00174755,0.00174755
53,192.202,1.02956,0.30752,0.26712,0.59911,1.08454,0.90493,0.94737,0.93715,0.6087,0.94682,1,0.98295,0.96268,1.26069,0.21505,0.11029,0.64097,1.29037,0.0017426,0.0017426,0.0017426
54,195.24,1.00786,0.3153,0.29571,0.60679,1.0967,0.90493,0.94737,0.93715,0.6087,0.94682,1,0.98295,0.96268,1.26069,0.21505,0.11029,0.64097,1.29037,0.00173765,0.00173765,0.00173765
55,198.196,1.06777,0.32004,0.30582,0.63655,1.13462,0.89392,0.92105,0.9088,0.60459,0.94697,1,0.973,0.94994,1.25791,0.20485,0.1082,0.62342,1.27843,0.0017327,0.0017327,0.0017327
56,201.095,0.99605,0.29151,0.2639,0.59346,1.07245,0.95195,0.94737,0.94738,0.62351,0.94577,1,0.98331,0.9605,1.21486,0.21742,0.09902,0.58234,1.24456,0.00172775,0.00172775,0.00172775
57,204.21,1.08117,0.3465,0.29184,0.619,1.10139,0.9381,0.94737,0.93653,0.61272,0.94691,1,0.98034,0.96123,1.24156,0.22362,0.09485,0.5927,1.26986,0.0017228,0.0017228,0.0017228
58,207.124,1.01507,0.29423,0.27423,0.58263,1.08404,0.89945,0.92105,0.92423,0.61345,0.94822,1,0.98505,0.9677,1.18541,0.20358,0.09217,0.56997,1.22642,0.00171785,0.00171785,0.00171785
59,209.927,1.07174,0.30349,0.27444,0.62327,1.08529,0.95255,0.97368,0.97967,0.64917,0.94995,0.999,0.98347,0.96118,1.14274,0.19243,0.09104,0.61877,1.21187,0.0017129,0.0017129,0.0017129
60,213.042,1.04306,0.29746,0.28099,0.63047,1.13676,0.91147,0.94737,0.95595,0.59969,0.93679,0.97368,0.98506,0.96674,1.26325,0.2005,0.0911,0.68273,1.26406,0.00170795,0.00170795,0.00170795
61,215.949,0.99902,0.30368,0.26023,0.62869,1.09406,0.90159,0.94737,0.95369,0.60992,0.92664,0.97368,0.98814,0.96931,1.31839,0.18068,0.08926,0.64759,1.29187,0.001703,0.001703,0.001703
62,218.707,1.0278,0.28622,0.26861,0.60903,1.06663,0.90159,0.94737,0.95369,0.60992,0.92664,0.97368,0.98814,0.96931,1.31839,0.18068,0.08926,0.64759,1.29187,0.00169805,0.00169805,0.00169805
63,221.689,1.05372,0.25274,0.25297,0.60615,1.0855,0.96818,0.97368,0.97347,0.6071,0.96818,0.97368,0.98767,0.97522,1.33331,0.18307,0.08907,0.61012,1.32667,0.0016931,0.0016931,0.0016931
64,224.591,1.034,0.26638,0.27307,0.60928,1.10172,0.96963,0.97368,0.98086,0.66984,0.96963,0.97368,0.989,0.97424,1.12787,0.17437,0.08805,0.56861,1.2016,0.00168815,0.00168815,0.00168815
65,227.477,1.04311,0.25376,0.24296,0.59318,1.08994,0.97005,0.97368,0.98854,0.64474,0.97005,0.97368,0.98854,0.97365,1.1894,0.17716,0.09181,0.59435,1.22549,0.0016832,0.0016832,0.0016832
66,230.605,1.05027,0.27653,0.28709,0.63389,1.12543,0.96834,0.97368,0.98888,0.63091,0.96834,0.97368,0.98888,0.97257,1.16424,0.18281,0.09405,0.56988,1.23753,0.00167825,0.00167825,0.00167825
67,233.657,0.97671,0.24285,0.25409,0.61023,1.06235,0.96465,0.97368,0.97772,0.6527,0.96465,0.97368,0.98215,0.95849,1.16068,0.18002,0.09496,0.56783,1.23293,0.0016733,0.0016733,0.0016733
68,236.546,1.01887,0.29638,0.24155,0.59824,1.06607,0.94821,0.97368,0.97885,0.66594,0.94986,0.99707,0.98295,0.96742,1.13158,0.1821,0.09409,0.58022,1.20606,0.00166835,0.00166835,0.00166835
69,239.532,0.98482,0.29914,0.27885,0.60822,1.09403,0.94998,0.99966,0.98183,0.66869,0.94998,0.99966,0.98183,0.97008,1.08153,0.1529,0.093,0.59495,1.19145,0.0016634,0.0016634,0.0016634
70,242.41,1.00995,0.25621,0.21028,0.58699,1.0427,0.94998,0.99966,0.98183,0.66869,0.94998,0.99966,0.98183,0.97008,1.08153,0.1529,0.093,0.59495,1.19145,0.00165845,0.00165845,0.00165845
71,245.229,1.00827,0.26143,0.27771,0.58752,1.05348,0.94999,0.99989,0.98764,0.67085,0.94999,0.99989,0.98764,0.9836,1.14543,0.16289,0.09001,0.54561,1.20305,0.0016535,0.0016535,0.0016535
72,248.263,1.02405,0.29504,0.27508,0.62246,1.08292,0.9232,1,0.98767,0.66234,0.9232,1,0.98767,0.98579,1.18397,0.16773,0.08748,0.55896,1.21239,0.00164855,0.00164855,0.00164855
73,251.148,1.01248,0.26727,0.27831,0.60644,1.07337,0.94576,0.94737,0.96769,0.64739,0.9485,0.96953,0.98664,0.98664,1.14967,0.16503,0.08639,0.56641,1.2043,0.0016436,0.0016436,0.0016436
74,253.985,0.96742,0.27659,0.23439,0.57427,1.0505,0.93934,0.94737,0.99002,0.66967,0.93934,0.94737,0.99002,0.99002,1.12078,0.15524,0.08713,0.56939,1.19989,0.00163865,0.00163865,0.00163865
75,256.977,0.94907,0.25086,0.22689,0.5696,1.03664,0.97358,0.9699,0.98662,0.62936,0.97358,0.9699,0.98662,0.97895,1.2306,0.16243,0.08744,0.61565,1.26604,0.0016337,0.0016337,0.0016337
76,259.798,0.96422,0.23629,0.24759,0.57948,1.06085,0.96048,0.97368,0.98433,0.65948,0.96048,0.97368,0.98433,0.97215,1.16927,0.14879,0.08488,0.60129,1.20895,0.00162875,0.00162875,0.00162875
77,262.716,0.91624,0.22897,0.25382,0.55809,1.05546,0.95865,0.97368,0.97773,0.67753,0.95865,0.97368,0.98715,0.97821,1.13147,0.15465,0.08301,0.55999,1.20146,0.0016238,0.0016238,0.0016238
78,265.675,0.9368,0.20774,0.2387,0.57823,1.05321,0.95865,0.97368,0.97773,0.67753,0.95865,0.97368,0.98715,0.97821,1.13147,0.15465,0.08301,0.55999,1.20146,0.00161885,0.00161885,0.00161885
79,268.556,0.91083,0.26415,0.26611,0.56184,1.04449,0.93607,0.97368,0.97865,0.67901,0.93607,0.97368,0.98344,0.95507,1.15909,0.19903,0.08593,0.58276,1.21456,0.0016139,0.0016139,0.0016139
80,271.234,0.90179,0.24497,0.24611,0.5408,1.02018,0.94036,0.97368,0.98343,0.64205,0.94036,0.97368,0.98343,0.95826,1.22758,0.19401,0.08726,0.58799,1.23907,0.00160895,0.00160895,0.00160895
81,273.936,0.90753,0.23747,0.21584,0.54288,1.0113,0.94676,0.97368,0.98048,0.67803,0.94676,0.97368,0.98714,0.96611,1.08927,0.17414,0.08591,0.56107,1.18028,0.001604,0.001604,0.001604
82,276.688,0.9482,0.23028,0.23072,0.56631,1.0558,0.94684,0.97368,0.97819,0.6558,0.94684,0.97368,0.99097,0.97546,1.19201,0.16982,0.08026,0.56903,1.24331,0.00159905,0.00159905,0.00159905
83,279.629,0.89694,0.23693,0.18287,0.53502,1.00983,0.94674,0.97368,0.98854,0.66229,0.94674,0.97368,0.98854,0.97164,1.18255,0.16354,0.08049,0.56281,1.2346,0.0015941,0.0015941,0.0015941
84,282.725,0.91051,0.24705,0.2437,0.54594,1.0429,0.96728,0.97368,0.98557,0.67074,0.96728,0.97368,0.98557,0.96048,1.15843,0.1626,0.08025,0.53097,1.25321,0.00158915,0.00158915,0.00158915
85,285.76,0.89671,0.25301,0.22659,0.56078,1.01891,0.96883,0.97368,0.97027,0.69201,0.96883,0.97368,0.98768,0.96179,1.10852,0.16206,0.08225,0.51231,1.24547,0.0015842,0.0015842,0.0015842
86,288.576,0.92872,0.24532,0.23789,0.55406,1.02822,0.96883,0.97368,0.97027,0.69201,0.96883,0.97368,0.98768,0.96179,1.10852,0.16206,0.08225,0.51231,1.24547,0.00157925,0.00157925,0.00157925
87,291.552,0.91699,0.20751,0.25629,0.53795,1.02974,0.9638,0.97368,0.97106,0.69471,0.9638,0.97368,0.98757,0.96738,1.08354,0.14945,0.08324,0.50758,1.21723,0.0015743,0.0015743,0.0015743
88,294.651,0.93296,0.20744,0.21496,0.54281,1.04548,0.91687,0.97368,0.96898,0.67688,0.91687,0.97368,0.96977,0.95846,1.09655,0.13723,0.08471,0.56247,1.20438,0.00156935,0.00156935,0.00156935
89,297.492,0.88805,0.21045,0.26298,0.55529,1.06497,0.9209,0.97368,0.96044,0.64765,0.9209,0.97368,0.96044,0.95102,1.14958,0.13131,0.08519,0.5761,1.20842,0.0015644,0.0015644,0.0015644
90,300.593,0.87044,0.20808,0.23131,0.54087,1.01875,0.90461,0.99823,0.95835,0.65538,0.90461,0.99823,0.95835,0.95561,1.1628,0.13276,0.08522,0.60064,1.22221,0.00155945,0.00155945,0.00155945
91,303.692,0.90327,0.22039,0.20729,0.54506,1.02866,0.93859,0.97368,0.96883,0.63733,0.93859,0.97368,0.96883,0.95344,1.22549,0.14945,0.08952,0.66647,1.25223,0.0015545,0.0015545,0.0015545
92,306.688,0.97312,0.19223,0.23961,0.59039,1.06161,0.94515,0.97368,0.97006,0.64357,0.94515,0.97368,0.97006,0.95217,1.16136,0.16424,0.08686,0.62984,1.24419,0.00154955,0.00154955,0.00154955
93,309.536,0.87577,0.21276,0.22691,0.54651,1.02627,0.94212,0.97368,0.96782,0.67061,0.94212,0.97368,0.96999,0.95987,1.17586,0.15828,0.08214,0.56531,1.28154,0.0015446,0.0015446,0.0015446
94,312.36,0.99794,0.21202,0.21507,0.56553,1.07523,0.94212,0.97368,0.96782,0.67061,0.94212,0.97368,0.96999,0.95987,1.17586,0.15828,0.08214,0.56531,1.28154,0.00153965,0.00153965,0.00153965
95,315.316,0.91826,0.21362,0.22339,0.54417,1.02265,0.94492,0.97368,0.97883,0.67403,0.94492,0.97368,0.98067,0.97355,1.17986,0.15715,0.08427,0.5707,1.27284,0.0015347,0.0015347,0.0015347
96,318.475,0.91518,0.21088,0.22604,0.52754,1.0285,0.9467,0.97368,0.98215,0.65687,0.9467,0.97368,0.98215,0.97326,1.16606,0.16176,0.08854,0.57992,1.24794,0.00152975,0.00152975,0.00152975
97,321.47,0.89888,0.24381,0.24094,0.543,1.02736,0.95057,0.97368,0.9811,0.66796,0.95057,0.97368,0.9811,0.97709,1.1211,0.1625,0.08744,0.56047,1.23674,0.0015248,0.0015248,0.0015248
98,324.453,0.92968,0.20936,0.25001,0.55553,1.06049,0.94599,0.97368,0.98142,0.64476,0.94599,0.97368,0.98142,0.97762,1.11177,0.15741,0.09339,0.55412,1.25379,0.00151985,0.00151985,0.00151985
99,327.64,0.80768,0.1934,0.21812,0.49627,0.98077,0.92275,0.94737,0.95117,0.62829,0.94839,0.97368,0.98648,0.98648,1.18891,0.14406,0.10078,0.61024,1.27593,0.0015149,0.0015149,0.0015149
100,330.555,0.88025,0.19517,0.20595,0.52508,1.00649,0.97037,0.97368,0.98726,0.67698,0.97037,0.97368,0.99083,0.98728,1.14871,0.13321,0.09716,0.5839,1.23511,0.00150995,0.00150995,0.00150995
101,333.545,0.87799,0.19011,0.25973,0.538,1.04276,0.98284,0.97368,0.97958,0.69685,0.98284,0.97368,0.99152,0.98503,1.0636,0.1336,0.08841,0.54462,1.1948,0.001505,0.001505,0.001505
102,336.211,0.86173,0.21714,0.22425,0.51497,1.01933,0.98284,0.97368,0.97958,0.69685,0.98284,0.97368,0.99152,0.98503,1.0636,0.1336,0.08841,0.54462,1.1948,0.00150005,0.00150005,0.00150005
103,339.206,0.85294,0.17278,0.18542,0.49896,0.98928,0.93405,0.94737,0.96001,0.67368,0.96452,0.97368,0.99057,0.99057,1.13035,0.1311,0.08681,0.54144,1.20691,0.0014951,0.0014951,0.0014951
104,342.039,0.88187,0.19259,0.2138,0.51916,0.99944,0.94573,0.97368,0.98715,0.66012,0.94573,0.97368,0.98715,0.97908,1.18158,0.13144,0.08948,0.55275,1.26514,0.00149015,0.00149015,0.00149015
105,344.926,0.89132,0.18612,0.23664,0.53072,1.01715,0.9492,1,0.98196,0.67262,0.9492,1,0.98196,0.97349,1.18718,0.13371,0.0897,0.55957,1.31027,0.0014852,0.0014852,0.0014852
106,347.992,0.87568,0.18396,0.22074,0.51677,1.02686,0.92416,0.97368,0.9635,0.69337,0.94931,1,0.98466,0.97786,1.13685,0.13862,0.09048,0.54712,1.27939,0.00148025,0.00148025,0.00148025
107,351.299,0.86415,0.17419,0.2157,0.52925,1.02729,0.9483,0.94737,0.96918,0.67445,0.98003,0.97368,0.99354,0.98628,1.18318,0.14572,0.0873,0.5336,1.27679,0.0014753,0.0014753,0.0014753
108,354.326,0.86304,0.18261,0.23258,0.5222,1.04876,0.94608,0.94737,0.9449,0.70304,0.97259,0.97368,0.99227,0.98849,1.07375,0.14168,0.08346,0.49867,1.20383,0.00147035,0.00147035,0.00147035
109,357.266,0.83668,0.16912,0.18201,0.50762,0.98902,0.96892,0.97368,0.97815,0.7086,0.96892,0.97368,0.99227,0.99227,1.12417,0.13584,0.07826,0.51018,1.23761,0.0014654,0.0014654,0.0014654
110,360.078,0.87523,0.18093,0.22262,0.51711,1.03405,0.96892,0.97368,0.97815,0.7086,0.96892,0.97368,0.99227,0.99227,1.12417,0.13584,0.07826,0.51018,1.23761,0.00146045,0.00146045,0.00146045
111,362.987,0.83916,0.1635,0.20946,0.51373,1.01245,0.96477,0.97368,0.97674,0.68782,0.96477,0.97368,0.99096,0.99096,1.15663,0.13134,0.07855,0.52385,1.24835,0.0014555,0.0014555,0.0014555
112,365.757,0.88193,0.19946,0.21693,0.51837,1.04827,0.97025,0.97368,0.99152,0.64355,0.97025,0.97368,0.99152,0.98775,1.23148,0.12724,0.08013,0.545,1.25637,0.00145055,0.00145055,0.00145055
113,368.757,0.81987,0.16423,0.17867,0.49294,0.99133,0.99159,0.97368,0.98427,0.65158,0.99159,0.97368,0.99227,0.98458,1.19228,0.13603,0.07851,0.52793,1.2507,0.0014456,0.0014456,0.0014456
114,371.632,0.88932,0.19987,0.20114,0.52166,1.0005,0.96937,0.97368,0.97815,0.6917,0.96937,0.97368,0.99188,0.98369,1.10874,0.13202,0.07444,0.48931,1.21738,0.00144065,0.00144065,0.00144065
115,374.645,0.8556,0.17814,0.23262,0.51539,1.0239,0.97154,0.97368,0.9772,0.67895,0.97154,0.97368,0.99143,0.98311,1.16989,0.13823,0.07268,0.49219,1.25887,0.0014357,0.0014357,0.0014357
116,377.847,0.81146,0.16793,0.18244,0.50591,0.97297,0.97178,0.97368,0.99058,0.6675,0.97178,0.97368,0.99058,0.97163,1.19215,0.15369,0.07381,0.5088,1.27638,0.00143075,0.00143075,0.00143075
117,380.819,0.83909,0.20963,0.20809,0.4988,0.98542,0.96988,0.97368,0.99275,0.69293,0.96988,0.97368,0.99275,0.97792,1.14322,0.15316,0.07037,0.52245,1.24297,0.0014258,0.0014258,0.0014258
118,383.561,0.80585,0.17666,0.18373,0.49669,0.99026,0.96988,0.97368,0.99275,0.69293,0.96988,0.97368,0.99275,0.97792,1.14322,0.15316,0.07037,0.52245,1.24297,0.00142085,0.00142085,0.00142085
119,386.696,0.82018,0.19054,0.19935,0.49773,0.98489,0.97175,0.97368,0.9931,0.71311,0.97175,0.97368,0.9931,0.9818,1.09225,0.14667,0.0695,0.52046,1.21883,0.0014159,0.0014159,0.0014159
120,389.665,0.83506,0.17852,0.19622,0.51307,1.00388,0.96987,0.97368,0.98295,0.71044,0.96987,0.97368,0.99275,0.97894,1.07472,0.14074,0.07385,0.50448,1.21103,0.00141095,0.00141095,0.00141095
121,392.688,0.79715,0.16588,0.19864,0.49025,0.97311,0.94749,1,0.99321,0.68331,0.94749,1,0.99321,0.98672,1.08859,0.13762,0.07772,0.5152,1.20967,0.001406,0.001406,0.001406
122,395.912,0.80897,0.20462,0.2088,0.50359,0.98164,0.97335,1,0.99449,0.69409,0.97335,1,0.99449,0.99,1.07824,0.13398,0.0769,0.52594,1.19327,0.00140105,0.00140105,0.00140105
123,398.764,0.82536,0.17102,0.18892,0.51882,0.99426,0.97425,0.99576,0.99449,0.71732,0.97425,0.99576,0.99449,0.9928,1.04842,0.12955,0.07539,0.50157,1.17504,0.0013961,0.0013961,0.0013961
124,401.821,0.82608,0.18543,0.23218,0.50406,0.99861,0.973,0.94828,0.99275,0.70154,0.973,0.94828,0.99275,0.99103,1.05125,0.13808,0.07398,0.49188,1.17689,0.00139115,0.00139115,0.00139115
125,404.847,0.77215,0.18063,0.18677,0.47351,0.96832,0.92658,1,0.992,0.68197,0.92658,1,0.992,0.98926,1.16655,0.1544,0.07559,0.55156,1.22793,0.0013862,0.0013862,0.0013862
126,407.746,0.80589,0.19844,0.16527,0.49259,0.95868,0.92658,1,0.992,0.68197,0.92658,1,0.992,0.98926,1.16655,0.1544,0.07559,0.55156,1.22793,0.00138125,0.00138125,0.00138125
127,410.641,0.78634,0.17096,0.20122,0.50102,0.96794,0.93831,0.97368,0.97042,0.66288,0.92299,1,0.98713,0.98495,1.199,0.14901,0.07655,0.55493,1.25392,0.0013763,0.0013763,0.0013763
128,413.651,0.77505,0.15962,0.22172,0.47504,0.97718,0.97361,0.97105,0.97096,0.67187,0.97361,0.97105,0.98801,0.98268,1.11562,0.13567,0.07694,0.51083,1.21066,0.00137135,0.00137135,0.00137135
129,416.833,0.78283,0.18258,0.19478,0.47117,0.96312,0.97321,0.95629,0.99275,0.67867,0.97321,0.95629,0.99275,0.9789,1.13132,0.14712,0.07906,0.50007,1.20444,0.0013664,0.0013664,0.0013664
130,419.895,0.79392,0.19566,0.18494,0.47612,0.97384,1,0.97082,0.9931,0.67628,1,0.97082,0.9931,0.97731,1.13092,0.15015,0.08172,0.48503,1.22028,0.00136145,0.00136145,0.00136145
131,422.857,0.76005,0.18226,0.1958,0.47797,0.97553,0.97938,0.97368,0.97665,0.66197,0.97938,0.97368,0.99354,0.99077,1.16589,0.13967,0.07904,0.51389,1.24628,0.0013565,0.0013565,0.0013565
132,426.136,0.80603,0.23561,0.22385,0.49442,0.99374,0.9769,0.97368,0.9765,0.66325,0.9769,0.97368,0.9931,0.9868,1.13309,0.1389,0.07431,0.50677,1.23106,0.00135155,0.00135155,0.00135155
133,429.153,0.81953,0.19964,0.19523,0.51256,0.99335,0.97226,0.97368,0.97781,0.67011,0.97226,0.97368,0.9931,0.98693,1.03405,0.14141,0.07457,0.49466,1.19199,0.0013466,0.0013466,0.0013466
134,432.09,0.73154,0.19927,0.19361,0.46347,0.95167,0.97226,0.97368,0.97781,0.67011,0.97226,0.97368,0.9931,0.98693,1.03405,0.14141,0.07457,0.49466,1.19199,0.00134165,0.00134165,0.00134165
135,435.374,0.74802,0.1806,0.19381,0.46451,0.95935,0.96883,0.97368,0.99057,0.67588,0.96883,0.97368,0.99057,0.98417,1.04147,0.13409,0.07374,0.49632,1.2062,0.0013367,0.0013367,0.0013367
136,438.415,0.74741,0.18451,0.20646,0.47749,0.96599,0.9707,0.97368,0.97278,0.6564,0.9707,0.97368,0.98885,0.97677,1.14024,0.13328,0.06906,0.51973,1.2875,0.00133175,0.00133175,0.00133175
137,441.393,0.76294,0.17756,0.19322,0.46921,0.99659,0.97082,0.97368,0.97523,0.66402,0.97082,0.97368,0.99111,0.97855,1.09637,0.12416,0.06624,0.49823,1.27208,0.0013268,0.0013268,0.0013268
138,444.302,0.77348,0.16799,0.18837,0.49675,0.99012,0.97141,0.97368,0.97736,0.68919,0.97141,0.97368,0.994,0.98208,1.04511,0.12107,0.06668,0.48299,1.23873,0.00132185,0.00132185,0.00132185
139,447.194,0.72166,0.16133,0.194,0.45192,0.95313,0.98577,0.97368,0.97629,0.6832,0.98577,0.97368,0.99267,0.98077,1.09343,0.13971,0.07077,0.4821,1.25089,0.0013169,0.0013169,0.0013169
140,450.064,0.75178,0.17331,0.1953,0.47415,0.96712,0.99002,0.97368,0.97636,0.6846,0.99002,0.97368,0.994,0.98366,1.11866,0.15051,0.0699,0.51927,1.275,0.00131195,0.00131195,0.00131195
141,453.117,0.71693,0.15949,0.17657,0.4518,0.95818,0.97904,0.97368,0.9766,0.67483,0.97904,0.97368,0.99354,0.97324,1.14498,0.15669,0.07537,0.52998,1.27505,0.001307,0.001307,0.001307
142,455.903,0.75879,0.17126,0.20651,0.48195,0.98457,0.97904,0.97368,0.9766,0.67483,0.97904,0.97368,0.99354,0.97324,1.14498,0.15669,0.07537,0.52998,1.27505,0.00130205,0.00130205,0.00130205
143,458.777,0.77422,0.16287,0.21646,0.48083,0.98528,0.97252,0.97368,0.97709,0.64364,0.97252,0.97368,0.99354,0.97454,1.19765,0.15068,0.07605,0.52452,1.27628,0.0012971,0.0012971,0.0012971
144,462.024,0.70963,0.17698,0.18324,0.4514,0.97035,0.97749,0.97368,0.97789,0.64837,0.97749,0.97368,0.99354,0.97807,1.15253,0.13568,0.07481,0.51264,1.24249,0.00129215,0.00129215,0.00129215
145,465.105,0.70013,0.17333,0.17454,0.44434,0.94514,0.9807,0.97368,0.9788,0.67847,0.9807,0.97368,0.9931,0.98433,1.12197,0.13271,0.07067,0.494,1.21539,0.0012872,0.0012872,0.0012872
146,468.152,0.73692,0.16503,0.21082,0.44895,0.98338,0.98746,0.97368,0.97922,0.65709,0.98746,0.97368,0.99267,0.97223,1.21144,0.15134,0.07025,0.51552,1.23885,0.00128225,0.00128225,0.00128225
147,471.188,0.72175,0.15931,0.16945,0.45194,0.95046,0.9931,0.97368,0.99051,0.6569,0.9931,0.97368,0.99189,0.97881,1.26621,0.15574,0.07423,0.5677,1.26863,0.0012773,0.0012773,0.0012773
148,474.296,0.78268,0.20409,0.16698,0.45254,0.95343,0.96617,0.97368,0.97812,0.67496,0.96617,0.97368,0.99038,0.98219,1.16113,0.14831,0.0733,0.53185,1.21892,0.00127235,0.00127235,0.00127235
149,477.567,0.73903,0.16915,0.16245,0.45373,0.94398,0.9736,0.97067,0.97738,0.68995,0.9736,0.97067,0.98941,0.98238,1.03711,0.14959,0.07125,0.49176,1.18664,0.0012674,0.0012674,0.0012674
150,480.675,0.79492,0.18199,0.20848,0.4669,0.98833,0.9736,0.97067,0.97738,0.68995,0.9736,0.97067,0.98941,0.98238,1.03711,0.14959,0.07125,0.49176,1.18664,0.00126245,0.00126245,0.00126245
151,483.833,0.74465,0.15653,0.20396,0.45481,0.98314,0.97741,0.94737,0.99002,0.67547,0.97741,0.94737,0.99002,0.98142,1.04801,0.15957,0.07019,0.5022,1.18616,0.0012575,0.0012575,0.0012575
152,487.035,0.76337,0.16318,0.17187,0.47485,0.97196,0.92446,1,0.9908,0.64525,0.94586,1,0.99196,0.98177,1.17681,0.1731,0.07752,0.53329,1.22599,0.00125255,0.00125255,0.00125255
153,490.372,0.72474,0.163,0.20329,0.46132,0.97031,0.9495,0.9898,0.99111,0.64461,0.9495,0.9898,0.99111,0.97162,1.13132,0.16971,0.082,0.52458,1.21426,0.0012476,0.0012476,0.0012476
154,493.629,0.72282,0.17225,0.20684,0.43992,0.96006,0.96687,0.97368,0.99178,0.68384,0.96687,0.97368,0.99178,0.98161,1.05347,0.15384,0.08195,0.49875,1.1897,0.00124265,0.00124265,0.00124265
155,496.855,0.7552,0.16102,0.22963,0.47604,0.98481,0.96795,0.97368,0.97874,0.68435,0.96795,0.97368,0.99099,0.9791,1.07284,0.14901,0.08363,0.51742,1.21967,0.0012377,0.0012377,0.0012377
156,500.231,0.72414,0.15741,0.20704,0.46049,0.95076,0.94118,0.94737,0.95783,0.65968,0.9675,0.97368,0.98854,0.98084,1.18591,0.14316,0.08797,0.52698,1.27868,0.00123275,0.00123275,0.00123275
157,503.613,0.70287,0.15777,0.19524,0.4472,0.94312,0.96788,0.97368,0.98232,0.68829,0.96788,0.97368,0.99222,0.98758,1.07313,0.12373,0.07871,0.49256,1.23485,0.0012278,0.0012278,0.0012278
158,506.42,0.70124,0.15807,0.16955,0.44106,0.92505,0.96788,0.97368,0.98232,0.68829,0.96788,0.97368,0.99222,0.98758,1.07313,0.12373,0.07871,0.49256,1.23485,0.00122285,0.00122285,0.00122285
159,509.284,0.73785,0.16944,0.17378,0.43628,0.9583,0.9697,0.97368,0.97911,0.71658,0.9697,0.97368,0.99222,0.98645,1.04557,0.11319,0.06964,0.46951,1.21007,0.0012179,0.0012179,0.0012179
160,512.204,0.76152,0.16966,0.18485,0.46789,0.95384,0.97054,0.97368,0.97626,0.69267,0.97054,0.97368,0.99231,0.98724,1.10049,0.11757,0.06267,0.48265,1.23739,0.00121295,0.00121295,0.00121295
161,515.26,0.70364,0.14785,0.16332,0.43815,0.925,0.97215,0.97368,0.97693,0.67178,0.97215,0.97368,0.99354,0.98866,1.14579,0.12957,0.06168,0.4954,1.25903,0.001208,0.001208,0.001208
162,518.108,0.75555,0.18859,0.20242,0.47509,0.96787,0.97103,0.97368,0.97585,0.6443,0.97103,0.97368,0.99231,0.98247,1.20764,0.13853,0.06326,0.5235,1.28856,0.00120305,0.00120305,0.00120305
163,521.058,0.69436,0.16334,0.20518,0.44058,0.94602,0.97291,0.97368,0.97645,0.63489,0.97291,0.97368,0.99267,0.98337,1.22555,0.13544,0.06541,0.51619,1.29569,0.0011981,0.0011981,0.0011981
164,524.807,0.71448,0.20376,0.19969,0.44754,0.93861,0.97325,0.97368,0.97981,0.64455,0.97325,0.97368,0.99117,0.98054,1.24662,0.13172,0.07087,0.53687,1.30344,0.00119315,0.00119315,0.00119315
165,530.339,0.7054,0.20213,0.19461,0.46192,0.95853,0.97273,0.97368,0.97898,0.64939,0.97273,0.97368,0.9902,0.97771,1.19418,0.12955,0.07438,0.51551,1.28813,0.0011882,0.0011882,0.0011882
166,533.583,0.66904,0.15517,0.223,0.43743,0.94907,0.97273,0.97368,0.97898,0.64939,0.97273,0.97368,0.9902,0.97771,1.19418,0.12955,0.07438,0.51551,1.28813,0.00118325,0.00118325,0.00118325
167,536.565,0.66057,0.14651,0.18685,0.43122,0.93157,0.97251,0.97368,0.97663,0.68026,0.97251,0.97368,0.98726,0.97325,1.09112,0.13567,0.07692,0.51479,1.23724,0.0011783,0.0011783,0.0011783
168,539.617,0.65558,0.15097,0.18816,0.43391,0.9586,0.97136,0.97368,0.97552,0.70367,0.97136,0.97368,0.98679,0.97418,1.00826,0.13803,0.07267,0.49519,1.21772,0.00117335,0.00117335,0.00117335
169,542.533,0.74369,0.15632,0.17425,0.46146,0.96822,0.97138,0.97368,0.97588,0.68741,0.97138,0.97368,0.98859,0.9762,1.07812,0.14373,0.07261,0.51764,1.25514,0.0011684,0.0011684,0.0011684
170,545.562,0.68224,0.15734,0.20189,0.42729,0.93187,0.9718,0.97368,0.97535,0.67945,0.9718,0.97368,0.98636,0.97595,1.1641,0.14365,0.07661,0.54527,1.29993,0.00116345,0.00116345,0.00116345
171,548.779,0.66622,0.13387,0.18511,0.43372,0.9471,0.97177,0.97368,0.96626,0.67616,0.97177,0.97368,0.98125,0.97129,1.16049,0.14038,0.07948,0.53647,1.30447,0.0011585,0.0011585,0.0011585
172,551.814,0.70688,0.17732,0.19296,0.45062,0.97123,0.97214,0.97368,0.9733,0.67474,0.97214,0.97368,0.98512,0.97692,1.09604,0.13853,0.08303,0.50328,1.24899,0.00115355,0.00115355,0.00115355
173,555.253,0.67354,0.13556,0.18332,0.42588,0.9317,0.97178,0.97368,0.97827,0.70324,0.97429,0.99747,0.98628,0.97945,1.03267,0.12988,0.08183,0.49141,1.21545,0.0011486,0.0011486,0.0011486
174,558.405,0.72238,0.15543,0.21031,0.45376,0.97014,0.97178,0.97368,0.97827,0.70324,0.97429,0.99747,0.98628,0.97945,1.03267,0.12988,0.08183,0.49141,1.21545,0.00114365,0.00114365,0.00114365
175,561.46,0.67923,0.12429,0.18551,0.4406,0.94473,0.97141,0.97368,0.97801,0.69051,0.9743,0.99754,0.98167,0.97486,1.08423,0.12917,0.08039,0.48996,1.24461,0.0011387,0.0011387,0.0011387
176,564.716,0.70902,0.15525,0.19146,0.4391,0.94937,0.97127,0.97368,0.97573,0.6891,0.97432,0.99865,0.97756,0.97598,1.11088,0.12621,0.07553,0.51766,1.26674,0.00113375,0.00113375,0.00113375
177,567.82,0.71637,0.15607,0.18595,0.42994,0.93955,0.97167,0.97368,0.96095,0.67197,0.97432,0.9986,0.97628,0.97083,1.13451,0.12204,0.07135,0.50888,1.2767,0.0011288,0.0011288,0.0011288
178,571.008,0.73816,0.14472,0.20606,0.44665,0.95908,0.97181,0.97368,0.97441,0.70591,0.97432,0.99858,0.97628,0.97055,1.0945,0.11589,0.06875,0.5021,1.2376,0.00112385,0.00112385,0.00112385
179,574.055,0.64267,0.143,0.16371,0.41329,0.93126,0.97184,0.97368,0.96192,0.70008,0.97432,0.99848,0.97679,0.97128,1.09643,0.11028,0.06672,0.50636,1.23921,0.0011189,0.0011189,0.0011189
180,577.1,0.6955,0.17721,0.21357,0.4365,0.96285,0.97119,0.97368,0.96736,0.70703,0.97434,0.99916,0.97833,0.97542,1.11917,0.10941,0.06837,0.51574,1.24331,0.00111395,0.00111395,0.00111395
181,580.199,0.69725,0.14583,0.18159,0.44776,0.94178,0.9708,0.97368,0.97959,0.69871,0.97434,0.99921,0.9809,0.97523,1.04888,0.11635,0.06954,0.47621,1.20901,0.001109,0.001109,0.001109
182,583.123,0.67926,0.15146,0.17799,0.42911,0.93357,0.9708,0.97368,0.97959,0.69871,0.97434,0.99921,0.9809,0.97523,1.04888,0.11635,0.06954,0.47621,1.20901,0.00110405,0.00110405,0.00110405
183,586.249,0.68906,0.19396,0.2209,0.44461,0.96188,0.97055,0.97368,0.97788,0.67917,0.97433,0.99902,0.98218,0.97638,1.08595,0.12161,0.06959,0.50864,1.23263,0.0010991,0.0010991,0.0010991
184,589.339,0.6921,0.15978,0.18241,0.44714,0.95444,0.96972,0.97368,0.97915,0.6731,0.97434,0.99927,0.9809,0.97217,1.09563,0.12762,0.06844,0.51001,1.23604,0.00109415,0.00109415,0.00109415
185,592.416,0.69293,0.1416,0.18271,0.44754,0.94491,0.9691,0.97368,0.97783,0.6717,0.97431,0.99824,0.97962,0.9739,1.08526,0.12532,0.06812,0.51015,1.24038,0.0010892,0.0010892,0.0010892
186,595.944,0.66927,0.15872,0.16748,0.43818,0.93979,0.96824,0.97368,0.98067,0.67782,0.97434,0.99925,0.98577,0.97528,1.07466,0.13172,0.07026,0.50426,1.24061,0.00108425,0.00108425,0.00108425
187,599.091,0.68505,0.13532,0.1934,0.42911,0.95664,0.97047,0.97368,0.98863,0.6742,0.97427,0.99669,0.99167,0.98157,1.12614,0.1395,0.07355,0.50886,1.25019,0.0010793,0.0010793,0.0010793
188,602.711,0.65042,0.14847,0.18927,0.41995,0.91939,0.97102,0.97368,0.99178,0.68911,0.97102,0.97368,0.99268,0.98501,1.06924,0.1428,0.07503,0.47183,1.20917,0.00107435,0.00107435,0.00107435
189,606.158,0.67721,0.14188,0.18328,0.4399,0.95196,0.97088,0.97368,0.99231,0.70922,0.97431,0.99811,0.99372,0.98649,1.00996,0.13015,0.07034,0.44189,1.18829,0.0010694,0.0010694,0.0010694
190,609.556,0.61625,0.14474,0.16384,0.40369,0.926,0.97088,0.97368,0.99231,0.70922,0.97431,0.99811,0.99372,0.98649,1.00996,0.13015,0.07034,0.44189,1.18829,0.00106445,0.00106445,0.00106445
191,612.969,0.642,0.14174,0.17131,0.42516,0.94924,0.96977,0.97368,0.9875,0.69518,0.97432,0.99835,0.99321,0.9859,1.06261,0.12037,0.06767,0.45969,1.21181,0.0010595,0.0010595,0.0010595
192,616,0.66402,0.12457,0.18852,0.4062,0.9122,0.94992,1,0.99111,0.69617,0.94992,1,0.99111,0.98876,1.07093,0.11442,0.06822,0.48152,1.21409,0.00105455,0.00105455,0.00105455
193,618.894,0.63926,0.14754,0.20375,0.42134,0.94171,0.94992,0.99827,0.99268,0.69491,0.94992,0.99827,0.99268,0.98467,1.05173,0.11506,0.06664,0.47599,1.21639,0.0010496,0.0010496,0.0010496
194,622.078,0.61924,0.12954,0.17539,0.39293,0.92726,0.95,0.99997,0.98979,0.68876,0.95,0.99997,0.98979,0.97769,1.02683,0.11688,0.0644,0.47513,1.21067,0.00104465,0.00104465,0.00104465
195,625.106,0.67532,0.1569,0.16838,0.4303,0.94963,0.94852,0.96986,0.98328,0.67796,0.94702,1,0.98899,0.9769,1.09198,0.12457,0.06187,0.49469,1.25923,0.0010397,0.0010397,0.0010397
196,628.562,0.69352,0.14205,0.17742,0.43091,0.93402,0.94847,0.96883,0.98129,0.67044,0.94191,1,0.98899,0.97777,1.10137,0.12964,0.06281,0.51625,1.28816,0.00103475,0.00103475,0.00103475
197,631.881,0.65689,0.14852,0.17527,0.43059,0.89799,0.96913,0.94737,0.97886,0.66181,0.94902,1,0.98899,0.97883,1.10193,0.13013,0.06082,0.5158,1.27873,0.0010298,0.0010298,0.0010298
198,634.97,0.6587,0.13535,0.16252,0.41944,0.92826,0.96913,0.94737,0.97886,0.66181,0.94902,1,0.98899,0.97883,1.10193,0.13013,0.06082,0.5158,1.27873,0.00102485,0.00102485,0.00102485
199,638.323,0.66814,0.13109,0.17758,0.42273,0.95375,0.9703,0.94737,0.97834,0.65297,0.97361,0.97096,0.99099,0.97792,1.08448,0.12857,0.05997,0.51603,1.26719,0.0010199,0.0010199,0.0010199
200,641.264,0.64867,0.13214,0.15208,0.40829,0.92146,0.97082,0.94737,0.96776,0.66365,0.97082,0.94737,0.98873,0.9838,1.08454,0.13187,0.06516,0.51543,1.25268,0.00101495,0.00101495,0.00101495
201,644.248,0.65354,0.13917,0.18789,0.42788,0.93163,0.97101,0.94737,0.97152,0.66942,0.97101,0.94737,0.99019,0.98588,1.07832,0.13389,0.06614,0.52625,1.2571,0.00101,0.00101,0.00101
202,647.389,0.63908,0.17528,0.19757,0.4136,0.93794,0.96998,0.94737,0.97376,0.67895,0.97364,0.97207,0.99178,0.99026,1.06439,0.12383,0.06208,0.5172,1.25418,0.00100505,0.00100505,0.00100505
203,650.726,0.63338,0.14012,0.17403,0.408,0.94257,0.94861,0.97159,0.97571,0.68494,0.97431,0.99791,0.99321,0.98812,1.0689,0.11551,0.05995,0.49497,1.26269,0.0010001,0.0010001,0.0010001
204,654.446,0.65117,0.1354,0.19112,0.41288,0.94374,0.97359,0.97025,0.97322,0.68312,0.97081,1,0.98962,0.9873,1.04528,0.11458,0.06118,0.48543,1.22908,0.00099515,0.00099515,0.00099515
205,657.743,0.64541,0.13045,0.18118,0.43598,0.95083,0.9734,0.97368,0.96779,0.67892,0.97305,1,0.98423,0.9767,1.06184,0.12125,0.06668,0.47816,1.24162,0.0009902,0.0009902,0.0009902
206,660.538,0.67353,0.17627,0.19677,0.42442,0.94456,0.9734,0.97368,0.96779,0.67892,0.97305,1,0.98423,0.9767,1.06184,0.12125,0.06668,0.47816,1.24162,0.00098525,0.00098525,0.00098525
207,663.554,0.61594,0.12908,0.16229,0.40862,0.91915,0.97135,0.97368,0.96363,0.68713,0.97247,1,0.98038,0.97309,1.05943,0.12034,0.06787,0.49444,1.24945,0.0009803,0.0009803,0.0009803
208,666.524,0.64681,0.12222,0.18662,0.42817,0.94354,0.96997,0.97368,0.96443,0.69202,0.97406,1,0.9809,0.97306,1.03578,0.12239,0.06713,0.46994,1.24772,0.00097535,0.00097535,0.00097535
209,669.541,0.62915,0.15602,0.18097,0.41227,0.92817,0.97078,0.97368,0.97179,0.68294,0.97423,0.99481,0.98782,0.97789,1.06046,0.11795,0.06523,0.46695,1.25728,0.0009704,0.0009704,0.0009704
210,672.628,0.61496,0.13713,0.16641,0.40003,0.90822,0.97012,0.97368,0.97351,0.68474,0.97012,0.97368,0.98854,0.98128,1.07249,0.10807,0.05952,0.47864,1.26044,0.00096545,0.00096545,0.00096545
211,675.926,0.62226,0.13963,0.17149,0.40403,0.91447,0.96462,0.97368,0.97466,0.68598,0.94988,0.9976,0.99058,0.98858,1.05572,0.10695,0.05461,0.47724,1.26813,0.0009605,0.0009605,0.0009605
212,678.919,0.67312,0.13568,0.18919,0.41674,0.94003,0.95733,0.97368,0.97544,0.67874,0.95733,0.97368,0.99099,0.98608,1.05919,0.10889,0.0528,0.47989,1.25572,0.00095555,0.00095555,0.00095555
213,681.936,0.64881,0.15067,0.17043,0.42022,0.9274,0.96824,0.97368,0.97654,0.67529,0.96824,0.97368,0.99275,0.98759,1.09408,0.11394,0.05555,0.50617,1.27309,0.0009506,0.0009506,0.0009506
214,684.773,0.61358,0.13466,0.17813,0.40552,0.92243,0.96824,0.97368,0.97654,0.67529,0.96824,0.97368,0.99275,0.98759,1.09408,0.11394,0.05555,0.50617,1.27309,0.00094565,0.00094565,0.00094565
215,687.523,0.59084,0.12327,0.17266,0.3907,0.90232,0.97223,0.97368,0.97713,0.66034,0.97223,0.97368,0.9931,0.98733,1.1024,0.11927,0.05816,0.51287,1.28284,0.0009407,0.0009407,0.0009407
216,690.46,0.66439,0.1274,0.18252,0.41455,0.9271,0.97194,0.97368,0.97715,0.66105,0.97194,0.97368,0.9931,0.98593,1.0871,0.12266,0.05911,0.50726,1.28088,0.00093575,0.00093575,0.00093575
217,693.313,0.61131,0.1382,0.18317,0.40918,0.91754,0.97058,0.97368,0.97652,0.66131,0.97058,0.97368,0.99275,0.98523,1.117,0.12938,0.06138,0.51031,1.29406,0.0009308,0.0009308,0.0009308
218,696.206,0.61909,0.14624,0.19635,0.40484,0.91725,0.9707,0.97368,0.97536,0.65496,0.9707,0.97368,0.99143,0.97838,1.13172,0.12464,0.06118,0.50681,1.29884,0.00092585,0.00092585,0.00092585
219,699.206,0.60591,0.1364,0.18896,0.40136,0.91777,0.97055,0.97368,0.97321,0.67018,0.97055,0.97368,0.98933,0.97686,1.09224,0.12156,0.06005,0.49443,1.27715,0.0009209,0.0009209,0.0009209
220,702.008,0.59637,0.13209,0.16611,0.37816,0.88973,0.97113,0.97368,0.97223,0.66743,0.97113,0.97368,0.98757,0.97548,1.04574,0.12031,0.05927,0.48708,1.25638,0.00091595,0.00091595,0.00091595
221,704.835,0.57154,0.14155,0.19323,0.38148,0.91045,0.97146,0.97368,0.97138,0.65804,0.97146,0.97368,0.98583,0.9824,1.05071,0.11745,0.05816,0.47184,1.24575,0.000911,0.000911,0.000911
222,707.589,0.57492,0.12561,0.18217,0.38637,0.91792,0.97146,0.97368,0.97138,0.65804,0.97146,0.97368,0.98583,0.9824,1.05071,0.11745,0.05816,0.47184,1.24575,0.00090605,0.00090605,0.00090605
223,710.602,0.60478,0.14638,0.19299,0.41245,0.92515,0.97158,0.97368,0.98715,0.6646,0.97158,0.97368,0.98715,0.9843,1.06421,0.12189,0.06092,0.49033,1.25281,0.0009011,0.0009011,0.0009011
224,713.547,0.58094,0.1189,0.17055,0.38132,0.90141,0.97101,0.97368,0.9881,0.65902,0.97101,0.97368,0.9881,0.98228,1.07651,0.12133,0.06168,0.48966,1.27224,0.00089615,0.00089615,0.00089615
225,716.613,0.61363,0.13243,0.17875,0.40113,0.91746,0.96911,0.97368,0.98625,0.66684,0.96911,0.97368,0.98625,0.97765,1.06707,0.11565,0.05705,0.47435,1.27489,0.0008912,0.0008912,0.0008912
226,719.497,0.62241,0.11865,0.18392,0.42868,0.96291,0.96906,0.97368,0.97063,0.67383,0.96906,0.97368,0.98425,0.9761,1.07149,0.11605,0.05376,0.46358,1.27173,0.00088625,0.00088625,0.00088625
227,722.376,0.62943,0.14056,0.18787,0.40602,0.93906,0.971,0.97368,0.97218,0.67172,0.971,0.97368,0.98583,0.97163,1.12807,0.12356,0.0569,0.4972,1.30497,0.0008813,0.0008813,0.0008813
228,725.259,0.59949,0.134,0.15437,0.38739,0.91575,0.97176,0.97368,0.97334,0.66368,0.97176,0.97368,0.98801,0.97297,1.11636,0.1229,0.05993,0.48511,1.30001,0.00087635,0.00087635,0.00087635
229,728.182,0.59799,0.1331,0.17162,0.40632,0.93098,0.97167,0.97368,0.96777,0.67726,0.97167,0.97368,0.98347,0.97084,1.0692,0.11798,0.06218,0.463,1.28434,0.0008714,0.0008714,0.0008714
230,730.973,0.60622,0.12121,0.17435,0.40563,0.91264,0.97167,0.97368,0.96777,0.67726,0.97167,0.97368,0.98347,0.97084,1.0692,0.11798,0.06218,0.463,1.28434,0.00086645,0.00086645,0.00086645
231,734.038,0.59534,0.12315,0.15457,0.40008,0.9269,0.97143,0.97368,0.96619,0.66924,0.94992,0.99832,0.98216,0.96988,1.05966,0.12176,0.06517,0.4712,1.27864,0.0008615,0.0008615,0.0008615
232,736.918,0.62319,0.1318,0.15558,0.41618,0.91811,0.972,0.97368,0.96536,0.66326,0.94987,0.99739,0.98137,0.97302,1.10707,0.1274,0.06473,0.48498,1.30515,0.00085655,0.00085655,0.00085655
233,739.809,0.59276,0.12172,0.16895,0.37951,0.91996,0.97166,0.97368,0.96514,0.65606,0.94984,0.99673,0.98137,0.97423,1.11561,0.12947,0.06067,0.48989,1.31024,0.0008516,0.0008516,0.0008516
234,742.592,0.58732,0.12411,0.17916,0.3884,0.90252,0.97109,0.97368,0.97836,0.65663,0.97109,0.97368,0.98216,0.97469,1.08897,0.12613,0.05802,0.47892,1.28871,0.00084665,0.00084665,0.00084665
235,745.6,0.57553,0.11919,0.15531,0.38493,0.90541,0.97077,0.97368,0.97704,0.67084,0.97077,0.97368,0.98084,0.97626,1.06847,0.12484,0.05803,0.4708,1.26374,0.0008417,0.0008417,0.0008417
236,748.537,0.54933,0.12207,0.17561,0.3761,0.89832,0.97082,0.97368,0.97867,0.66053,0.97082,0.97368,0.98125,0.97381,1.07729,0.12738,0.05829,0.49263,1.25364,0.00083675,0.00083675,0.00083675
237,751.535,0.60864,0.12086,0.18615,0.40577,0.92805,0.97059,0.97368,0.97978,0.66319,0.97059,0.97368,0.98162,0.97935,1.07231,0.13437,0.0595,0.50674,1.25452,0.0008318,0.0008318,0.0008318
238,754.573,0.5803,0.12297,0.14685,0.39575,0.90469,0.97059,0.97368,0.97978,0.66319,0.97059,0.97368,0.98162,0.97935,1.07231,0.13437,0.0595,0.50674,1.25452,0.00082685,0.00082685,0.00082685
239,757.478,0.55422,0.11369,0.16679,0.38986,0.92547,0.9712,0.97368,0.9726,0.67215,0.9712,0.97368,0.98373,0.97631,1.07057,0.13746,0.06107,0.51865,1.26146,0.0008219,0.0008219,0.0008219
240,760.39,0.59369,0.13539,0.18153,0.3892,0.91963,0.97363,0.97174,0.96538,0.67489,0.97363,0.97174,0.98004,0.97292,1.05132,0.13929,0.06188,0.49608,1.2491,0.00081695,0.00081695,0.00081695
241,763.15,0.57392,0.12107,0.17605,0.38469,0.90369,0.96291,0.97368,0.96053,0.67056,0.96291,0.97368,0.97485,0.9679,1.06543,0.13151,0.06201,0.49336,1.2474,0.000812,0.000812,0.000812
242,766.091,0.61037,0.14633,0.15928,0.42533,0.92275,0.96632,0.97368,0.96037,0.67584,0.96632,0.97368,0.97406,0.96644,1.06236,0.12605,0.05863,0.48988,1.24318,0.00080705,0.00080705,0.00080705
243,769.04,0.57308,0.1107,0.14625,0.39378,0.88428,0.97033,0.97368,0.96021,0.67507,0.97033,0.97368,0.97354,0.96548,1.07315,0.12368,0.05572,0.47826,1.24783,0.0008021,0.0008021,0.0008021
244,772.251,0.57659,0.138,0.17797,0.39143,0.91547,0.97108,0.97368,0.95744,0.66253,0.94985,0.99696,0.97111,0.96653,1.10152,0.11957,0.05555,0.48193,1.25961,0.00079715,0.00079715,0.00079715
245,775.196,0.58688,0.1228,0.15575,0.39629,0.90857,0.97154,0.97368,0.95788,0.67923,0.97154,0.97368,0.97111,0.96728,1.08153,0.10916,0.05864,0.47097,1.2393,0.0007922,0.0007922,0.0007922
246,778.086,0.58299,0.12562,0.1771,0.39304,0.9202,0.97154,0.97368,0.95788,0.67923,0.97154,0.97368,0.97111,0.96728,1.08153,0.10916,0.05864,0.47097,1.2393,0.00078725,0.00078725,0.00078725
247,780.893,0.56449,0.12736,0.16735,0.39165,0.9096,0.97213,0.97368,0.9656,0.6834,0.97213,0.97368,0.97783,0.97422,1.09899,0.10963,0.06344,0.48397,1.24694,0.0007823,0.0007823,0.0007823
248,783.977,0.58001,0.10758,0.15055,0.39224,0.90741,0.97277,0.97368,0.98415,0.67638,0.97277,0.97368,0.98415,0.98238,1.13049,0.11931,0.06923,0.48855,1.27553,0.00077735,0.00077735,0.00077735
249,787.056,0.56472,0.12705,0.16277,0.38152,0.90224,0.97248,0.97368,0.97166,0.6747,0.97248,0.97368,0.98467,0.98072,1.14767,0.11031,0.06397,0.49499,1.2922,0.0007724,0.0007724,0.0007724
250,790.202,0.57847,0.12508,0.15659,0.38724,0.90227,0.97184,0.97368,0.97402,0.68846,0.97184,0.97368,0.98678,0.98497,1.11745,0.11135,0.05769,0.48392,1.27838,0.00076745,0.00076745,0.00076745
251,793.27,0.56975,0.12492,0.17525,0.39445,0.9032,0.97062,0.97368,0.97517,0.7036,0.97062,0.97368,0.98801,0.98399,1.06917,0.10768,0.0513,0.47591,1.24756,0.0007625,0.0007625,0.0007625
252,796.258,0.57118,0.13854,0.16864,0.3838,0.91547,0.96945,0.97368,0.98854,0.69349,0.96945,0.97368,0.98854,0.98854,1.05344,0.11206,0.05021,0.48081,1.24985,0.00075755,0.00075755,0.00075755
253,799.218,0.55543,0.10556,0.16248,0.37002,0.88672,0.96922,0.97368,0.97514,0.6859,0.94983,0.99649,0.989,0.98614,1.05969,0.11606,0.05028,0.46877,1.26169,0.0007526,0.0007526,0.0007526
254,802.13,0.57595,0.13499,0.15066,0.37944,0.8965,0.96922,0.97368,0.97514,0.6859,0.94983,0.99649,0.989,0.98614,1.05969,0.11606,0.05028,0.46877,1.26169,0.00074765,0.00074765,0.00074765
255,805.087,0.56632,0.14681,0.16846,0.37909,0.89447,0.97091,0.97368,0.98583,0.68795,0.97091,0.97368,0.98854,0.98854,1.06446,0.10901,0.0527,0.46248,1.26386,0.0007427,0.0007427,0.0007427
256,808.12,0.55755,0.11222,0.1594,0.37098,0.89875,0.97277,0.97368,0.97679,0.68284,0.97277,0.97368,0.99064,0.98809,1.07486,0.10683,0.05662,0.46838,1.28474,0.00073775,0.00073775,0.00073775
257,811.284,0.58492,0.10979,0.13795,0.39013,0.89236,0.97366,0.97277,0.98899,0.68403,0.97366,0.97277,0.9902,0.98452,1.09949,0.10844,0.05719,0.48844,1.30538,0.0007328,0.0007328,0.0007328
258,815.101,0.53878,0.12014,0.1466,0.37286,0.89647,0.97285,0.94305,0.97683,0.67789,0.97285,0.94305,0.99102,0.98494,1.08388,0.11079,0.05338,0.48914,1.29813,0.00072785,0.00072785,0.00072785
259,821.397,0.56053,0.11077,0.16914,0.38397,0.89394,0.96997,0.97368,0.97711,0.6953,0.96997,0.97368,0.99222,0.98257,1.04031,0.11322,0.05167,0.46459,1.26313,0.0007229,0.0007229,0.0007229
260,827.198,0.55549,0.12201,0.16877,0.37628,0.88384,0.96909,0.97368,0.9767,0.69617,0.97425,0.99591,0.99321,0.98153,1.0384,0.11578,0.05224,0.46812,1.254,0.00071795,0.00071795,0.00071795
261,832.954,0.54889,0.10809,0.15905,0.36605,0.91059,0.96934,0.97368,0.97385,0.68576,0.97429,0.99736,0.99038,0.98238,1.04633,0.11185,0.05519,0.48433,1.24579,0.000713,0.000713,0.000713
262,837.06,0.54872,0.1172,0.17327,0.36469,0.89806,0.96934,0.97368,0.97385,0.68576,0.97429,0.99736,0.99038,0.98238,1.04633,0.11185,0.05519,0.48433,1.24579,0.00070805,0.00070805,0.00070805
263,842.212,0.58565,0.12375,0.15442,0.38217,0.90583,0.96849,0.97368,0.9698,0.68429,0.96849,0.97368,0.98512,0.9794,1.04605,0.11312,0.05701,0.48479,1.24613,0.0007031,0.0007031,0.0007031
264,848.573,0.5681,0.10452,0.14429,0.38079,0.92398,0.96606,0.97368,0.97552,0.69259,0.96606,0.97368,0.98512,0.97605,1.04473,0.11636,0.05917,0.47956,1.24046,0.00069815,0.00069815,0.00069815
265,858.42,0.55568,0.11637,0.15614,0.36911,0.87616,0.96484,0.97368,0.97186,0.67917,0.96484,0.97368,0.98204,0.97102,1.04643,0.11461,0.05853,0.47645,1.25157,0.0006932,0.0006932,0.0006932
266,870.293,0.58108,0.12345,0.18486,0.38466,0.90315,0.96563,0.97368,0.96527,0.68041,0.96563,0.97368,0.97915,0.97389,1.03848,0.11553,0.05592,0.46399,1.26053,0.00068825,0.00068825,0.00068825
267,875.331,0.56506,0.13357,0.16614,0.3714,0.89397,0.96664,0.97368,0.96273,0.67919,0.94985,0.99685,0.97742,0.96909,1.04499,0.11716,0.05523,0.45841,1.26447,0.0006833,0.0006833,0.0006833
268,878.736,0.55535,0.11014,0.18435,0.37514,0.9158,0.96878,0.97368,0.96124,0.69004,0.94991,0.99815,0.97584,0.96757,1.03502,0.11516,0.05405,0.43244,1.23971,0.00067835,0.00067835,0.00067835
269,882.356,0.51767,0.10646,0.1386,0.35501,0.88624,0.97033,0.97368,0.96016,0.70062,0.94997,0.99944,0.97453,0.96185,1.01404,0.11642,0.05036,0.42242,1.21425,0.0006734,0.0006734,0.0006734
270,885.409,0.51656,0.1117,0.1659,0.35441,0.88222,0.97033,0.97368,0.96016,0.70062,0.94997,0.99944,0.97453,0.96185,1.01404,0.11642,0.05036,0.42242,1.21425,0.00066845,0.00066845,0.00066845
271,888.484,0.53309,0.10459,0.14753,0.36955,0.87608,0.9712,0.97368,0.95664,0.70474,0.9712,0.97368,0.97111,0.95211,1.01394,0.11537,0.04961,0.43018,1.21349,0.0006635,0.0006635,0.0006635
272,891.543,0.53628,0.10196,0.15678,0.36678,0.89601,0.97098,0.97368,0.95537,0.69939,0.97431,0.99803,0.97141,0.95747,1.02405,0.11586,0.05072,0.44642,1.22683,0.00065855,0.00065855,0.00065855
273,894.451,0.54037,0.12059,0.14402,0.36677,0.89107,0.97059,0.97368,0.95502,0.67083,0.97433,0.99886,0.97141,0.96383,1.06646,0.11837,0.05404,0.4698,1.25627,0.0006536,0.0006536,0.0006536
