{
  "version": "3.1.1",
  "flags": {},
  "shapes": [
    {
      "label": "fish",
      "score": null,
      "points": [
        [
          1427.0,
          295.0
        ],
        [
          1427.0,
          297.0
        ],
        [
          1426.0,
          298.0
        ],
        [
          1426.0,
          300.0
        ],
        [
          1424.0,
          302.0
        ],
        [
          1424.0,
          305.0
        ],
        [
          1425.0,
          306.0
        ],
        [
          1425.0,
          309.0
        ],
        [
          1428.0,
          312.0
        ],
        [
          1429.0,
          312.0
        ],
        [
          1430.0,
          313.0
        ],
        [
          1431.0,
          313.0
        ],
        [
          1432.0,
          314.0
        ],
        [
          1433.0,
          314.0
        ],
        [
          1434.0,
          315.0
        ],
        [
          1435.0,
          315.0
        ],
        [
          1436.0,
          316.0
        ],
        [
          1439.0,
          317.0
        ],
        [
          1444.0,
          321.0
        ],
        [
          1446.0,
          321.0
        ],
        [
          1447.0,
          322.0
        ],
        [
          1448.0,
          322.0
        ],
        [
          1449.0,
          323.0
        ],
        [
          1450.0,
          323.0
        ],
        [
          1451.0,
          324.0
        ],
        [
          1452.0,
          324.0
        ],
        [
          1453.0,
          325.0
        ],
        [
          1456.0,
          326.0
        ],
        [
          1459.0,
          329.0
        ],
        [
          1460.0,
          329.0
        ],
        [
          1461.0,
          330.0
        ],
        [
          1462.0,
          330.0
        ],
        [
          1463.0,
          331.0
        ],
        [
          1464.0,
          331.0
        ],
        [
          1469.0,
          334.0
        ],
        [
          1471.0,
          334.0
        ],
        [
          1474.0,
          336.0
        ],
        [
          1476.0,
          336.0
        ],
        [
          1477.0,
          337.0
        ],
        [
          1478.0,
          337.0
        ],
        [
          1479.0,
          338.0
        ],
        [
          1480.0,
          338.0
        ],
        [
          1481.0,
          339.0
        ],
        [
          1484.0,
          340.0
        ],
        [
          1486.0,
          342.0
        ],
        [
          1487.0,
          342.0
        ],
        [
          1488.0,
          343.0
        ],
        [
          1489.0,
          343.0
        ],
        [
          1490.0,
          344.0
        ],
        [
          1493.0,
          345.0
        ],
        [
          1495.0,
          347.0
        ],
        [
          1496.0,
          347.0
        ],
        [
          1497.0,
          348.0
        ],
        [
          1499.0,
          348.0
        ],
        [
          1500.0,
          349.0
        ],
        [
          1502.0,
          349.0
        ],
        [
          1503.0,
          350.0
        ],
        [
          1504.0,
          350.0
        ],
        [
          1505.0,
          351.0
        ],
        [
          1506.0,
          351.0
        ],
        [
          1507.0,
          352.0
        ],
        [
          1508.0,
          352.0
        ],
        [
          1513.0,
          355.0
        ],
        [
          1515.0,
          355.0
        ],
        [
          1516.0,
          356.0
        ],
        [
          1518.0,
          356.0
        ],
        [
          1519.0,
          357.0
        ],
        [
          1521.0,
          357.0
        ],
        [
          1522.0,
          358.0
        ],
        [
          1525.0,
          358.0
        ],
        [
          1526.0,
          359.0
        ],
        [
          1528.0,
          359.0
        ],
        [
          1529.0,
          360.0
        ],
        [
          1531.0,
          360.0
        ],
        [
          1532.0,
          361.0
        ],
        [
          1535.0,
          361.0
        ],
        [
          1536.0,
          362.0
        ],
        [
          1542.0,
          362.0
        ],
        [
          1543.0,
          363.0
        ],
        [
          1547.0,
          363.0
        ],
        [
          1548.0,
          364.0
        ],
        [
          1551.0,
          364.0
        ],
        [
          1552.0,
          365.0
        ],
        [
          1562.0,
          365.0
        ],
        [
          1563.0,
          364.0
        ],
        [
          1568.0,
          364.0
        ],
        [
          1569.0,
          363.0
        ],
        [
          1571.0,
          363.0
        ],
        [
          1572.0,
          362.0
        ],
        [
          1572.0,
          360.0
        ],
        [
          1573.0,
          359.0
        ],
        [
          1573.0,
          357.0
        ],
        [
          1574.0,
          356.0
        ],
        [
          1573.0,
          355.0
        ],
        [
          1573.0,
          354.0
        ],
        [
          1564.0,
          345.0
        ],
        [
          1563.0,
          345.0
        ],
        [
          1559.0,
          341.0
        ],
        [
          1558.0,
          341.0
        ],
        [
          1555.0,
          338.0
        ],
        [
          1553.0,
          338.0
        ],
        [
          1552.0,
          337.0
        ],
        [
          1551.0,
          337.0
        ],
        [
          1546.0,
          334.0
        ],
        [
          1544.0,
          334.0
        ],
        [
          1543.0,
          333.0
        ],
        [
          1541.0,
          333.0
        ],
        [
          1540.0,
          332.0
        ],
        [
          1537.0,
          332.0
        ],
        [
          1536.0,
          331.0
        ],
        [
          1534.0,
          331.0
        ],
        [
          1533.0,
          330.0
        ],
        [
          1531.0,
          330.0
        ],
        [
          1526.0,
          327.0
        ],
        [
          1524.0,
          327.0
        ],
        [
          1523.0,
          326.0
        ],
        [
          1520.0,
          326.0
        ],
        [
          1519.0,
          325.0
        ],
        [
          1516.0,
          325.0
        ],
        [
          1515.0,
          324.0
        ],
        [
          1501.0,
          324.0
        ],
        [
          1500.0,
          323.0
        ],
        [
          1491.0,
          323.0
        ],
        [
          1490.0,
          322.0
        ],
        [
          1485.0,
          322.0
        ],
        [
          1484.0,
          321.0
        ],
        [
          1481.0,
          321.0
        ],
        [
          1480.0,
          320.0
        ],
        [
          1476.0,
          320.0
        ],
        [
          1475.0,
          319.0
        ],
        [
          1473.0,
          319.0
        ],
        [
          1472.0,
          318.0
        ],
        [
          1471.0,
          318.0
        ],
        [
          1470.0,
          317.0
        ],
        [
          1469.0,
          317.0
        ],
        [
          1464.0,
          314.0
        ],
        [
          1462.0,
          314.0
        ],
        [
          1461.0,
          313.0
        ],
        [
          1460.0,
          313.0
        ],
        [
          1455.0,
          310.0
        ],
        [
          1452.0,
          310.0
        ],
        [
          1451.0,
          309.0
        ],
        [
          1449.0,
          309.0
        ],
        [
          1447.0,
          307.0
        ],
        [
          1446.0,
          307.0
        ],
        [
          1445.0,
          306.0
        ],
        [
          1445.0,
          305.0
        ],
        [
          1435.0,
          295.0
        ],
        [
          1434.0,
          295.0
        ],
        [
          1433.0,
          294.0
        ],
        [
          1429.0,
          294.0
        ],
        [
          1428.0,
          295.0
        ]
      ],
      "group_id": null,
      "description": "",
      "difficult": false,
      "shape_type": "polygon",
      "flags": {},
      "attributes": {},
      "kie_linking": []
    },
    {
      "label": "fish",
      "score": null,
      "points": [
        [
          1700.9009009009008,
          292.70270270270277
        ],
        [
          1675.6756756756756,
          285.4954954954955
        ],
        [
          1658.5585585585584,
          278.2882882882883
        ],
        [
          1647.7477477477476,
          267.4774774774775
        ],
        [
          1653.153153153153,
          284.59459459459464
        ],
        [
          1618.9189189189187,
          289.09909909909913
        ],
        [
          1590.09009009009,
          297.20720720720726
        ],
        [
          1606.3063063063062,
          302.6126126126126
        ],
        [
          1641.4414414414414,
          306.21621621621625
        ],
        [
          1681.9819819819818,
          308.01801801801804
        ]
      ],
      "group_id": null,
      "description": "",
      "difficult": false,
      "shape_type": "polygon",
      "flags": {},
      "attributes": {},
      "kie_linking": []
    },
    {
      "label": "fish",
      "score": null,
      "points": [
        [
          1682.8828828828828,
          103.51351351351359
        ],
        [
          1667.5675675675675,
          120.6306306306307
        ],
        [
          1669.3693693693692,
          136.84684684684692
        ],
        [
          1670.2702702702702,
          154.86486486486493
        ],
        [
          1658.5585585585584,
          161.17117117117124
        ],
        [
          1672.972972972973,
          164.77477477477484
        ],
        [
          1673.8738738738737,
          191.80180180180187
        ],
        [
          1669.3693693693692,
          214.3243243243244
        ],
        [
          1662.162162162162,
          226.936936936937
        ],
        [
          1673.8738738738737,
          227.8378378378379
        ],
        [
          1668.4684684684682,
          248.55855855855862
        ],
        [
          1662.162162162162,
          263.8738738738739
        ],
        [
          1673.8738738738737,
          249.45945945945954
        ],
        [
          1686.4864864864862,
          244.05405405405412
        ],
        [
          1687.3873873873872,
          228.73873873873882
        ],
        [
          1695.4954954954953,
          223.3333333333334
        ],
        [
          1699.9999999999998,
          196.30630630630637
        ],
        [
          1701.8018018018017,
          186.39639639639648
        ],
        [
          1713.5135135135133,
          164.77477477477484
        ],
        [
          1702.7027027027025,
          134.14414414414424
        ],
        [
          1693.6936936936936,
          115.2252252252253
        ]
      ],
      "group_id": null,
      "description": "",
      "difficult": false,
      "shape_type": "polygon",
      "flags": {},
      "attributes": {},
      "kie_linking": []
    },
    {
      "label": "fish",
      "score": null,
      "points": [
        [
          1522.6700251889167,
          68.46347607052901
        ],
        [
          1521.9143576826195,
          75.26448362720407
        ],
        [
          1534.7607052896724,
          93.40050377833757
        ],
        [
          1537.5314861460956,
          108.51385390428216
        ],
        [
          1547.1032745591938,
          125.39042821158694
        ],
        [
          1564.2317380352645,
          137.48110831234263
        ],
        [
          1590.176322418136,
          143.52644836272046
        ],
        [
          1612.5944584382871,
          145.03778337531492
        ],
        [
          1640.0503778337531,
          123.12342569269525
        ],
        [
          1635.7682619647355,
          106.24685138539047
        ],
        [
          1629.9748110831233,
          98.94206549118393
        ],
        [
          1623.9294710327456,
          114.30730478589425
        ],
        [
          1626.4483627204029,
          125.64231738035268
        ],
        [
          1620.654911838791,
          129.1687657430731
        ],
        [
          1613.60201511335,
          133.70277078085647
        ],
        [
          1602.770780856423,
          136.47355163727966
        ],
        [
          1593.1989924433249,
          134.9622166246852
        ],
        [
          1584.382871536524,
          130.42821158690182
        ],
        [
          1576.3224181360201,
          122.8715365239295
        ],
        [
          1575.566750629723,
          113.55163727959702
        ],
        [
          1573.8035264483626,
          103.72795969773304
        ],
        [
          1569.521410579345,
          95.16372795969778
        ],
        [
          1565.4911838790931,
          89.62216624685142
        ],
        [
          1559.9496221662469,
          82.56926952141062
        ],
        [
          1554.659949622166,
          72.74559193954664
        ],
        [
          1551.3853904282116,
          70.22670025188921
        ],
        [
          1541.057934508816,
          69.72292191435773
        ]
      ],
      "group_id": null,
      "description": "",
      "difficult": false,
      "shape_type": "polygon",
      "flags": {},
      "attributes": {},
      "kie_linking": []
    }
  ],
  "imagePath": "frame_000000.jpg",
  "imageData": null,
  "imageHeight": 1080,
  "imageWidth": 1920,
  "description": ""
}