{
  "version": "3.1.1",
  "flags": {},
  "shapes": [
    {
      "label": "fish",
      "score": null,
      "points": [
        [
          1599.0,
          423.0
        ],
        [
          1599.0,
          431.0
        ],
        [
          1601.0,
          433.0
        ],
        [
          1601.0,
          434.0
        ],
        [
          1602.0,
          435.0
        ],
        [
          1602.0,
          437.0
        ],
        [
          1603.0,
          438.0
        ],
        [
          1603.0,
          439.0
        ],
        [
          1605.0,
          442.0
        ],
        [
          1605.0,
          444.0
        ],
        [
          1607.0,
          447.0
        ],
        [
          1607.0,
          449.0
        ],
        [
          1608.0,
          450.0
        ],
        [
          1608.0,
          452.0
        ],
        [
          1609.0,
          453.0
        ],
        [
          1609.0,
          455.0
        ],
        [
          1611.0,
          458.0
        ],
        [
          1611.0,
          460.0
        ],
        [
          1612.0,
          461.0
        ],
        [
          1612.0,
          463.0
        ],
        [
          1613.0,
          464.0
        ],
        [
          1613.0,
          466.0
        ],
        [
          1614.0,
          467.0
        ],
        [
          1614.0,
          469.0
        ],
        [
          1615.0,
          470.0
        ],
        [
          1615.0,
          471.0
        ],
        [
          1616.0,
          472.0
        ],
        [
          1617.0,
          475.0
        ],
        [
          1621.0,
          479.0
        ],
        [
          1622.0,
          479.0
        ],
        [
          1623.0,
          480.0
        ],
        [
          1626.0,
          481.0
        ],
        [
          1628.0,
          483.0
        ],
        [
          1628.0,
          484.0
        ],
        [
          1629.0,
          485.0
        ],
        [
          1629.0,
          489.0
        ],
        [
          1630.0,
          490.0
        ],
        [
          1630.0,
          495.0
        ],
        [
          1631.0,
          496.0
        ],
        [
          1631.0,
          503.0
        ],
        [
          1632.0,
          504.0
        ],
        [
          1632.0,
          512.0
        ],
        [
          1633.0,
          513.0
        ],
        [
          1633.0,
          516.0
        ],
        [
          1634.0,
          517.0
        ],
        [
          1634.0,
          520.0
        ],
        [
          1635.0,
          521.0
        ],
        [
          1635.0,
          524.0
        ],
        [
          1636.0,
          525.0
        ],
        [
          1636.0,
          527.0
        ],
        [
          1641.0,
          534.0
        ],
        [
          1641.0,
          543.0
        ],
        [
          1643.0,
          546.0
        ],
        [
          1643.0,
          550.0
        ],
        [
          1644.0,
          551.0
        ],
        [
          1644.0,
          552.0
        ],
        [
          1645.0,
          553.0
        ],
        [
          1646.0,
          556.0
        ],
        [
          1649.0,
          559.0
        ],
        [
          1650.0,
          559.0
        ],
        [
          1652.0,
          561.0
        ],
        [
          1653.0,
          561.0
        ],
        [
          1659.0,
          567.0
        ],
        [
          1660.0,
          567.0
        ],
        [
          1661.0,
          568.0
        ],
        [
          1665.0,
          568.0
        ],
        [
          1666.0,
          569.0
        ],
        [
          1667.0,
          569.0
        ],
        [
          1670.0,
          567.0
        ],
        [
          1670.0,
          566.0
        ],
        [
          1671.0,
          565.0
        ],
        [
          1671.0,
          563.0
        ],
        [
          1672.0,
          562.0
        ],
        [
          1672.0,
          540.0
        ],
        [
          1671.0,
          539.0
        ],
        [
          1671.0,
          534.0
        ],
        [
          1670.0,
          533.0
        ],
        [
          1670.0,
          530.0
        ],
        [
          1669.0,
          529.0
        ],
        [
          1669.0,
          526.0
        ],
        [
          1668.0,
          525.0
        ],
        [
          1668.0,
          523.0
        ],
        [
          1667.0,
          522.0
        ],
        [
          1667.0,
          519.0
        ],
        [
          1665.0,
          516.0
        ],
        [
          1665.0,
          513.0
        ],
        [
          1664.0,
          512.0
        ],
        [
          1664.0,
          510.0
        ],
        [
          1663.0,
          509.0
        ],
        [
          1663.0,
          507.0
        ],
        [
          1662.0,
          506.0
        ],
        [
          1662.0,
          504.0
        ],
        [
          1661.0,
          503.0
        ],
        [
          1661.0,
          500.0
        ],
        [
          1660.0,
          499.0
        ],
        [
          1660.0,
          497.0
        ],
        [
          1656.0,
          492.0
        ],
        [
          1655.0,
          489.0
        ],
        [
          1649.0,
          483.0
        ],
        [
          1649.0,
          482.0
        ],
        [
          1633.0,
          466.0
        ],
        [
          1633.0,
          465.0
        ],
        [
          1632.0,
          464.0
        ],
        [
          1632.0,
          463.0
        ],
        [
          1631.0,
          462.0
        ],
        [
          1630.0,
          459.0
        ],
        [
          1628.0,
          457.0
        ],
        [
          1628.0,
          456.0
        ],
        [
          1627.0,
          455.0
        ],
        [
          1627.0,
          454.0
        ],
        [
          1626.0,
          453.0
        ],
        [
          1626.0,
          452.0
        ],
        [
          1625.0,
          451.0
        ],
        [
          1624.0,
          448.0
        ],
        [
          1617.0,
          441.0
        ],
        [
          1617.0,
          440.0
        ],
        [
          1615.0,
          438.0
        ],
        [
          1615.0,
          437.0
        ],
        [
          1614.0,
          437.0
        ],
        [
          1611.0,
          434.0
        ],
        [
          1611.0,
          433.0
        ],
        [
          1609.0,
          431.0
        ],
        [
          1608.0,
          428.0
        ],
        [
          1607.0,
          427.0
        ],
        [
          1606.0,
          427.0
        ],
        [
          1604.0,
          425.0
        ],
        [
          1604.0,
          424.0
        ],
        [
          1603.0,
          424.0
        ],
        [
          1602.0,
          423.0
        ]
      ],
      "group_id": null,
      "description": "",
      "difficult": false,
      "shape_type": "polygon",
      "flags": {},
      "attributes": {},
      "kie_linking": []
    },
    {
      "label": "fish",
      "score": null,
      "points": [
        [
          1660.0,
          571.0
        ],
        [
          1658.0,
          571.0
        ],
        [
          1657.0,
          572.0
        ],
        [
          1654.0,
          572.0
        ],
        [
          1653.0,
          573.0
        ],
        [
          1652.0,
          573.0
        ],
        [
          1651.0,
          574.0
        ],
        [
          1650.0,
          574.0
        ],
        [
          1649.0,
          575.0
        ],
        [
          1648.0,
          575.0
        ],
        [
          1647.0,
          576.0
        ],
        [
          1644.0,
          576.0
        ],
        [
          1643.0,
          577.0
        ],
        [
          1641.0,
          577.0
        ],
        [
          1640.0,
          578.0
        ],
        [
          1639.0,
          578.0
        ],
        [
          1638.0,
          579.0
        ],
        [
          1638.0,
          580.0
        ],
        [
          1637.0,
          581.0
        ],
        [
          1637.0,
          583.0
        ],
        [
          1636.0,
          584.0
        ],
        [
          1636.0,
          586.0
        ],
        [
          1635.0,
          587.0
        ],
        [
          1635.0,
          589.0
        ],
        [
          1634.0,
          590.0
        ],
        [
          1634.0,
          591.0
        ],
        [
          1631.0,
          594.0
        ],
        [
          1631.0,
          595.0
        ],
        [
          1630.0,
          596.0
        ],
        [
          1630.0,
          600.0
        ],
        [
          1629.0,
          601.0
        ],
        [
          1629.0,
          603.0
        ],
        [
          1628.0,
          604.0
        ],
        [
          1628.0,
          605.0
        ],
        [
          1627.0,
          606.0
        ],
        [
          1627.0,
          607.0
        ],
        [
          1626.0,
          608.0
        ],
        [
          1626.0,
          609.0
        ],
        [
          1625.0,
          610.0
        ],
        [
          1625.0,
          612.0
        ],
        [
          1624.0,
          613.0
        ],
        [
          1624.0,
          616.0
        ],
        [
          1623.0,
          617.0
        ],
        [
          1623.0,
          618.0
        ],
        [
          1620.0,
          621.0
        ],
        [
          1620.0,
          622.0
        ],
        [
          1616.0,
          626.0
        ],
        [
          1616.0,
          628.0
        ],
        [
          1615.0,
          629.0
        ],
        [
          1615.0,
          630.0
        ],
        [
          1613.0,
          632.0
        ],
        [
          1613.0,
          633.0
        ],
        [
          1607.0,
          639.0
        ],
        [
          1607.0,
          640.0
        ],
        [
          1606.0,
          641.0
        ],
        [
          1606.0,
          643.0
        ],
        [
          1605.0,
          644.0
        ],
        [
          1605.0,
          648.0
        ],
        [
          1604.0,
          649.0
        ],
        [
          1604.0,
          650.0
        ],
        [
          1603.0,
          651.0
        ],
        [
          1603.0,
          652.0
        ],
        [
          1602.0,
          653.0
        ],
        [
          1602.0,
          655.0
        ],
        [
          1601.0,
          656.0
        ],
        [
          1601.0,
          659.0
        ],
        [
          1600.0,
          660.0
        ],
        [
          1600.0,
          662.0
        ],
        [
          1599.0,
          663.0
        ],
        [
          1599.0,
          666.0
        ],
        [
          1598.0,
          667.0
        ],
        [
          1598.0,
          669.0
        ],
        [
          1597.0,
          670.0
        ],
        [
          1597.0,
          671.0
        ],
        [
          1598.0,
          672.0
        ],
        [
          1598.0,
          674.0
        ],
        [
          1599.0,
          675.0
        ],
        [
          1599.0,
          676.0
        ],
        [
          1601.0,
          676.0
        ],
        [
          1601.0,
          675.0
        ],
        [
          1604.0,
          672.0
        ],
        [
          1604.0,
          671.0
        ],
        [
          1617.0,
          658.0
        ],
        [
          1617.0,
          657.0
        ],
        [
          1619.0,
          655.0
        ],
        [
          1619.0,
          654.0
        ],
        [
          1621.0,
          652.0
        ],
        [
          1621.0,
          651.0
        ],
        [
          1625.0,
          647.0
        ],
        [
          1625.0,
          646.0
        ],
        [
          1628.0,
          643.0
        ],
        [
          1629.0,
          643.0
        ],
        [
          1634.0,
          638.0
        ],
        [
          1635.0,
          638.0
        ],
        [
          1638.0,
          635.0
        ],
        [
          1639.0,
          635.0
        ],
        [
          1642.0,
          632.0
        ],
        [
          1642.0,
          631.0
        ],
        [
          1645.0,
          628.0
        ],
        [
          1645.0,
          627.0
        ],
        [
          1646.0,
          626.0
        ],
        [
          1646.0,
          625.0
        ],
        [
          1648.0,
          623.0
        ],
        [
          1648.0,
          622.0
        ],
        [
          1649.0,
          621.0
        ],
        [
          1649.0,
          620.0
        ],
        [
          1650.0,
          619.0
        ],
        [
          1650.0,
          618.0
        ],
        [
          1651.0,
          617.0
        ],
        [
          1651.0,
          614.0
        ],
        [
          1652.0,
          613.0
        ],
        [
          1652.0,
          611.0
        ],
        [
          1653.0,
          610.0
        ],
        [
          1653.0,
          608.0
        ],
        [
          1654.0,
          607.0
        ],
        [
          1654.0,
          605.0
        ],
        [
          1655.0,
          604.0
        ],
        [
          1655.0,
          602.0
        ],
        [
          1656.0,
          601.0
        ],
        [
          1656.0,
          598.0
        ],
        [
          1657.0,
          597.0
        ],
        [
          1657.0,
          596.0
        ],
        [
          1658.0,
          595.0
        ],
        [
          1658.0,
          594.0
        ],
        [
          1659.0,
          593.0
        ],
        [
          1659.0,
          592.0
        ],
        [
          1660.0,
          591.0
        ],
        [
          1660.0,
          590.0
        ],
        [
          1661.0,
          589.0
        ],
        [
          1661.0,
          586.0
        ],
        [
          1662.0,
          585.0
        ],
        [
          1662.0,
          583.0
        ],
        [
          1663.0,
          582.0
        ],
        [
          1663.0,
          576.0
        ],
        [
          1662.0,
          575.0
        ],
        [
          1662.0,
          573.0
        ]
      ],
      "group_id": null,
      "description": "",
      "difficult": false,
      "shape_type": "polygon",
      "flags": {},
      "attributes": {},
      "kie_linking": []
    },
    {
      "label": "fish",
      "score": null,
      "points": [
        [
          1648.0,
          674.0
        ],
        [
          1646.0,
          676.0
        ],
        [
          1646.0,
          679.0
        ],
        [
          1645.0,
          680.0
        ],
        [
          1645.0,
          682.0
        ],
        [
          1644.0,
          683.0
        ],
        [
          1644.0,
          685.0
        ],
        [
          1643.0,
          686.0
        ],
        [
          1643.0,
          688.0
        ],
        [
          1642.0,
          689.0
        ],
        [
          1642.0,
          690.0
        ],
        [
          1640.0,
          692.0
        ],
        [
          1640.0,
          699.0
        ],
        [
          1641.0,
          700.0
        ],
        [
          1641.0,
          701.0
        ],
        [
          1642.0,
          702.0
        ],
        [
          1642.0,
          703.0
        ],
        [
          1643.0,
          704.0
        ],
        [
          1643.0,
          706.0
        ],
        [
          1644.0,
          707.0
        ],
        [
          1644.0,
          708.0
        ],
        [
          1648.0,
          712.0
        ],
        [
          1648.0,
          713.0
        ],
        [
          1650.0,
          715.0
        ],
        [
          1650.0,
          716.0
        ],
        [
          1652.0,
          718.0
        ],
        [
          1652.0,
          719.0
        ],
        [
          1653.0,
          720.0
        ],
        [
          1653.0,
          721.0
        ],
        [
          1654.0,
          722.0
        ],
        [
          1654.0,
          723.0
        ],
        [
          1656.0,
          725.0
        ],
        [
          1656.0,
          726.0
        ],
        [
          1657.0,
          727.0
        ],
        [
          1657.0,
          728.0
        ],
        [
          1658.0,
          729.0
        ],
        [
          1658.0,
          730.0
        ],
        [
          1659.0,
          731.0
        ],
        [
          1659.0,
          732.0
        ],
        [
          1662.0,
          735.0
        ],
        [
          1662.0,
          736.0
        ],
        [
          1667.0,
          741.0
        ],
        [
          1667.0,
          742.0
        ],
        [
          1674.0,
          749.0
        ],
        [
          1674.0,
          750.0
        ],
        [
          1677.0,
          753.0
        ],
        [
          1677.0,
          754.0
        ],
        [
          1678.0,
          754.0
        ],
        [
          1681.0,
          757.0
        ],
        [
          1682.0,
          757.0
        ],
        [
          1689.0,
          764.0
        ],
        [
          1690.0,
          764.0
        ],
        [
          1691.0,
          765.0
        ],
        [
          1692.0,
          765.0
        ],
        [
          1694.0,
          767.0
        ],
        [
          1695.0,
          767.0
        ],
        [
          1696.0,
          768.0
        ],
        [
          1697.0,
          768.0
        ],
        [
          1698.0,
          769.0
        ],
        [
          1700.0,
          769.0
        ],
        [
          1701.0,
          770.0
        ],
        [
          1707.0,
          770.0
        ],
        [
          1709.0,
          768.0
        ],
        [
          1709.0,
          766.0
        ],
        [
          1710.0,
          765.0
        ],
        [
          1710.0,
          762.0
        ],
        [
          1711.0,
          761.0
        ],
        [
          1711.0,
          760.0
        ],
        [
          1710.0,
          759.0
        ],
        [
          1710.0,
          756.0
        ],
        [
          1709.0,
          755.0
        ],
        [
          1709.0,
          752.0
        ],
        [
          1708.0,
          751.0
        ],
        [
          1708.0,
          750.0
        ],
        [
          1707.0,
          749.0
        ],
        [
          1707.0,
          747.0
        ],
        [
          1702.0,
          742.0
        ],
        [
          1702.0,
          741.0
        ],
        [
          1700.0,
          739.0
        ],
        [
          1700.0,
          738.0
        ],
        [
          1699.0,
          737.0
        ],
        [
          1699.0,
          736.0
        ],
        [
          1696.0,
          733.0
        ],
        [
          1696.0,
          732.0
        ],
        [
          1691.0,
          727.0
        ],
        [
          1690.0,
          727.0
        ],
        [
          1686.0,
          723.0
        ],
        [
          1686.0,
          722.0
        ],
        [
          1684.0,
          720.0
        ],
        [
          1684.0,
          719.0
        ],
        [
          1679.0,
          714.0
        ],
        [
          1678.0,
          714.0
        ],
        [
          1676.0,
          712.0
        ],
        [
          1675.0,
          712.0
        ],
        [
          1672.0,
          709.0
        ],
        [
          1671.0,
          709.0
        ],
        [
          1667.0,
          705.0
        ],
        [
          1666.0,
          705.0
        ],
        [
          1663.0,
          702.0
        ],
        [
          1663.0,
          701.0
        ],
        [
          1662.0,
          700.0
        ],
        [
          1662.0,
          699.0
        ],
        [
          1661.0,
          698.0
        ],
        [
          1661.0,
          697.0
        ],
        [
          1660.0,
          696.0
        ],
        [
          1660.0,
          694.0
        ],
        [
          1659.0,
          693.0
        ],
        [
          1659.0,
          692.0
        ],
        [
          1658.0,
          691.0
        ],
        [
          1658.0,
          689.0
        ],
        [
          1657.0,
          688.0
        ],
        [
          1657.0,
          687.0
        ],
        [
          1656.0,
          686.0
        ],
        [
          1656.0,
          684.0
        ],
        [
          1655.0,
          683.0
        ],
        [
          1655.0,
          681.0
        ],
        [
          1654.0,
          680.0
        ],
        [
          1654.0,
          678.0
        ],
        [
          1653.0,
          677.0
        ],
        [
          1653.0,
          676.0
        ],
        [
          1652.0,
          675.0
        ],
        [
          1652.0,
          673.0
        ],
        [
          1651.0,
          673.0
        ],
        [
          1650.0,
          674.0
        ]
      ],
      "group_id": null,
      "description": "",
      "difficult": false,
      "shape_type": "polygon",
      "flags": {},
      "attributes": {},
      "kie_linking": []
    },
    {
      "label": "fish",
      "score": null,
      "points": [
        [
          1494.0,
          676.0
        ],
        [
          1494.0,
          677.0
        ],
        [
          1493.0,
          678.0
        ],
        [
          1493.0,
          684.0
        ],
        [
          1494.0,
          685.0
        ],
        [
          1494.0,
          688.0
        ],
        [
          1496.0,
          691.0
        ],
        [
          1496.0,
          694.0
        ],
        [
          1497.0,
          695.0
        ],
        [
          1497.0,
          697.0
        ],
        [
          1498.0,
          698.0
        ],
        [
          1498.0,
          701.0
        ],
        [
          1499.0,
          702.0
        ],
        [
          1499.0,
          704.0
        ],
        [
          1500.0,
          705.0
        ],
        [
          1500.0,
          707.0
        ],
        [
          1501.0,
          708.0
        ],
        [
          1501.0,
          713.0
        ],
        [
          1502.0,
          714.0
        ],
        [
          1502.0,
          718.0
        ],
        [
          1503.0,
          719.0
        ],
        [
          1503.0,
          721.0
        ],
        [
          1504.0,
          722.0
        ],
        [
          1504.0,
          725.0
        ],
        [
          1505.0,
          726.0
        ],
        [
          1505.0,
          729.0
        ],
        [
          1506.0,
          730.0
        ],
        [
          1506.0,
          732.0
        ],
        [
          1508.0,
          735.0
        ],
        [
          1508.0,
          737.0
        ],
        [
          1509.0,
          738.0
        ],
        [
          1509.0,
          740.0
        ],
        [
          1510.0,
          741.0
        ],
        [
          1510.0,
          742.0
        ],
        [
          1511.0,
          743.0
        ],
        [
          1511.0,
          744.0
        ],
        [
          1513.0,
          746.0
        ],
        [
          1513.0,
          747.0
        ],
        [
          1516.0,
          750.0
        ],
        [
          1516.0,
          751.0
        ],
        [
          1517.0,
          752.0
        ],
        [
          1517.0,
          753.0
        ],
        [
          1523.0,
          759.0
        ],
        [
          1523.0,
          760.0
        ],
        [
          1524.0,
          761.0
        ],
        [
          1525.0,
          761.0
        ],
        [
          1531.0,
          767.0
        ],
        [
          1531.0,
          768.0
        ],
        [
          1538.0,
          775.0
        ],
        [
          1538.0,
          776.0
        ],
        [
          1543.0,
          781.0
        ],
        [
          1543.0,
          782.0
        ],
        [
          1547.0,
          786.0
        ],
        [
          1548.0,
          786.0
        ],
        [
          1549.0,
          787.0
        ],
        [
          1550.0,
          787.0
        ],
        [
          1552.0,
          789.0
        ],
        [
          1553.0,
          789.0
        ],
        [
          1555.0,
          791.0
        ],
        [
          1556.0,
          791.0
        ],
        [
          1559.0,
          793.0
        ],
        [
          1561.0,
          793.0
        ],
        [
          1562.0,
          794.0
        ],
        [
          1565.0,
          794.0
        ],
        [
          1566.0,
          793.0
        ],
        [
          1568.0,
          793.0
        ],
        [
          1570.0,
          791.0
        ],
        [
          1570.0,
          787.0
        ],
        [
          1569.0,
          786.0
        ],
        [
          1569.0,
          783.0
        ],
        [
          1568.0,
          782.0
        ],
        [
          1568.0,
          779.0
        ],
        [
          1567.0,
          778.0
        ],
        [
          1567.0,
          775.0
        ],
        [
          1566.0,
          774.0
        ],
        [
          1566.0,
          772.0
        ],
        [
          1564.0,
          769.0
        ],
        [
          1564.0,
          767.0
        ],
        [
          1563.0,
          766.0
        ],
        [
          1563.0,
          765.0
        ],
        [
          1562.0,
          764.0
        ],
        [
          1562.0,
          763.0
        ],
        [
          1561.0,
          762.0
        ],
        [
          1561.0,
          761.0
        ],
        [
          1560.0,
          760.0
        ],
        [
          1560.0,
          759.0
        ],
        [
          1557.0,
          756.0
        ],
        [
          1557.0,
          755.0
        ],
        [
          1552.0,
          750.0
        ],
        [
          1552.0,
          749.0
        ],
        [
          1550.0,
          747.0
        ],
        [
          1550.0,
          746.0
        ],
        [
          1549.0,
          745.0
        ],
        [
          1549.0,
          744.0
        ],
        [
          1546.0,
          741.0
        ],
        [
          1546.0,
          740.0
        ],
        [
          1544.0,
          738.0
        ],
        [
          1544.0,
          737.0
        ],
        [
          1534.0,
          727.0
        ],
        [
          1533.0,
          727.0
        ],
        [
          1521.0,
          715.0
        ],
        [
          1521.0,
          714.0
        ],
        [
          1519.0,
          712.0
        ],
        [
          1519.0,
          711.0
        ],
        [
          1516.0,
          708.0
        ],
        [
          1516.0,
          707.0
        ],
        [
          1515.0,
          706.0
        ],
        [
          1515.0,
          705.0
        ],
        [
          1513.0,
          703.0
        ],
        [
          1513.0,
          702.0
        ],
        [
          1511.0,
          700.0
        ],
        [
          1511.0,
          699.0
        ],
        [
          1507.0,
          695.0
        ],
        [
          1507.0,
          694.0
        ],
        [
          1506.0,
          693.0
        ],
        [
          1506.0,
          692.0
        ],
        [
          1504.0,
          690.0
        ],
        [
          1504.0,
          689.0
        ],
        [
          1503.0,
          689.0
        ],
        [
          1498.0,
          684.0
        ],
        [
          1498.0,
          683.0
        ],
        [
          1497.0,
          682.0
        ],
        [
          1497.0,
          680.0
        ],
        [
          1496.0,
          679.0
        ],
        [
          1496.0,
          677.0
        ],
        [
          1495.0,
          677.0
        ]
      ],
      "group_id": null,
      "description": "",
      "difficult": false,
      "shape_type": "polygon",
      "flags": {},
      "attributes": {},
      "kie_linking": []
    }
  ],
  "imagePath": "frame_000019.jpg",
  "imageData": null,
  "imageHeight": 1080,
  "imageWidth": 1920
}