{
  "version": "3.1.1",
  "flags": {},
  "shapes": [
    {
      "label": "fish",
      "score": null,
      "points": [
        [
          1533.0,
          349.0
        ],
        [
          1529.0,
          353.0
        ],
        [
          1529.0,
          355.0
        ],
        [
          1528.0,
          356.0
        ],
        [
          1528.0,
          357.0
        ],
        [
          1529.0,
          358.0
        ],
        [
          1529.0,
          365.0
        ],
        [
          1528.0,
          366.0
        ],
        [
          1528.0,
          367.0
        ],
        [
          1527.0,
          368.0
        ],
        [
          1527.0,
          369.0
        ],
        [
          1526.0,
          370.0
        ],
        [
          1526.0,
          371.0
        ],
        [
          1529.0,
          374.0
        ],
        [
          1529.0,
          375.0
        ],
        [
          1530.0,
          376.0
        ],
        [
          1530.0,
          377.0
        ],
        [
          1532.0,
          379.0
        ],
        [
          1532.0,
          380.0
        ],
        [
          1534.0,
          383.0
        ],
        [
          1534.0,
          385.0
        ],
        [
          1536.0,
          388.0
        ],
        [
          1536.0,
          390.0
        ],
        [
          1537.0,
          391.0
        ],
        [
          1537.0,
          393.0
        ],
        [
          1538.0,
          394.0
        ],
        [
          1538.0,
          396.0
        ],
        [
          1540.0,
          399.0
        ],
        [
          1540.0,
          402.0
        ],
        [
          1541.0,
          403.0
        ],
        [
          1541.0,
          406.0
        ],
        [
          1542.0,
          407.0
        ],
        [
          1542.0,
          409.0
        ],
        [
          1543.0,
          410.0
        ],
        [
          1543.0,
          411.0
        ],
        [
          1545.0,
          413.0
        ],
        [
          1545.0,
          414.0
        ],
        [
          1548.0,
          417.0
        ],
        [
          1548.0,
          418.0
        ],
        [
          1550.0,
          420.0
        ],
        [
          1550.0,
          422.0
        ],
        [
          1551.0,
          423.0
        ],
        [
          1551.0,
          424.0
        ],
        [
          1552.0,
          425.0
        ],
        [
          1552.0,
          426.0
        ],
        [
          1554.0,
          428.0
        ],
        [
          1554.0,
          429.0
        ],
        [
          1555.0,
          430.0
        ],
        [
          1555.0,
          431.0
        ],
        [
          1558.0,
          434.0
        ],
        [
          1558.0,
          435.0
        ],
        [
          1559.0,
          436.0
        ],
        [
          1559.0,
          437.0
        ],
        [
          1561.0,
          439.0
        ],
        [
          1561.0,
          440.0
        ],
        [
          1563.0,
          443.0
        ],
        [
          1563.0,
          445.0
        ],
        [
          1564.0,
          446.0
        ],
        [
          1564.0,
          447.0
        ],
        [
          1566.0,
          450.0
        ],
        [
          1566.0,
          452.0
        ],
        [
          1567.0,
          453.0
        ],
        [
          1567.0,
          454.0
        ],
        [
          1568.0,
          455.0
        ],
        [
          1568.0,
          456.0
        ],
        [
          1569.0,
          457.0
        ],
        [
          1569.0,
          458.0
        ],
        [
          1570.0,
          459.0
        ],
        [
          1570.0,
          460.0
        ],
        [
          1571.0,
          461.0
        ],
        [
          1571.0,
          462.0
        ],
        [
          1572.0,
          463.0
        ],
        [
          1572.0,
          464.0
        ],
        [
          1574.0,
          466.0
        ],
        [
          1574.0,
          467.0
        ],
        [
          1579.0,
          472.0
        ],
        [
          1581.0,
          472.0
        ],
        [
          1584.0,
          475.0
        ],
        [
          1584.0,
          476.0
        ],
        [
          1585.0,
          476.0
        ],
        [
          1585.0,
          475.0
        ],
        [
          1586.0,
          474.0
        ],
        [
          1586.0,
          466.0
        ],
        [
          1585.0,
          465.0
        ],
        [
          1585.0,
          460.0
        ],
        [
          1584.0,
          459.0
        ],
        [
          1584.0,
          458.0
        ],
        [
          1583.0,
          457.0
        ],
        [
          1583.0,
          455.0
        ],
        [
          1582.0,
          454.0
        ],
        [
          1582.0,
          451.0
        ],
        [
          1581.0,
          450.0
        ],
        [
          1581.0,
          447.0
        ],
        [
          1580.0,
          446.0
        ],
        [
          1580.0,
          443.0
        ],
        [
          1579.0,
          442.0
        ],
        [
          1579.0,
          439.0
        ],
        [
          1578.0,
          438.0
        ],
        [
          1578.0,
          436.0
        ],
        [
          1577.0,
          435.0
        ],
        [
          1577.0,
          434.0
        ],
        [
          1575.0,
          431.0
        ],
        [
          1575.0,
          415.0
        ],
        [
          1574.0,
          414.0
        ],
        [
          1574.0,
          410.0
        ],
        [
          1573.0,
          409.0
        ],
        [
          1573.0,
          407.0
        ],
        [
          1572.0,
          406.0
        ],
        [
          1572.0,
          405.0
        ],
        [
          1570.0,
          403.0
        ],
        [
          1570.0,
          402.0
        ],
        [
          1568.0,
          399.0
        ],
        [
          1568.0,
          397.0
        ],
        [
          1567.0,
          396.0
        ],
        [
          1567.0,
          393.0
        ],
        [
          1566.0,
          392.0
        ],
        [
          1566.0,
          390.0
        ],
        [
          1564.0,
          387.0
        ],
        [
          1564.0,
          384.0
        ],
        [
          1563.0,
          383.0
        ],
        [
          1563.0,
          381.0
        ],
        [
          1562.0,
          380.0
        ],
        [
          1562.0,
          378.0
        ],
        [
          1560.0,
          376.0
        ],
        [
          1560.0,
          375.0
        ],
        [
          1558.0,
          373.0
        ],
        [
          1558.0,
          372.0
        ],
        [
          1557.0,
          371.0
        ],
        [
          1557.0,
          370.0
        ],
        [
          1555.0,
          368.0
        ],
        [
          1555.0,
          367.0
        ],
        [
          1553.0,
          365.0
        ],
        [
          1553.0,
          364.0
        ],
        [
          1550.0,
          361.0
        ],
        [
          1550.0,
          360.0
        ],
        [
          1547.0,
          357.0
        ],
        [
          1547.0,
          356.0
        ],
        [
          1541.0,
          350.0
        ],
        [
          1539.0,
          350.0
        ],
        [
          1538.0,
          349.0
        ]
      ],
      "group_id": null,
      "description": "",
      "difficult": false,
      "shape_type": "polygon",
      "flags": {},
      "attributes": {},
      "kie_linking": []
    },
    {
      "label": "fish",
      "score": null,
      "points": [
        [
          1108.0,
          759.0
        ],
        [
          1104.0,
          759.0
        ],
        [
          1095.0,
          768.0
        ],
        [
          1095.0,
          769.0
        ],
        [
          1089.0,
          775.0
        ],
        [
          1089.0,
          776.0
        ],
        [
          1088.0,
          777.0
        ],
        [
          1088.0,
          778.0
        ],
        [
          1087.0,
          779.0
        ],
        [
          1087.0,
          780.0
        ],
        [
          1085.0,
          782.0
        ],
        [
          1085.0,
          783.0
        ],
        [
          1082.0,
          786.0
        ],
        [
          1082.0,
          787.0
        ],
        [
          1080.0,
          789.0
        ],
        [
          1080.0,
          790.0
        ],
        [
          1079.0,
          791.0
        ],
        [
          1079.0,
          793.0
        ],
        [
          1077.0,
          796.0
        ],
        [
          1077.0,
          798.0
        ],
        [
          1076.0,
          799.0
        ],
        [
          1076.0,
          800.0
        ],
        [
          1075.0,
          801.0
        ],
        [
          1075.0,
          803.0
        ],
        [
          1073.0,
          806.0
        ],
        [
          1073.0,
          808.0
        ],
        [
          1072.0,
          809.0
        ],
        [
          1072.0,
          811.0
        ],
        [
          1071.0,
          812.0
        ],
        [
          1071.0,
          813.0
        ],
        [
          1069.0,
          816.0
        ],
        [
          1069.0,
          818.0
        ],
        [
          1067.0,
          821.0
        ],
        [
          1067.0,
          824.0
        ],
        [
          1066.0,
          825.0
        ],
        [
          1066.0,
          828.0
        ],
        [
          1065.0,
          829.0
        ],
        [
          1065.0,
          832.0
        ],
        [
          1064.0,
          833.0
        ],
        [
          1064.0,
          837.0
        ],
        [
          1063.0,
          838.0
        ],
        [
          1063.0,
          842.0
        ],
        [
          1062.0,
          843.0
        ],
        [
          1062.0,
          849.0
        ],
        [
          1061.0,
          850.0
        ],
        [
          1061.0,
          862.0
        ],
        [
          1062.0,
          863.0
        ],
        [
          1062.0,
          867.0
        ],
        [
          1063.0,
          868.0
        ],
        [
          1063.0,
          872.0
        ],
        [
          1064.0,
          873.0
        ],
        [
          1064.0,
          875.0
        ],
        [
          1065.0,
          876.0
        ],
        [
          1065.0,
          878.0
        ],
        [
          1067.0,
          880.0
        ],
        [
          1067.0,
          881.0
        ],
        [
          1068.0,
          882.0
        ],
        [
          1071.0,
          882.0
        ],
        [
          1072.0,
          883.0
        ],
        [
          1074.0,
          883.0
        ],
        [
          1077.0,
          881.0
        ],
        [
          1077.0,
          880.0
        ],
        [
          1079.0,
          878.0
        ],
        [
          1079.0,
          877.0
        ],
        [
          1081.0,
          874.0
        ],
        [
          1081.0,
          872.0
        ],
        [
          1083.0,
          869.0
        ],
        [
          1083.0,
          867.0
        ],
        [
          1084.0,
          866.0
        ],
        [
          1084.0,
          864.0
        ],
        [
          1085.0,
          863.0
        ],
        [
          1085.0,
          861.0
        ],
        [
          1086.0,
          860.0
        ],
        [
          1086.0,
          858.0
        ],
        [
          1087.0,
          857.0
        ],
        [
          1087.0,
          854.0
        ],
        [
          1088.0,
          853.0
        ],
        [
          1088.0,
          851.0
        ],
        [
          1089.0,
          850.0
        ],
        [
          1089.0,
          842.0
        ],
        [
          1090.0,
          841.0
        ],
        [
          1090.0,
          821.0
        ],
        [
          1089.0,
          820.0
        ],
        [
          1089.0,
          804.0
        ],
        [
          1090.0,
          803.0
        ],
        [
          1090.0,
          798.0
        ],
        [
          1091.0,
          797.0
        ],
        [
          1091.0,
          794.0
        ],
        [
          1092.0,
          793.0
        ],
        [
          1092.0,
          790.0
        ],
        [
          1093.0,
          789.0
        ],
        [
          1093.0,
          787.0
        ],
        [
          1094.0,
          786.0
        ],
        [
          1094.0,
          784.0
        ],
        [
          1095.0,
          783.0
        ],
        [
          1095.0,
          782.0
        ],
        [
          1099.0,
          778.0
        ],
        [
          1099.0,
          777.0
        ],
        [
          1100.0,
          776.0
        ],
        [
          1100.0,
          775.0
        ],
        [
          1101.0,
          774.0
        ],
        [
          1101.0,
          773.0
        ],
        [
          1105.0,
          769.0
        ],
        [
          1107.0,
          769.0
        ],
        [
          1110.0,
          767.0
        ],
        [
          1110.0,
          761.0
        ]
      ],
      "group_id": null,
      "description": "",
      "difficult": false,
      "shape_type": "polygon",
      "flags": {},
      "attributes": {},
      "kie_linking": []
    },
    {
      "label": "fish",
      "score": null,
      "points": [
        [
          1639.0,
          778.0
        ],
        [
          1636.0,
          778.0
        ],
        [
          1632.0,
          780.0
        ],
        [
          1632.0,
          781.0
        ],
        [
          1630.0,
          783.0
        ],
        [
          1630.0,
          785.0
        ],
        [
          1628.0,
          789.0
        ],
        [
          1627.0,
          798.0
        ],
        [
          1629.0,
          800.0
        ],
        [
          1629.0,
          801.0
        ],
        [
          1634.0,
          806.0
        ],
        [
          1635.0,
          808.0
        ],
        [
          1635.0,
          810.0
        ],
        [
          1637.0,
          814.0
        ],
        [
          1639.0,
          816.0
        ],
        [
          1641.0,
          820.0
        ],
        [
          1644.0,
          823.0
        ],
        [
          1644.0,
          824.0
        ],
        [
          1648.0,
          828.0
        ],
        [
          1648.0,
          830.0
        ],
        [
          1649.0,
          831.0
        ],
        [
          1649.0,
          834.0
        ],
        [
          1650.0,
          835.0
        ],
        [
          1650.0,
          845.0
        ],
        [
          1649.0,
          846.0
        ],
        [
          1649.0,
          850.0
        ],
        [
          1648.0,
          851.0
        ],
        [
          1648.0,
          854.0
        ],
        [
          1647.0,
          855.0
        ],
        [
          1646.0,
          860.0
        ],
        [
          1644.0,
          863.0
        ],
        [
          1644.0,
          866.0
        ],
        [
          1641.0,
          871.0
        ],
        [
          1641.0,
          873.0
        ],
        [
          1640.0,
          875.0
        ],
        [
          1636.0,
          879.0
        ],
        [
          1635.0,
          879.0
        ],
        [
          1633.0,
          881.0
        ],
        [
          1629.0,
          883.0
        ],
        [
          1627.0,
          883.0
        ],
        [
          1626.0,
          884.0
        ],
        [
          1620.0,
          884.0
        ],
        [
          1619.0,
          885.0
        ],
        [
          1608.0,
          885.0
        ],
        [
          1607.0,
          886.0
        ],
        [
          1596.0,
          886.0
        ],
        [
          1595.0,
          885.0
        ],
        [
          1592.0,
          885.0
        ],
        [
          1590.0,
          884.0
        ],
        [
          1589.0,
          882.0
        ],
        [
          1586.0,
          879.0
        ],
        [
          1577.0,
          879.0
        ],
        [
          1575.0,
          881.0
        ],
        [
          1577.0,
          883.0
        ],
        [
          1582.0,
          885.0
        ],
        [
          1585.0,
          888.0
        ],
        [
          1586.0,
          890.0
        ],
        [
          1586.0,
          893.0
        ],
        [
          1588.0,
          896.0
        ],
        [
          1592.0,
          898.0
        ],
        [
          1594.0,
          898.0
        ],
        [
          1596.0,
          899.0
        ],
        [
          1601.0,
          904.0
        ],
        [
          1603.0,
          904.0
        ],
        [
          1604.0,
          905.0
        ],
        [
          1607.0,
          905.0
        ],
        [
          1608.0,
          906.0
        ],
        [
          1617.0,
          906.0
        ],
        [
          1621.0,
          904.0
        ],
        [
          1633.0,
          904.0
        ],
        [
          1634.0,
          903.0
        ],
        [
          1638.0,
          903.0
        ],
        [
          1639.0,
          902.0
        ],
        [
          1644.0,
          902.0
        ],
        [
          1645.0,
          901.0
        ],
        [
          1648.0,
          901.0
        ],
        [
          1649.0,
          900.0
        ],
        [
          1653.0,
          900.0
        ],
        [
          1654.0,
          899.0
        ],
        [
          1664.0,
          899.0
        ],
        [
          1665.0,
          898.0
        ],
        [
          1668.0,
          898.0
        ],
        [
          1671.0,
          896.0
        ],
        [
          1667.0,
          893.0
        ],
        [
          1664.0,
          893.0
        ],
        [
          1661.0,
          891.0
        ],
        [
          1656.0,
          890.0
        ],
        [
          1654.0,
          888.0
        ],
        [
          1654.0,
          880.0
        ],
        [
          1657.0,
          876.0
        ],
        [
          1657.0,
          875.0
        ],
        [
          1659.0,
          873.0
        ],
        [
          1659.0,
          872.0
        ],
        [
          1670.0,
          861.0
        ],
        [
          1674.0,
          853.0
        ],
        [
          1674.0,
          851.0
        ],
        [
          1675.0,
          850.0
        ],
        [
          1675.0,
          841.0
        ],
        [
          1676.0,
          840.0
        ],
        [
          1676.0,
          832.0
        ],
        [
          1677.0,
          831.0
        ],
        [
          1677.0,
          828.0
        ],
        [
          1672.0,
          818.0
        ],
        [
          1670.0,
          816.0
        ],
        [
          1670.0,
          814.0
        ],
        [
          1666.0,
          806.0
        ],
        [
          1664.0,
          804.0
        ],
        [
          1661.0,
          797.0
        ],
        [
          1653.0,
          788.0
        ],
        [
          1652.0,
          788.0
        ],
        [
          1646.0,
          782.0
        ],
        [
          1645.0,
          782.0
        ],
        [
          1643.0,
          780.0
        ]
      ],
      "group_id": null,
      "description": "",
      "difficult": false,
      "shape_type": "polygon",
      "flags": {},
      "attributes": {},
      "kie_linking": []
    }
  ],
  "imagePath": "frame_000036.jpg",
  "imageData": null,
  "imageHeight": 1080,
  "imageWidth": 1920
}