{
  "version": "3.1.1",
  "flags": {},
  "shapes": [
    {
      "label": "fish",
      "score": null,
      "points": [
        [
          1519.0,
          574.0
        ],
        [
          1518.0,
          575.0
        ],
        [
          1517.0,
          575.0
        ],
        [
          1515.0,
          577.0
        ],
        [
          1515.0,
          578.0
        ],
        [
          1513.0,
          580.0
        ],
        [
          1513.0,
          581.0
        ],
        [
          1512.0,
          582.0
        ],
        [
          1511.0,
          585.0
        ],
        [
          1509.0,
          587.0
        ],
        [
          1509.0,
          591.0
        ],
        [
          1508.0,
          592.0
        ],
        [
          1508.0,
          596.0
        ],
        [
          1509.0,
          597.0
        ],
        [
          1509.0,
          598.0
        ],
        [
          1511.0,
          601.0
        ],
        [
          1511.0,
          603.0
        ],
        [
          1512.0,
          604.0
        ],
        [
          1512.0,
          606.0
        ],
        [
          1513.0,
          607.0
        ],
        [
          1513.0,
          610.0
        ],
        [
          1514.0,
          611.0
        ],
        [
          1514.0,
          613.0
        ],
        [
          1515.0,
          614.0
        ],
        [
          1515.0,
          616.0
        ],
        [
          1516.0,
          617.0
        ],
        [
          1516.0,
          619.0
        ],
        [
          1517.0,
          620.0
        ],
        [
          1517.0,
          622.0
        ],
        [
          1518.0,
          623.0
        ],
        [
          1518.0,
          625.0
        ],
        [
          1519.0,
          626.0
        ],
        [
          1519.0,
          628.0
        ],
        [
          1520.0,
          629.0
        ],
        [
          1520.0,
          632.0
        ],
        [
          1521.0,
          633.0
        ],
        [
          1521.0,
          636.0
        ],
        [
          1522.0,
          637.0
        ],
        [
          1522.0,
          641.0
        ],
        [
          1523.0,
          642.0
        ],
        [
          1523.0,
          645.0
        ],
        [
          1524.0,
          646.0
        ],
        [
          1524.0,
          648.0
        ],
        [
          1525.0,
          649.0
        ],
        [
          1525.0,
          651.0
        ],
        [
          1526.0,
          652.0
        ],
        [
          1526.0,
          654.0
        ],
        [
          1527.0,
          655.0
        ],
        [
          1527.0,
          656.0
        ],
        [
          1528.0,
          657.0
        ],
        [
          1528.0,
          658.0
        ],
        [
          1529.0,
          659.0
        ],
        [
          1529.0,
          660.0
        ],
        [
          1531.0,
          663.0
        ],
        [
          1531.0,
          666.0
        ],
        [
          1532.0,
          667.0
        ],
        [
          1532.0,
          670.0
        ],
        [
          1533.0,
          671.0
        ],
        [
          1533.0,
          672.0
        ],
        [
          1534.0,
          673.0
        ],
        [
          1534.0,
          674.0
        ],
        [
          1536.0,
          677.0
        ],
        [
          1536.0,
          679.0
        ],
        [
          1537.0,
          680.0
        ],
        [
          1537.0,
          682.0
        ],
        [
          1538.0,
          683.0
        ],
        [
          1538.0,
          684.0
        ],
        [
          1539.0,
          685.0
        ],
        [
          1539.0,
          686.0
        ],
        [
          1540.0,
          687.0
        ],
        [
          1540.0,
          688.0
        ],
        [
          1541.0,
          689.0
        ],
        [
          1541.0,
          690.0
        ],
        [
          1543.0,
          693.0
        ],
        [
          1543.0,
          695.0
        ],
        [
          1544.0,
          696.0
        ],
        [
          1544.0,
          697.0
        ],
        [
          1545.0,
          698.0
        ],
        [
          1545.0,
          699.0
        ],
        [
          1546.0,
          700.0
        ],
        [
          1547.0,
          703.0
        ],
        [
          1550.0,
          706.0
        ],
        [
          1550.0,
          707.0
        ],
        [
          1551.0,
          708.0
        ],
        [
          1551.0,
          710.0
        ],
        [
          1552.0,
          711.0
        ],
        [
          1553.0,
          714.0
        ],
        [
          1556.0,
          716.0
        ],
        [
          1557.0,
          715.0
        ],
        [
          1558.0,
          715.0
        ],
        [
          1558.0,
          707.0
        ],
        [
          1557.0,
          706.0
        ],
        [
          1557.0,
          703.0
        ],
        [
          1556.0,
          702.0
        ],
        [
          1556.0,
          697.0
        ],
        [
          1555.0,
          696.0
        ],
        [
          1555.0,
          690.0
        ],
        [
          1554.0,
          689.0
        ],
        [
          1554.0,
          684.0
        ],
        [
          1553.0,
          683.0
        ],
        [
          1553.0,
          679.0
        ],
        [
          1552.0,
          678.0
        ],
        [
          1552.0,
          674.0
        ],
        [
          1551.0,
          673.0
        ],
        [
          1551.0,
          659.0
        ],
        [
          1552.0,
          658.0
        ],
        [
          1552.0,
          652.0
        ],
        [
          1553.0,
          651.0
        ],
        [
          1553.0,
          643.0
        ],
        [
          1554.0,
          642.0
        ],
        [
          1554.0,
          641.0
        ],
        [
          1553.0,
          640.0
        ],
        [
          1553.0,
          636.0
        ],
        [
          1552.0,
          635.0
        ],
        [
          1552.0,
          633.0
        ],
        [
          1551.0,
          632.0
        ],
        [
          1551.0,
          630.0
        ],
        [
          1550.0,
          629.0
        ],
        [
          1550.0,
          628.0
        ],
        [
          1549.0,
          627.0
        ],
        [
          1549.0,
          625.0
        ],
        [
          1548.0,
          624.0
        ],
        [
          1548.0,
          621.0
        ],
        [
          1547.0,
          620.0
        ],
        [
          1547.0,
          618.0
        ],
        [
          1546.0,
          617.0
        ],
        [
          1546.0,
          614.0
        ],
        [
          1545.0,
          613.0
        ],
        [
          1545.0,
          610.0
        ],
        [
          1544.0,
          609.0
        ],
        [
          1544.0,
          607.0
        ],
        [
          1543.0,
          606.0
        ],
        [
          1543.0,
          603.0
        ],
        [
          1541.0,
          600.0
        ],
        [
          1541.0,
          598.0
        ],
        [
          1540.0,
          597.0
        ],
        [
          1539.0,
          594.0
        ],
        [
          1537.0,
          592.0
        ],
        [
          1537.0,
          590.0
        ],
        [
          1536.0,
          589.0
        ],
        [
          1535.0,
          586.0
        ],
        [
          1533.0,
          584.0
        ],
        [
          1533.0,
          583.0
        ],
        [
          1525.0,
          575.0
        ],
        [
          1523.0,
          575.0
        ],
        [
          1522.0,
          574.0
        ]
      ],
      "group_id": null,
      "description": "",
      "difficult": false,
      "shape_type": "polygon",
      "flags": {},
      "attributes": {},
      "kie_linking": []
    },
    {
      "label": "fish",
      "score": null,
      "points": [
        [
          1528.0,
          116.0
        ],
        [
          1522.0,
          116.0
        ],
        [
          1518.0,
          120.0
        ],
        [
          1518.0,
          121.0
        ],
        [
          1517.0,
          122.0
        ],
        [
          1517.0,
          124.0
        ],
        [
          1514.0,
          127.0
        ],
        [
          1514.0,
          128.0
        ],
        [
          1511.0,
          131.0
        ],
        [
          1511.0,
          132.0
        ],
        [
          1509.0,
          135.0
        ],
        [
          1509.0,
          148.0
        ],
        [
          1510.0,
          149.0
        ],
        [
          1510.0,
          161.0
        ],
        [
          1509.0,
          162.0
        ],
        [
          1509.0,
          168.0
        ],
        [
          1508.0,
          169.0
        ],
        [
          1508.0,
          172.0
        ],
        [
          1507.0,
          173.0
        ],
        [
          1507.0,
          175.0
        ],
        [
          1506.0,
          176.0
        ],
        [
          1506.0,
          184.0
        ],
        [
          1509.0,
          187.0
        ],
        [
          1509.0,
          188.0
        ],
        [
          1512.0,
          191.0
        ],
        [
          1512.0,
          195.0
        ],
        [
          1513.0,
          196.0
        ],
        [
          1513.0,
          201.0
        ],
        [
          1512.0,
          202.0
        ],
        [
          1512.0,
          223.0
        ],
        [
          1513.0,
          224.0
        ],
        [
          1513.0,
          230.0
        ],
        [
          1514.0,
          231.0
        ],
        [
          1514.0,
          238.0
        ],
        [
          1515.0,
          239.0
        ],
        [
          1515.0,
          245.0
        ],
        [
          1516.0,
          246.0
        ],
        [
          1516.0,
          249.0
        ],
        [
          1517.0,
          250.0
        ],
        [
          1517.0,
          251.0
        ],
        [
          1520.0,
          251.0
        ],
        [
          1521.0,
          250.0
        ],
        [
          1521.0,
          249.0
        ],
        [
          1522.0,
          248.0
        ],
        [
          1522.0,
          247.0
        ],
        [
          1523.0,
          246.0
        ],
        [
          1523.0,
          245.0
        ],
        [
          1524.0,
          244.0
        ],
        [
          1524.0,
          243.0
        ],
        [
          1525.0,
          242.0
        ],
        [
          1525.0,
          241.0
        ],
        [
          1527.0,
          238.0
        ],
        [
          1527.0,
          235.0
        ],
        [
          1528.0,
          234.0
        ],
        [
          1528.0,
          227.0
        ],
        [
          1529.0,
          226.0
        ],
        [
          1529.0,
          224.0
        ],
        [
          1530.0,
          223.0
        ],
        [
          1530.0,
          221.0
        ],
        [
          1531.0,
          220.0
        ],
        [
          1531.0,
          203.0
        ],
        [
          1532.0,
          202.0
        ],
        [
          1532.0,
          198.0
        ],
        [
          1533.0,
          197.0
        ],
        [
          1533.0,
          195.0
        ],
        [
          1534.0,
          194.0
        ],
        [
          1534.0,
          191.0
        ],
        [
          1535.0,
          190.0
        ],
        [
          1535.0,
          188.0
        ],
        [
          1536.0,
          187.0
        ],
        [
          1536.0,
          185.0
        ],
        [
          1537.0,
          184.0
        ],
        [
          1537.0,
          181.0
        ],
        [
          1538.0,
          180.0
        ],
        [
          1538.0,
          178.0
        ],
        [
          1539.0,
          177.0
        ],
        [
          1539.0,
          171.0
        ],
        [
          1538.0,
          170.0
        ],
        [
          1538.0,
          162.0
        ],
        [
          1537.0,
          161.0
        ],
        [
          1537.0,
          155.0
        ],
        [
          1538.0,
          154.0
        ],
        [
          1537.0,
          153.0
        ],
        [
          1537.0,
          144.0
        ],
        [
          1536.0,
          143.0
        ],
        [
          1536.0,
          139.0
        ],
        [
          1535.0,
          138.0
        ],
        [
          1535.0,
          133.0
        ],
        [
          1534.0,
          132.0
        ],
        [
          1534.0,
          128.0
        ],
        [
          1533.0,
          127.0
        ],
        [
          1533.0,
          123.0
        ],
        [
          1532.0,
          122.0
        ],
        [
          1532.0,
          120.0
        ]
      ],
      "group_id": null,
      "description": "",
      "difficult": false,
      "shape_type": "polygon",
      "flags": {},
      "attributes": {},
      "kie_linking": []
    },
    {
      "label": "fish",
      "score": null,
      "points": [
        [
          1155.0,
          827.0
        ],
        [
          1154.0,
          828.0
        ],
        [
          1154.0,
          829.0
        ],
        [
          1155.0,
          830.0
        ],
        [
          1155.0,
          835.0
        ],
        [
          1156.0,
          836.0
        ],
        [
          1156.0,
          837.0
        ],
        [
          1157.0,
          838.0
        ],
        [
          1157.0,
          839.0
        ],
        [
          1162.0,
          844.0
        ],
        [
          1162.0,
          845.0
        ],
        [
          1163.0,
          846.0
        ],
        [
          1163.0,
          847.0
        ],
        [
          1164.0,
          848.0
        ],
        [
          1164.0,
          849.0
        ],
        [
          1169.0,
          854.0
        ],
        [
          1169.0,
          855.0
        ],
        [
          1170.0,
          856.0
        ],
        [
          1170.0,
          858.0
        ],
        [
          1171.0,
          859.0
        ],
        [
          1171.0,
          861.0
        ],
        [
          1172.0,
          862.0
        ],
        [
          1172.0,
          864.0
        ],
        [
          1173.0,
          865.0
        ],
        [
          1173.0,
          866.0
        ],
        [
          1174.0,
          867.0
        ],
        [
          1174.0,
          868.0
        ],
        [
          1175.0,
          869.0
        ],
        [
          1175.0,
          870.0
        ],
        [
          1176.0,
          871.0
        ],
        [
          1176.0,
          873.0
        ],
        [
          1177.0,
          874.0
        ],
        [
          1177.0,
          875.0
        ],
        [
          1178.0,
          876.0
        ],
        [
          1178.0,
          877.0
        ],
        [
          1179.0,
          878.0
        ],
        [
          1179.0,
          880.0
        ],
        [
          1180.0,
          881.0
        ],
        [
          1180.0,
          883.0
        ],
        [
          1181.0,
          884.0
        ],
        [
          1181.0,
          886.0
        ],
        [
          1182.0,
          887.0
        ],
        [
          1182.0,
          890.0
        ],
        [
          1183.0,
          891.0
        ],
        [
          1183.0,
          894.0
        ],
        [
          1184.0,
          895.0
        ],
        [
          1184.0,
          897.0
        ],
        [
          1185.0,
          898.0
        ],
        [
          1185.0,
          899.0
        ],
        [
          1186.0,
          900.0
        ],
        [
          1186.0,
          901.0
        ],
        [
          1187.0,
          902.0
        ],
        [
          1187.0,
          903.0
        ],
        [
          1188.0,
          904.0
        ],
        [
          1188.0,
          905.0
        ],
        [
          1189.0,
          906.0
        ],
        [
          1189.0,
          907.0
        ],
        [
          1190.0,
          908.0
        ],
        [
          1190.0,
          909.0
        ],
        [
          1191.0,
          910.0
        ],
        [
          1191.0,
          911.0
        ],
        [
          1193.0,
          913.0
        ],
        [
          1193.0,
          914.0
        ],
        [
          1196.0,
          917.0
        ],
        [
          1196.0,
          918.0
        ],
        [
          1197.0,
          919.0
        ],
        [
          1197.0,
          920.0
        ],
        [
          1199.0,
          922.0
        ],
        [
          1199.0,
          924.0
        ],
        [
          1200.0,
          925.0
        ],
        [
          1200.0,
          926.0
        ],
        [
          1201.0,
          927.0
        ],
        [
          1202.0,
          927.0
        ],
        [
          1203.0,
          928.0
        ],
        [
          1207.0,
          928.0
        ],
        [
          1208.0,
          929.0
        ],
        [
          1213.0,
          929.0
        ],
        [
          1214.0,
          928.0
        ],
        [
          1218.0,
          928.0
        ],
        [
          1219.0,
          927.0
        ],
        [
          1220.0,
          927.0
        ],
        [
          1221.0,
          926.0
        ],
        [
          1221.0,
          917.0
        ],
        [
          1220.0,
          916.0
        ],
        [
          1220.0,
          914.0
        ],
        [
          1218.0,
          912.0
        ],
        [
          1218.0,
          911.0
        ],
        [
          1214.0,
          907.0
        ],
        [
          1214.0,
          906.0
        ],
        [
          1212.0,
          904.0
        ],
        [
          1212.0,
          903.0
        ],
        [
          1210.0,
          901.0
        ],
        [
          1210.0,
          900.0
        ],
        [
          1209.0,
          899.0
        ],
        [
          1209.0,
          898.0
        ],
        [
          1208.0,
          897.0
        ],
        [
          1208.0,
          896.0
        ],
        [
          1207.0,
          895.0
        ],
        [
          1207.0,
          893.0
        ],
        [
          1206.0,
          892.0
        ],
        [
          1206.0,
          891.0
        ],
        [
          1205.0,
          890.0
        ],
        [
          1205.0,
          889.0
        ],
        [
          1204.0,
          888.0
        ],
        [
          1204.0,
          887.0
        ],
        [
          1202.0,
          885.0
        ],
        [
          1202.0,
          884.0
        ],
        [
          1200.0,
          882.0
        ],
        [
          1200.0,
          881.0
        ],
        [
          1191.0,
          872.0
        ],
        [
          1191.0,
          871.0
        ],
        [
          1188.0,
          868.0
        ],
        [
          1188.0,
          867.0
        ],
        [
          1185.0,
          864.0
        ],
        [
          1185.0,
          863.0
        ],
        [
          1181.0,
          859.0
        ],
        [
          1181.0,
          858.0
        ],
        [
          1179.0,
          856.0
        ],
        [
          1178.0,
          856.0
        ],
        [
          1177.0,
          855.0
        ],
        [
          1177.0,
          854.0
        ],
        [
          1176.0,
          853.0
        ],
        [
          1176.0,
          852.0
        ],
        [
          1175.0,
          851.0
        ],
        [
          1175.0,
          850.0
        ],
        [
          1169.0,
          844.0
        ],
        [
          1169.0,
          843.0
        ],
        [
          1167.0,
          841.0
        ],
        [
          1167.0,
          840.0
        ],
        [
          1165.0,
          838.0
        ],
        [
          1165.0,
          837.0
        ],
        [
          1160.0,
          832.0
        ],
        [
          1160.0,
          831.0
        ],
        [
          1159.0,
          830.0
        ],
        [
          1159.0,
          829.0
        ],
        [
          1157.0,
          827.0
        ]
      ],
      "group_id": null,
      "description": "",
      "difficult": false,
      "shape_type": "polygon",
      "flags": {},
      "attributes": {},
      "kie_linking": []
    },
    {
      "label": "fish",
      "score": null,
      "points": [
        [
          1709.0,
          779.0
        ],
        [
          1708.0,
          779.0
        ],
        [
          1707.0,
          778.0
        ],
        [
          1704.0,
          778.0
        ],
        [
          1703.0,
          779.0
        ],
        [
          1702.0,
          779.0
        ],
        [
          1701.0,
          780.0
        ],
        [
          1700.0,
          780.0
        ],
        [
          1699.0,
          781.0
        ],
        [
          1698.0,
          781.0
        ],
        [
          1695.0,
          783.0
        ],
        [
          1693.0,
          783.0
        ],
        [
          1692.0,
          784.0
        ],
        [
          1690.0,
          784.0
        ],
        [
          1685.0,
          789.0
        ],
        [
          1685.0,
          790.0
        ],
        [
          1683.0,
          792.0
        ],
        [
          1683.0,
          793.0
        ],
        [
          1675.0,
          801.0
        ],
        [
          1675.0,
          802.0
        ],
        [
          1673.0,
          804.0
        ],
        [
          1673.0,
          805.0
        ],
        [
          1671.0,
          807.0
        ],
        [
          1671.0,
          808.0
        ],
        [
          1667.0,
          812.0
        ],
        [
          1666.0,
          815.0
        ],
        [
          1664.0,
          817.0
        ],
        [
          1663.0,
          820.0
        ],
        [
          1661.0,
          822.0
        ],
        [
          1661.0,
          823.0
        ],
        [
          1660.0,
          824.0
        ],
        [
          1660.0,
          825.0
        ],
        [
          1658.0,
          828.0
        ],
        [
          1658.0,
          830.0
        ],
        [
          1657.0,
          831.0
        ],
        [
          1656.0,
          834.0
        ],
        [
          1654.0,
          836.0
        ],
        [
          1654.0,
          837.0
        ],
        [
          1653.0,
          838.0
        ],
        [
          1652.0,
          841.0
        ],
        [
          1650.0,
          843.0
        ],
        [
          1649.0,
          846.0
        ],
        [
          1643.0,
          852.0
        ],
        [
          1643.0,
          853.0
        ],
        [
          1636.0,
          860.0
        ],
        [
          1636.0,
          861.0
        ],
        [
          1635.0,
          862.0
        ],
        [
          1635.0,
          864.0
        ],
        [
          1634.0,
          865.0
        ],
        [
          1634.0,
          866.0
        ],
        [
          1633.0,
          867.0
        ],
        [
          1633.0,
          868.0
        ],
        [
          1631.0,
          871.0
        ],
        [
          1631.0,
          873.0
        ],
        [
          1630.0,
          874.0
        ],
        [
          1630.0,
          876.0
        ],
        [
          1629.0,
          877.0
        ],
        [
          1628.0,
          880.0
        ],
        [
          1622.0,
          886.0
        ],
        [
          1622.0,
          887.0
        ],
        [
          1621.0,
          888.0
        ],
        [
          1622.0,
          889.0
        ],
        [
          1622.0,
          891.0
        ],
        [
          1623.0,
          892.0
        ],
        [
          1625.0,
          892.0
        ],
        [
          1626.0,
          893.0
        ],
        [
          1630.0,
          893.0
        ],
        [
          1631.0,
          892.0
        ],
        [
          1632.0,
          892.0
        ],
        [
          1635.0,
          889.0
        ],
        [
          1635.0,
          888.0
        ],
        [
          1637.0,
          886.0
        ],
        [
          1637.0,
          885.0
        ],
        [
          1643.0,
          879.0
        ],
        [
          1644.0,
          879.0
        ],
        [
          1645.0,
          878.0
        ],
        [
          1646.0,
          878.0
        ],
        [
          1647.0,
          877.0
        ],
        [
          1648.0,
          877.0
        ],
        [
          1649.0,
          876.0
        ],
        [
          1650.0,
          876.0
        ],
        [
          1651.0,
          875.0
        ],
        [
          1652.0,
          875.0
        ],
        [
          1653.0,
          874.0
        ],
        [
          1654.0,
          874.0
        ],
        [
          1655.0,
          873.0
        ],
        [
          1656.0,
          873.0
        ],
        [
          1657.0,
          872.0
        ],
        [
          1658.0,
          872.0
        ],
        [
          1659.0,
          871.0
        ],
        [
          1660.0,
          871.0
        ],
        [
          1661.0,
          870.0
        ],
        [
          1662.0,
          870.0
        ],
        [
          1663.0,
          869.0
        ],
        [
          1664.0,
          869.0
        ],
        [
          1667.0,
          867.0
        ],
        [
          1669.0,
          867.0
        ],
        [
          1670.0,
          866.0
        ],
        [
          1671.0,
          866.0
        ],
        [
          1673.0,
          864.0
        ],
        [
          1674.0,
          864.0
        ],
        [
          1674.0,
          863.0
        ],
        [
          1683.0,
          854.0
        ],
        [
          1684.0,
          854.0
        ],
        [
          1691.0,
          847.0
        ],
        [
          1691.0,
          846.0
        ],
        [
          1693.0,
          844.0
        ],
        [
          1694.0,
          841.0
        ],
        [
          1697.0,
          838.0
        ],
        [
          1697.0,
          837.0
        ],
        [
          1699.0,
          834.0
        ],
        [
          1699.0,
          831.0
        ],
        [
          1700.0,
          830.0
        ],
        [
          1700.0,
          828.0
        ],
        [
          1701.0,
          827.0
        ],
        [
          1701.0,
          825.0
        ],
        [
          1702.0,
          824.0
        ],
        [
          1702.0,
          823.0
        ],
        [
          1703.0,
          822.0
        ],
        [
          1703.0,
          821.0
        ],
        [
          1704.0,
          820.0
        ],
        [
          1704.0,
          819.0
        ],
        [
          1705.0,
          818.0
        ],
        [
          1705.0,
          817.0
        ],
        [
          1707.0,
          814.0
        ],
        [
          1707.0,
          810.0
        ],
        [
          1708.0,
          809.0
        ],
        [
          1708.0,
          805.0
        ],
        [
          1709.0,
          804.0
        ],
        [
          1709.0,
          800.0
        ],
        [
          1710.0,
          799.0
        ],
        [
          1710.0,
          789.0
        ],
        [
          1711.0,
          788.0
        ],
        [
          1711.0,
          782.0
        ]
      ],
      "group_id": null,
      "description": "",
      "difficult": false,
      "shape_type": "polygon",
      "flags": {},
      "attributes": {},
      "kie_linking": []
    }
  ],
  "imagePath": "frame_000040.jpg",
  "imageData": null,
  "imageHeight": 1080,
  "imageWidth": 1920
}