{
  "version": "3.1.1",
  "flags": {},
  "shapes": [
    {
      "label": "fish",
      "score": null,
      "points": [
        [
          1142.0,
          736.0
        ],
        [
          1141.0,
          736.0
        ],
        [
          1140.0,
          735.0
        ],
        [
          1138.0,
          735.0
        ],
        [
          1137.0,
          734.0
        ],
        [
          1135.0,
          734.0
        ],
        [
          1134.0,
          735.0
        ],
        [
          1132.0,
          735.0
        ],
        [
          1131.0,
          736.0
        ],
        [
          1129.0,
          736.0
        ],
        [
          1128.0,
          737.0
        ],
        [
          1127.0,
          737.0
        ],
        [
          1126.0,
          738.0
        ],
        [
          1125.0,
          738.0
        ],
        [
          1124.0,
          739.0
        ],
        [
          1123.0,
          739.0
        ],
        [
          1120.0,
          741.0
        ],
        [
          1118.0,
          741.0
        ],
        [
          1115.0,
          743.0
        ],
        [
          1113.0,
          743.0
        ],
        [
          1112.0,
          744.0
        ],
        [
          1111.0,
          744.0
        ],
        [
          1110.0,
          745.0
        ],
        [
          1109.0,
          745.0
        ],
        [
          1108.0,
          746.0
        ],
        [
          1107.0,
          746.0
        ],
        [
          1106.0,
          747.0
        ],
        [
          1105.0,
          747.0
        ],
        [
          1104.0,
          748.0
        ],
        [
          1103.0,
          748.0
        ],
        [
          1101.0,
          750.0
        ],
        [
          1100.0,
          750.0
        ],
        [
          1099.0,
          751.0
        ],
        [
          1097.0,
          751.0
        ],
        [
          1096.0,
          752.0
        ],
        [
          1095.0,
          752.0
        ],
        [
          1093.0,
          754.0
        ],
        [
          1092.0,
          754.0
        ],
        [
          1091.0,
          755.0
        ],
        [
          1090.0,
          755.0
        ],
        [
          1088.0,
          757.0
        ],
        [
          1087.0,
          757.0
        ],
        [
          1085.0,
          759.0
        ],
        [
          1084.0,
          759.0
        ],
        [
          1083.0,
          760.0
        ],
        [
          1082.0,
          760.0
        ],
        [
          1079.0,
          763.0
        ],
        [
          1078.0,
          763.0
        ],
        [
          1077.0,
          764.0
        ],
        [
          1076.0,
          764.0
        ],
        [
          1074.0,
          766.0
        ],
        [
          1073.0,
          766.0
        ],
        [
          1070.0,
          769.0
        ],
        [
          1069.0,
          769.0
        ],
        [
          1067.0,
          771.0
        ],
        [
          1066.0,
          771.0
        ],
        [
          1064.0,
          773.0
        ],
        [
          1063.0,
          773.0
        ],
        [
          1062.0,
          774.0
        ],
        [
          1061.0,
          774.0
        ],
        [
          1060.0,
          775.0
        ],
        [
          1059.0,
          775.0
        ],
        [
          1058.0,
          776.0
        ],
        [
          1057.0,
          776.0
        ],
        [
          1056.0,
          777.0
        ],
        [
          1055.0,
          777.0
        ],
        [
          1054.0,
          778.0
        ],
        [
          1053.0,
          778.0
        ],
        [
          1052.0,
          779.0
        ],
        [
          1051.0,
          779.0
        ],
        [
          1050.0,
          780.0
        ],
        [
          1049.0,
          780.0
        ],
        [
          1048.0,
          781.0
        ],
        [
          1047.0,
          781.0
        ],
        [
          1041.0,
          787.0
        ],
        [
          1040.0,
          787.0
        ],
        [
          1039.0,
          788.0
        ],
        [
          1038.0,
          788.0
        ],
        [
          1037.0,
          789.0
        ],
        [
          1036.0,
          789.0
        ],
        [
          1034.0,
          791.0
        ],
        [
          1034.0,
          792.0
        ],
        [
          1033.0,
          793.0
        ],
        [
          1033.0,
          794.0
        ],
        [
          1031.0,
          796.0
        ],
        [
          1031.0,
          797.0
        ],
        [
          1030.0,
          798.0
        ],
        [
          1030.0,
          799.0
        ],
        [
          1029.0,
          800.0
        ],
        [
          1029.0,
          801.0
        ],
        [
          1027.0,
          804.0
        ],
        [
          1027.0,
          811.0
        ],
        [
          1028.0,
          812.0
        ],
        [
          1028.0,
          814.0
        ],
        [
          1031.0,
          817.0
        ],
        [
          1039.0,
          817.0
        ],
        [
          1042.0,
          815.0
        ],
        [
          1044.0,
          815.0
        ],
        [
          1045.0,
          814.0
        ],
        [
          1046.0,
          814.0
        ],
        [
          1047.0,
          813.0
        ],
        [
          1048.0,
          813.0
        ],
        [
          1049.0,
          812.0
        ],
        [
          1050.0,
          812.0
        ],
        [
          1051.0,
          811.0
        ],
        [
          1052.0,
          811.0
        ],
        [
          1054.0,
          809.0
        ],
        [
          1055.0,
          809.0
        ],
        [
          1056.0,
          808.0
        ],
        [
          1057.0,
          808.0
        ],
        [
          1058.0,
          807.0
        ],
        [
          1059.0,
          807.0
        ],
        [
          1060.0,
          806.0
        ],
        [
          1061.0,
          806.0
        ],
        [
          1062.0,
          805.0
        ],
        [
          1063.0,
          805.0
        ],
        [
          1065.0,
          803.0
        ],
        [
          1066.0,
          803.0
        ],
        [
          1067.0,
          802.0
        ],
        [
          1069.0,
          802.0
        ],
        [
          1070.0,
          801.0
        ],
        [
          1071.0,
          801.0
        ],
        [
          1080.0,
          792.0
        ],
        [
          1081.0,
          792.0
        ],
        [
          1085.0,
          788.0
        ],
        [
          1086.0,
          788.0
        ],
        [
          1094.0,
          780.0
        ],
        [
          1094.0,
          779.0
        ],
        [
          1099.0,
          774.0
        ],
        [
          1099.0,
          773.0
        ],
        [
          1105.0,
          767.0
        ],
        [
          1106.0,
          767.0
        ],
        [
          1108.0,
          765.0
        ],
        [
          1109.0,
          765.0
        ],
        [
          1112.0,
          762.0
        ],
        [
          1112.0,
          761.0
        ],
        [
          1117.0,
          756.0
        ],
        [
          1117.0,
          755.0
        ],
        [
          1120.0,
          752.0
        ],
        [
          1121.0,
          752.0
        ],
        [
          1123.0,
          750.0
        ],
        [
          1124.0,
          750.0
        ],
        [
          1126.0,
          748.0
        ],
        [
          1127.0,
          748.0
        ],
        [
          1128.0,
          747.0
        ],
        [
          1129.0,
          747.0
        ],
        [
          1130.0,
          746.0
        ],
        [
          1131.0,
          746.0
        ],
        [
          1133.0,
          744.0
        ],
        [
          1134.0,
          744.0
        ],
        [
          1135.0,
          743.0
        ],
        [
          1137.0,
          743.0
        ],
        [
          1138.0,
          742.0
        ],
        [
          1139.0,
          742.0
        ],
        [
          1140.0,
          741.0
        ],
        [
          1141.0,
          741.0
        ],
        [
          1142.0,
          740.0
        ]
      ],
      "group_id": null,
      "description": "",
      "difficult": false,
      "shape_type": "polygon",
      "flags": {},
      "attributes": {},
      "kie_linking": []
    },
    {
      "label": "fish",
      "score": null,
      "points": [
        [
          1762.0,
          567.0
        ],
        [
          1759.0,
          565.0
        ],
        [
          1755.0,
          565.0
        ],
        [
          1754.0,
          564.0
        ],
        [
          1748.0,
          564.0
        ],
        [
          1747.0,
          563.0
        ],
        [
          1740.0,
          563.0
        ],
        [
          1739.0,
          564.0
        ],
        [
          1737.0,
          564.0
        ],
        [
          1736.0,
          565.0
        ],
        [
          1734.0,
          565.0
        ],
        [
          1733.0,
          566.0
        ],
        [
          1732.0,
          566.0
        ],
        [
          1729.0,
          568.0
        ],
        [
          1726.0,
          568.0
        ],
        [
          1725.0,
          569.0
        ],
        [
          1723.0,
          569.0
        ],
        [
          1722.0,
          570.0
        ],
        [
          1719.0,
          570.0
        ],
        [
          1718.0,
          571.0
        ],
        [
          1715.0,
          571.0
        ],
        [
          1714.0,
          572.0
        ],
        [
          1713.0,
          572.0
        ],
        [
          1712.0,
          573.0
        ],
        [
          1711.0,
          573.0
        ],
        [
          1710.0,
          574.0
        ],
        [
          1709.0,
          574.0
        ],
        [
          1708.0,
          575.0
        ],
        [
          1707.0,
          575.0
        ],
        [
          1702.0,
          580.0
        ],
        [
          1701.0,
          580.0
        ],
        [
          1700.0,
          581.0
        ],
        [
          1699.0,
          581.0
        ],
        [
          1696.0,
          583.0
        ],
        [
          1694.0,
          583.0
        ],
        [
          1693.0,
          584.0
        ],
        [
          1690.0,
          584.0
        ],
        [
          1689.0,
          585.0
        ],
        [
          1687.0,
          585.0
        ],
        [
          1686.0,
          586.0
        ],
        [
          1684.0,
          586.0
        ],
        [
          1683.0,
          587.0
        ],
        [
          1682.0,
          587.0
        ],
        [
          1680.0,
          589.0
        ],
        [
          1679.0,
          589.0
        ],
        [
          1678.0,
          590.0
        ],
        [
          1676.0,
          590.0
        ],
        [
          1675.0,
          591.0
        ],
        [
          1674.0,
          591.0
        ],
        [
          1673.0,
          592.0
        ],
        [
          1672.0,
          592.0
        ],
        [
          1671.0,
          593.0
        ],
        [
          1670.0,
          593.0
        ],
        [
          1669.0,
          594.0
        ],
        [
          1668.0,
          594.0
        ],
        [
          1667.0,
          595.0
        ],
        [
          1666.0,
          595.0
        ],
        [
          1664.0,
          597.0
        ],
        [
          1664.0,
          598.0
        ],
        [
          1660.0,
          602.0
        ],
        [
          1660.0,
          603.0
        ],
        [
          1658.0,
          606.0
        ],
        [
          1658.0,
          608.0
        ],
        [
          1657.0,
          609.0
        ],
        [
          1657.0,
          610.0
        ],
        [
          1656.0,
          611.0
        ],
        [
          1656.0,
          612.0
        ],
        [
          1655.0,
          613.0
        ],
        [
          1655.0,
          614.0
        ],
        [
          1653.0,
          616.0
        ],
        [
          1653.0,
          617.0
        ],
        [
          1652.0,
          618.0
        ],
        [
          1652.0,
          619.0
        ],
        [
          1650.0,
          621.0
        ],
        [
          1649.0,
          621.0
        ],
        [
          1648.0,
          622.0
        ],
        [
          1647.0,
          622.0
        ],
        [
          1646.0,
          623.0
        ],
        [
          1645.0,
          623.0
        ],
        [
          1644.0,
          624.0
        ],
        [
          1643.0,
          624.0
        ],
        [
          1641.0,
          626.0
        ],
        [
          1641.0,
          627.0
        ],
        [
          1642.0,
          628.0
        ],
        [
          1642.0,
          629.0
        ],
        [
          1643.0,
          630.0
        ],
        [
          1652.0,
          630.0
        ],
        [
          1653.0,
          629.0
        ],
        [
          1654.0,
          629.0
        ],
        [
          1656.0,
          627.0
        ],
        [
          1657.0,
          627.0
        ],
        [
          1658.0,
          626.0
        ],
        [
          1660.0,
          626.0
        ],
        [
          1661.0,
          625.0
        ],
        [
          1662.0,
          625.0
        ],
        [
          1664.0,
          623.0
        ],
        [
          1665.0,
          623.0
        ],
        [
          1667.0,
          621.0
        ],
        [
          1668.0,
          621.0
        ],
        [
          1669.0,
          620.0
        ],
        [
          1670.0,
          620.0
        ],
        [
          1672.0,
          618.0
        ],
        [
          1673.0,
          618.0
        ],
        [
          1675.0,
          616.0
        ],
        [
          1676.0,
          616.0
        ],
        [
          1677.0,
          615.0
        ],
        [
          1679.0,
          615.0
        ],
        [
          1680.0,
          614.0
        ],
        [
          1683.0,
          614.0
        ],
        [
          1684.0,
          613.0
        ],
        [
          1689.0,
          613.0
        ],
        [
          1690.0,
          612.0
        ],
        [
          1696.0,
          612.0
        ],
        [
          1697.0,
          611.0
        ],
        [
          1701.0,
          611.0
        ],
        [
          1702.0,
          610.0
        ],
        [
          1705.0,
          610.0
        ],
        [
          1706.0,
          609.0
        ],
        [
          1708.0,
          609.0
        ],
        [
          1709.0,
          608.0
        ],
        [
          1712.0,
          608.0
        ],
        [
          1713.0,
          607.0
        ],
        [
          1714.0,
          607.0
        ],
        [
          1717.0,
          605.0
        ],
        [
          1719.0,
          605.0
        ],
        [
          1720.0,
          604.0
        ],
        [
          1722.0,
          604.0
        ],
        [
          1723.0,
          603.0
        ],
        [
          1724.0,
          603.0
        ],
        [
          1725.0,
          602.0
        ],
        [
          1726.0,
          602.0
        ],
        [
          1727.0,
          601.0
        ],
        [
          1728.0,
          601.0
        ],
        [
          1730.0,
          599.0
        ],
        [
          1731.0,
          599.0
        ],
        [
          1734.0,
          596.0
        ],
        [
          1735.0,
          596.0
        ],
        [
          1737.0,
          594.0
        ],
        [
          1738.0,
          594.0
        ],
        [
          1740.0,
          592.0
        ],
        [
          1741.0,
          592.0
        ],
        [
          1742.0,
          591.0
        ],
        [
          1743.0,
          591.0
        ],
        [
          1745.0,
          589.0
        ],
        [
          1746.0,
          589.0
        ],
        [
          1749.0,
          586.0
        ],
        [
          1750.0,
          586.0
        ],
        [
          1754.0,
          582.0
        ],
        [
          1755.0,
          582.0
        ],
        [
          1758.0,
          579.0
        ],
        [
          1759.0,
          579.0
        ],
        [
          1761.0,
          577.0
        ],
        [
          1761.0,
          576.0
        ],
        [
          1763.0,
          574.0
        ],
        [
          1763.0,
          573.0
        ],
        [
          1764.0,
          572.0
        ],
        [
          1763.0,
          571.0
        ],
        [
          1763.0,
          569.0
        ],
        [
          1762.0,
          568.0
        ]
      ],
      "group_id": null,
      "description": "",
      "difficult": false,
      "shape_type": "polygon",
      "flags": {},
      "attributes": {},
      "kie_linking": []
    },
    {
      "label": "fish",
      "score": null,
      "points": [
        [
          1472.0,
          805.0
        ],
        [
          1472.0,
          808.0
        ],
        [
          1474.0,
          811.0
        ],
        [
          1474.0,
          817.0
        ],
        [
          1473.0,
          818.0
        ],
        [
          1473.0,
          824.0
        ],
        [
          1474.0,
          825.0
        ],
        [
          1474.0,
          832.0
        ],
        [
          1475.0,
          833.0
        ],
        [
          1475.0,
          837.0
        ],
        [
          1476.0,
          838.0
        ],
        [
          1476.0,
          840.0
        ],
        [
          1477.0,
          841.0
        ],
        [
          1477.0,
          844.0
        ],
        [
          1478.0,
          845.0
        ],
        [
          1478.0,
          848.0
        ],
        [
          1479.0,
          849.0
        ],
        [
          1479.0,
          851.0
        ],
        [
          1480.0,
          852.0
        ],
        [
          1480.0,
          854.0
        ],
        [
          1481.0,
          855.0
        ],
        [
          1481.0,
          857.0
        ],
        [
          1482.0,
          858.0
        ],
        [
          1482.0,
          859.0
        ],
        [
          1483.0,
          860.0
        ],
        [
          1483.0,
          861.0
        ],
        [
          1485.0,
          864.0
        ],
        [
          1485.0,
          866.0
        ],
        [
          1486.0,
          867.0
        ],
        [
          1486.0,
          869.0
        ],
        [
          1487.0,
          870.0
        ],
        [
          1487.0,
          872.0
        ],
        [
          1488.0,
          873.0
        ],
        [
          1488.0,
          874.0
        ],
        [
          1489.0,
          875.0
        ],
        [
          1489.0,
          876.0
        ],
        [
          1490.0,
          877.0
        ],
        [
          1490.0,
          878.0
        ],
        [
          1491.0,
          879.0
        ],
        [
          1491.0,
          880.0
        ],
        [
          1493.0,
          882.0
        ],
        [
          1493.0,
          883.0
        ],
        [
          1499.0,
          889.0
        ],
        [
          1499.0,
          890.0
        ],
        [
          1500.0,
          891.0
        ],
        [
          1500.0,
          892.0
        ],
        [
          1501.0,
          893.0
        ],
        [
          1501.0,
          894.0
        ],
        [
          1503.0,
          896.0
        ],
        [
          1503.0,
          897.0
        ],
        [
          1506.0,
          900.0
        ],
        [
          1506.0,
          901.0
        ],
        [
          1508.0,
          903.0
        ],
        [
          1508.0,
          904.0
        ],
        [
          1510.0,
          907.0
        ],
        [
          1511.0,
          907.0
        ],
        [
          1512.0,
          908.0
        ],
        [
          1514.0,
          908.0
        ],
        [
          1515.0,
          909.0
        ],
        [
          1518.0,
          909.0
        ],
        [
          1519.0,
          910.0
        ],
        [
          1525.0,
          910.0
        ],
        [
          1526.0,
          909.0
        ],
        [
          1530.0,
          909.0
        ],
        [
          1531.0,
          908.0
        ],
        [
          1532.0,
          908.0
        ],
        [
          1533.0,
          907.0
        ],
        [
          1534.0,
          907.0
        ],
        [
          1536.0,
          904.0
        ],
        [
          1536.0,
          900.0
        ],
        [
          1535.0,
          899.0
        ],
        [
          1535.0,
          896.0
        ],
        [
          1533.0,
          894.0
        ],
        [
          1533.0,
          893.0
        ],
        [
          1531.0,
          891.0
        ],
        [
          1531.0,
          890.0
        ],
        [
          1530.0,
          889.0
        ],
        [
          1530.0,
          888.0
        ],
        [
          1529.0,
          887.0
        ],
        [
          1529.0,
          886.0
        ],
        [
          1528.0,
          885.0
        ],
        [
          1528.0,
          884.0
        ],
        [
          1526.0,
          882.0
        ],
        [
          1526.0,
          881.0
        ],
        [
          1525.0,
          880.0
        ],
        [
          1525.0,
          879.0
        ],
        [
          1523.0,
          877.0
        ],
        [
          1523.0,
          876.0
        ],
        [
          1522.0,
          875.0
        ],
        [
          1522.0,
          874.0
        ],
        [
          1521.0,
          873.0
        ],
        [
          1521.0,
          872.0
        ],
        [
          1509.0,
          860.0
        ],
        [
          1508.0,
          860.0
        ],
        [
          1507.0,
          859.0
        ],
        [
          1507.0,
          858.0
        ],
        [
          1500.0,
          851.0
        ],
        [
          1500.0,
          850.0
        ],
        [
          1498.0,
          848.0
        ],
        [
          1498.0,
          847.0
        ],
        [
          1497.0,
          846.0
        ],
        [
          1497.0,
          845.0
        ],
        [
          1495.0,
          842.0
        ],
        [
          1495.0,
          840.0
        ],
        [
          1494.0,
          839.0
        ],
        [
          1494.0,
          837.0
        ],
        [
          1493.0,
          836.0
        ],
        [
          1493.0,
          831.0
        ],
        [
          1492.0,
          830.0
        ],
        [
          1492.0,
          823.0
        ],
        [
          1493.0,
          822.0
        ],
        [
          1493.0,
          819.0
        ],
        [
          1492.0,
          818.0
        ],
        [
          1492.0,
          814.0
        ],
        [
          1491.0,
          813.0
        ],
        [
          1491.0,
          812.0
        ],
        [
          1488.0,
          809.0
        ],
        [
          1486.0,
          809.0
        ],
        [
          1485.0,
          808.0
        ],
        [
          1483.0,
          808.0
        ],
        [
          1480.0,
          806.0
        ],
        [
          1477.0,
          806.0
        ],
        [
          1476.0,
          805.0
        ]
      ],
      "group_id": null,
      "description": "",
      "difficult": false,
      "shape_type": "polygon",
      "flags": {},
      "attributes": {},
      "kie_linking": []
    },
    {
      "label": "fish",
      "score": null,
      "points": [
        [
          1547.0,
          849.0
        ],
        [
          1547.0,
          853.0
        ],
        [
          1548.0,
          854.0
        ],
        [
          1548.0,
          857.0
        ],
        [
          1549.0,
          858.0
        ],
        [
          1549.0,
          859.0
        ],
        [
          1551.0,
          861.0
        ],
        [
          1551.0,
          862.0
        ],
        [
          1552.0,
          863.0
        ],
        [
          1552.0,
          864.0
        ],
        [
          1553.0,
          865.0
        ],
        [
          1553.0,
          866.0
        ],
        [
          1560.0,
          873.0
        ],
        [
          1560.0,
          874.0
        ],
        [
          1567.0,
          881.0
        ],
        [
          1567.0,
          882.0
        ],
        [
          1581.0,
          896.0
        ],
        [
          1581.0,
          897.0
        ],
        [
          1585.0,
          901.0
        ],
        [
          1586.0,
          901.0
        ],
        [
          1587.0,
          902.0
        ],
        [
          1602.0,
          902.0
        ],
        [
          1603.0,
          901.0
        ],
        [
          1610.0,
          901.0
        ],
        [
          1611.0,
          900.0
        ],
        [
          1621.0,
          900.0
        ],
        [
          1622.0,
          899.0
        ],
        [
          1624.0,
          899.0
        ],
        [
          1627.0,
          896.0
        ],
        [
          1626.0,
          895.0
        ],
        [
          1626.0,
          894.0
        ],
        [
          1624.0,
          892.0
        ],
        [
          1623.0,
          892.0
        ],
        [
          1621.0,
          890.0
        ],
        [
          1620.0,
          890.0
        ],
        [
          1616.0,
          886.0
        ],
        [
          1615.0,
          886.0
        ],
        [
          1614.0,
          885.0
        ],
        [
          1611.0,
          885.0
        ],
        [
          1610.0,
          884.0
        ],
        [
          1608.0,
          884.0
        ],
        [
          1607.0,
          883.0
        ],
        [
          1606.0,
          883.0
        ],
        [
          1605.0,
          882.0
        ],
        [
          1604.0,
          882.0
        ],
        [
          1603.0,
          881.0
        ],
        [
          1602.0,
          881.0
        ],
        [
          1601.0,
          880.0
        ],
        [
          1599.0,
          880.0
        ],
        [
          1598.0,
          879.0
        ],
        [
          1597.0,
          879.0
        ],
        [
          1596.0,
          878.0
        ],
        [
          1595.0,
          878.0
        ],
        [
          1594.0,
          877.0
        ],
        [
          1592.0,
          877.0
        ],
        [
          1591.0,
          876.0
        ],
        [
          1589.0,
          876.0
        ],
        [
          1588.0,
          875.0
        ],
        [
          1587.0,
          875.0
        ],
        [
          1586.0,
          874.0
        ],
        [
          1585.0,
          874.0
        ],
        [
          1584.0,
          873.0
        ],
        [
          1583.0,
          873.0
        ],
        [
          1581.0,
          871.0
        ],
        [
          1580.0,
          871.0
        ],
        [
          1578.0,
          869.0
        ],
        [
          1577.0,
          869.0
        ],
        [
          1576.0,
          868.0
        ],
        [
          1575.0,
          868.0
        ],
        [
          1574.0,
          867.0
        ],
        [
          1573.0,
          867.0
        ],
        [
          1571.0,
          865.0
        ],
        [
          1570.0,
          865.0
        ],
        [
          1568.0,
          863.0
        ],
        [
          1567.0,
          863.0
        ],
        [
          1565.0,
          861.0
        ],
        [
          1564.0,
          861.0
        ],
        [
          1563.0,
          860.0
        ],
        [
          1562.0,
          860.0
        ],
        [
          1557.0,
          855.0
        ],
        [
          1556.0,
          855.0
        ],
        [
          1555.0,
          854.0
        ],
        [
          1554.0,
          854.0
        ],
        [
          1553.0,
          853.0
        ],
        [
          1552.0,
          853.0
        ],
        [
          1549.0,
          850.0
        ],
        [
          1548.0,
          850.0
        ]
      ],
      "group_id": null,
      "description": "",
      "difficult": false,
      "shape_type": "polygon",
      "flags": {},
      "attributes": {},
      "kie_linking": []
    }
  ],
  "imagePath": "frame_000032.jpg",
  "imageData": null,
  "imageHeight": 1080,
  "imageWidth": 1920
}