{
  "version": "3.1.1",
  "flags": {},
  "shapes": [
    {
      "label": "fish",
      "score": null,
      "points": [
        [
          1512.0,
          147.0
        ],
        [
          1510.0,
          147.0
        ],
        [
          1509.0,
          148.0
        ],
        [
          1508.0,
          148.0
        ],
        [
          1507.0,
          149.0
        ],
        [
          1504.0,
          150.0
        ],
        [
          1499.0,
          154.0
        ],
        [
          1498.0,
          154.0
        ],
        [
          1497.0,
          155.0
        ],
        [
          1496.0,
          155.0
        ],
        [
          1495.0,
          156.0
        ],
        [
          1492.0,
          157.0
        ],
        [
          1490.0,
          159.0
        ],
        [
          1489.0,
          159.0
        ],
        [
          1489.0,
          160.0
        ],
        [
          1487.0,
          162.0
        ],
        [
          1487.0,
          164.0
        ],
        [
          1486.0,
          165.0
        ],
        [
          1486.0,
          166.0
        ],
        [
          1484.0,
          168.0
        ],
        [
          1484.0,
          169.0
        ],
        [
          1479.0,
          174.0
        ],
        [
          1477.0,
          180.0
        ],
        [
          1475.0,
          182.0
        ],
        [
          1475.0,
          183.0
        ],
        [
          1472.0,
          186.0
        ],
        [
          1472.0,
          187.0
        ],
        [
          1470.0,
          189.0
        ],
        [
          1469.0,
          192.0
        ],
        [
          1465.0,
          197.0
        ],
        [
          1465.0,
          199.0
        ],
        [
          1464.0,
          200.0
        ],
        [
          1464.0,
          202.0
        ],
        [
          1462.0,
          205.0
        ],
        [
          1462.0,
          207.0
        ],
        [
          1461.0,
          208.0
        ],
        [
          1461.0,
          209.0
        ],
        [
          1460.0,
          210.0
        ],
        [
          1460.0,
          211.0
        ],
        [
          1459.0,
          212.0
        ],
        [
          1459.0,
          213.0
        ],
        [
          1456.0,
          218.0
        ],
        [
          1456.0,
          220.0
        ],
        [
          1454.0,
          223.0
        ],
        [
          1454.0,
          225.0
        ],
        [
          1453.0,
          226.0
        ],
        [
          1453.0,
          227.0
        ],
        [
          1450.0,
          232.0
        ],
        [
          1450.0,
          234.0
        ],
        [
          1449.0,
          235.0
        ],
        [
          1449.0,
          239.0
        ],
        [
          1448.0,
          240.0
        ],
        [
          1448.0,
          243.0
        ],
        [
          1447.0,
          244.0
        ],
        [
          1447.0,
          247.0
        ],
        [
          1446.0,
          248.0
        ],
        [
          1446.0,
          257.0
        ],
        [
          1447.0,
          258.0
        ],
        [
          1447.0,
          262.0
        ],
        [
          1448.0,
          263.0
        ],
        [
          1448.0,
          270.0
        ],
        [
          1447.0,
          271.0
        ],
        [
          1447.0,
          274.0
        ],
        [
          1448.0,
          275.0
        ],
        [
          1448.0,
          279.0
        ],
        [
          1450.0,
          281.0
        ],
        [
          1456.0,
          281.0
        ],
        [
          1456.0,
          280.0
        ],
        [
          1455.0,
          279.0
        ],
        [
          1455.0,
          277.0
        ],
        [
          1454.0,
          276.0
        ],
        [
          1454.0,
          265.0
        ],
        [
          1455.0,
          264.0
        ],
        [
          1455.0,
          262.0
        ],
        [
          1457.0,
          259.0
        ],
        [
          1457.0,
          256.0
        ],
        [
          1458.0,
          255.0
        ],
        [
          1458.0,
          251.0
        ],
        [
          1459.0,
          250.0
        ],
        [
          1459.0,
          248.0
        ],
        [
          1460.0,
          247.0
        ],
        [
          1460.0,
          246.0
        ],
        [
          1461.0,
          245.0
        ],
        [
          1461.0,
          244.0
        ],
        [
          1462.0,
          243.0
        ],
        [
          1463.0,
          240.0
        ],
        [
          1465.0,
          238.0
        ],
        [
          1465.0,
          237.0
        ],
        [
          1467.0,
          235.0
        ],
        [
          1467.0,
          234.0
        ],
        [
          1471.0,
          230.0
        ],
        [
          1472.0,
          230.0
        ],
        [
          1480.0,
          222.0
        ],
        [
          1481.0,
          222.0
        ],
        [
          1488.0,
          215.0
        ],
        [
          1489.0,
          215.0
        ],
        [
          1489.0,
          214.0
        ],
        [
          1491.0,
          212.0
        ],
        [
          1491.0,
          211.0
        ],
        [
          1493.0,
          209.0
        ],
        [
          1493.0,
          208.0
        ],
        [
          1497.0,
          204.0
        ],
        [
          1497.0,
          203.0
        ],
        [
          1499.0,
          201.0
        ],
        [
          1499.0,
          199.0
        ],
        [
          1500.0,
          198.0
        ],
        [
          1500.0,
          197.0
        ],
        [
          1502.0,
          195.0
        ],
        [
          1502.0,
          194.0
        ],
        [
          1504.0,
          192.0
        ],
        [
          1505.0,
          189.0
        ],
        [
          1507.0,
          187.0
        ],
        [
          1507.0,
          186.0
        ],
        [
          1509.0,
          184.0
        ],
        [
          1509.0,
          183.0
        ],
        [
          1510.0,
          182.0
        ],
        [
          1510.0,
          180.0
        ],
        [
          1511.0,
          179.0
        ],
        [
          1511.0,
          177.0
        ],
        [
          1512.0,
          176.0
        ],
        [
          1512.0,
          174.0
        ],
        [
          1513.0,
          173.0
        ],
        [
          1513.0,
          172.0
        ],
        [
          1514.0,
          171.0
        ],
        [
          1514.0,
          169.0
        ],
        [
          1515.0,
          168.0
        ],
        [
          1515.0,
          165.0
        ],
        [
          1516.0,
          164.0
        ],
        [
          1516.0,
          160.0
        ],
        [
          1517.0,
          159.0
        ],
        [
          1517.0,
          157.0
        ],
        [
          1519.0,
          154.0
        ],
        [
          1519.0,
          152.0
        ],
        [
          1516.0,
          149.0
        ],
        [
          1515.0,
          149.0
        ]
      ],
      "group_id": null,
      "description": "",
      "difficult": false,
      "shape_type": "polygon",
      "flags": {},
      "attributes": {},
      "kie_linking": []
    },
    {
      "label": "fish",
      "score": null,
      "points": [
        [
          1602.0,
          89.0
        ],
        [
          1600.0,
          87.0
        ],
        [
          1599.0,
          87.0
        ],
        [
          1598.0,
          86.0
        ],
        [
          1595.0,
          86.0
        ],
        [
          1594.0,
          85.0
        ],
        [
          1585.0,
          85.0
        ],
        [
          1578.0,
          92.0
        ],
        [
          1577.0,
          92.0
        ],
        [
          1576.0,
          93.0
        ],
        [
          1576.0,
          94.0
        ],
        [
          1575.0,
          95.0
        ],
        [
          1574.0,
          95.0
        ],
        [
          1568.0,
          101.0
        ],
        [
          1568.0,
          102.0
        ],
        [
          1564.0,
          106.0
        ],
        [
          1563.0,
          106.0
        ],
        [
          1561.0,
          108.0
        ],
        [
          1560.0,
          108.0
        ],
        [
          1557.0,
          111.0
        ],
        [
          1556.0,
          111.0
        ],
        [
          1546.0,
          121.0
        ],
        [
          1545.0,
          121.0
        ],
        [
          1544.0,
          122.0
        ],
        [
          1544.0,
          123.0
        ],
        [
          1541.0,
          126.0
        ],
        [
          1540.0,
          126.0
        ],
        [
          1537.0,
          129.0
        ],
        [
          1537.0,
          130.0
        ],
        [
          1530.0,
          137.0
        ],
        [
          1530.0,
          138.0
        ],
        [
          1529.0,
          139.0
        ],
        [
          1529.0,
          141.0
        ],
        [
          1524.0,
          146.0
        ],
        [
          1524.0,
          149.0
        ],
        [
          1523.0,
          150.0
        ],
        [
          1523.0,
          152.0
        ],
        [
          1524.0,
          153.0
        ],
        [
          1526.0,
          153.0
        ],
        [
          1527.0,
          152.0
        ],
        [
          1527.0,
          151.0
        ],
        [
          1530.0,
          148.0
        ],
        [
          1531.0,
          148.0
        ],
        [
          1532.0,
          147.0
        ],
        [
          1533.0,
          147.0
        ],
        [
          1538.0,
          142.0
        ],
        [
          1539.0,
          142.0
        ],
        [
          1540.0,
          141.0
        ],
        [
          1541.0,
          141.0
        ],
        [
          1542.0,
          140.0
        ],
        [
          1543.0,
          140.0
        ],
        [
          1544.0,
          139.0
        ],
        [
          1545.0,
          139.0
        ],
        [
          1546.0,
          138.0
        ],
        [
          1547.0,
          138.0
        ],
        [
          1548.0,
          137.0
        ],
        [
          1549.0,
          137.0
        ],
        [
          1550.0,
          136.0
        ],
        [
          1551.0,
          136.0
        ],
        [
          1552.0,
          135.0
        ],
        [
          1553.0,
          135.0
        ],
        [
          1555.0,
          133.0
        ],
        [
          1556.0,
          133.0
        ],
        [
          1557.0,
          132.0
        ],
        [
          1559.0,
          132.0
        ],
        [
          1560.0,
          131.0
        ],
        [
          1561.0,
          131.0
        ],
        [
          1562.0,
          130.0
        ],
        [
          1563.0,
          130.0
        ],
        [
          1565.0,
          128.0
        ],
        [
          1566.0,
          128.0
        ],
        [
          1567.0,
          127.0
        ],
        [
          1568.0,
          127.0
        ],
        [
          1570.0,
          125.0
        ],
        [
          1571.0,
          125.0
        ],
        [
          1572.0,
          124.0
        ],
        [
          1573.0,
          124.0
        ],
        [
          1576.0,
          121.0
        ],
        [
          1577.0,
          121.0
        ],
        [
          1578.0,
          120.0
        ],
        [
          1579.0,
          120.0
        ],
        [
          1580.0,
          119.0
        ],
        [
          1582.0,
          119.0
        ],
        [
          1583.0,
          118.0
        ],
        [
          1584.0,
          118.0
        ],
        [
          1585.0,
          117.0
        ],
        [
          1586.0,
          117.0
        ],
        [
          1589.0,
          114.0
        ],
        [
          1589.0,
          113.0
        ],
        [
          1594.0,
          108.0
        ],
        [
          1594.0,
          107.0
        ],
        [
          1596.0,
          105.0
        ],
        [
          1596.0,
          104.0
        ],
        [
          1598.0,
          102.0
        ],
        [
          1598.0,
          101.0
        ],
        [
          1600.0,
          99.0
        ],
        [
          1600.0,
          98.0
        ],
        [
          1602.0,
          96.0
        ],
        [
          1602.0,
          95.0
        ],
        [
          1603.0,
          94.0
        ],
        [
          1603.0,
          91.0
        ],
        [
          1602.0,
          90.0
        ]
      ],
      "group_id": null,
      "description": "",
      "difficult": false,
      "shape_type": "polygon",
      "flags": {},
      "attributes": {},
      "kie_linking": []
    },
    {
      "label": "fish",
      "score": null,
      "points": [
        [
          1502.0,
          624.0
        ],
        [
          1502.0,
          625.0
        ],
        [
          1503.0,
          626.0
        ],
        [
          1504.0,
          626.0
        ],
        [
          1505.0,
          627.0
        ],
        [
          1507.0,
          627.0
        ],
        [
          1508.0,
          628.0
        ],
        [
          1510.0,
          628.0
        ],
        [
          1511.0,
          629.0
        ],
        [
          1514.0,
          629.0
        ],
        [
          1515.0,
          630.0
        ],
        [
          1516.0,
          630.0
        ],
        [
          1518.0,
          632.0
        ],
        [
          1519.0,
          632.0
        ],
        [
          1521.0,
          634.0
        ],
        [
          1522.0,
          634.0
        ],
        [
          1523.0,
          635.0
        ],
        [
          1524.0,
          635.0
        ],
        [
          1525.0,
          636.0
        ],
        [
          1526.0,
          636.0
        ],
        [
          1527.0,
          637.0
        ],
        [
          1529.0,
          637.0
        ],
        [
          1530.0,
          638.0
        ],
        [
          1531.0,
          638.0
        ],
        [
          1532.0,
          639.0
        ],
        [
          1533.0,
          639.0
        ],
        [
          1535.0,
          641.0
        ],
        [
          1536.0,
          641.0
        ],
        [
          1538.0,
          643.0
        ],
        [
          1539.0,
          643.0
        ],
        [
          1541.0,
          645.0
        ],
        [
          1542.0,
          645.0
        ],
        [
          1547.0,
          650.0
        ],
        [
          1548.0,
          650.0
        ],
        [
          1549.0,
          651.0
        ],
        [
          1556.0,
          651.0
        ],
        [
          1557.0,
          652.0
        ],
        [
          1560.0,
          652.0
        ],
        [
          1561.0,
          653.0
        ],
        [
          1564.0,
          653.0
        ],
        [
          1565.0,
          654.0
        ],
        [
          1568.0,
          654.0
        ],
        [
          1569.0,
          655.0
        ],
        [
          1573.0,
          655.0
        ],
        [
          1574.0,
          656.0
        ],
        [
          1586.0,
          656.0
        ],
        [
          1587.0,
          657.0
        ],
        [
          1593.0,
          657.0
        ],
        [
          1594.0,
          656.0
        ],
        [
          1597.0,
          656.0
        ],
        [
          1598.0,
          655.0
        ],
        [
          1599.0,
          655.0
        ],
        [
          1601.0,
          653.0
        ],
        [
          1601.0,
          652.0
        ],
        [
          1602.0,
          651.0
        ],
        [
          1602.0,
          650.0
        ],
        [
          1603.0,
          649.0
        ],
        [
          1602.0,
          648.0
        ],
        [
          1602.0,
          646.0
        ],
        [
          1600.0,
          644.0
        ],
        [
          1599.0,
          644.0
        ],
        [
          1596.0,
          641.0
        ],
        [
          1595.0,
          641.0
        ],
        [
          1593.0,
          639.0
        ],
        [
          1592.0,
          639.0
        ],
        [
          1590.0,
          637.0
        ],
        [
          1589.0,
          637.0
        ],
        [
          1588.0,
          636.0
        ],
        [
          1587.0,
          636.0
        ],
        [
          1586.0,
          635.0
        ],
        [
          1585.0,
          635.0
        ],
        [
          1584.0,
          634.0
        ],
        [
          1583.0,
          634.0
        ],
        [
          1582.0,
          633.0
        ],
        [
          1581.0,
          633.0
        ],
        [
          1580.0,
          632.0
        ],
        [
          1579.0,
          632.0
        ],
        [
          1578.0,
          631.0
        ],
        [
          1576.0,
          631.0
        ],
        [
          1575.0,
          630.0
        ],
        [
          1573.0,
          630.0
        ],
        [
          1572.0,
          629.0
        ],
        [
          1570.0,
          629.0
        ],
        [
          1569.0,
          628.0
        ],
        [
          1564.0,
          628.0
        ],
        [
          1563.0,
          627.0
        ],
        [
          1560.0,
          627.0
        ],
        [
          1559.0,
          626.0
        ],
        [
          1557.0,
          626.0
        ],
        [
          1556.0,
          625.0
        ],
        [
          1553.0,
          625.0
        ],
        [
          1552.0,
          624.0
        ],
        [
          1549.0,
          624.0
        ],
        [
          1548.0,
          623.0
        ],
        [
          1546.0,
          623.0
        ],
        [
          1545.0,
          624.0
        ],
        [
          1527.0,
          624.0
        ],
        [
          1526.0,
          623.0
        ],
        [
          1504.0,
          623.0
        ],
        [
          1503.0,
          624.0
        ]
      ],
      "group_id": null,
      "description": "",
      "difficult": false,
      "shape_type": "polygon",
      "flags": {},
      "attributes": {},
      "kie_linking": []
    },
    {
      "label": "fish",
      "score": null,
      "points": [
        [
          1497.0,
          673.0
        ],
        [
          1497.0,
          674.0
        ],
        [
          1496.0,
          675.0
        ],
        [
          1496.0,
          681.0
        ],
        [
          1497.0,
          682.0
        ],
        [
          1497.0,
          684.0
        ],
        [
          1498.0,
          685.0
        ],
        [
          1498.0,
          686.0
        ],
        [
          1499.0,
          687.0
        ],
        [
          1499.0,
          688.0
        ],
        [
          1501.0,
          690.0
        ],
        [
          1501.0,
          691.0
        ],
        [
          1503.0,
          693.0
        ],
        [
          1504.0,
          693.0
        ],
        [
          1505.0,
          694.0
        ],
        [
          1506.0,
          694.0
        ],
        [
          1508.0,
          696.0
        ],
        [
          1509.0,
          696.0
        ],
        [
          1511.0,
          698.0
        ],
        [
          1512.0,
          698.0
        ],
        [
          1516.0,
          702.0
        ],
        [
          1517.0,
          702.0
        ],
        [
          1518.0,
          703.0
        ],
        [
          1519.0,
          703.0
        ],
        [
          1520.0,
          704.0
        ],
        [
          1521.0,
          704.0
        ],
        [
          1522.0,
          705.0
        ],
        [
          1523.0,
          705.0
        ],
        [
          1524.0,
          706.0
        ],
        [
          1525.0,
          706.0
        ],
        [
          1526.0,
          707.0
        ],
        [
          1527.0,
          707.0
        ],
        [
          1528.0,
          708.0
        ],
        [
          1529.0,
          708.0
        ],
        [
          1531.0,
          710.0
        ],
        [
          1532.0,
          710.0
        ],
        [
          1535.0,
          712.0
        ],
        [
          1537.0,
          712.0
        ],
        [
          1538.0,
          713.0
        ],
        [
          1539.0,
          713.0
        ],
        [
          1540.0,
          714.0
        ],
        [
          1541.0,
          714.0
        ],
        [
          1542.0,
          715.0
        ],
        [
          1543.0,
          715.0
        ],
        [
          1544.0,
          716.0
        ],
        [
          1545.0,
          716.0
        ],
        [
          1546.0,
          717.0
        ],
        [
          1547.0,
          717.0
        ],
        [
          1550.0,
          719.0
        ],
        [
          1552.0,
          719.0
        ],
        [
          1553.0,
          720.0
        ],
        [
          1555.0,
          720.0
        ],
        [
          1558.0,
          722.0
        ],
        [
          1560.0,
          722.0
        ],
        [
          1561.0,
          723.0
        ],
        [
          1562.0,
          723.0
        ],
        [
          1563.0,
          724.0
        ],
        [
          1565.0,
          724.0
        ],
        [
          1568.0,
          726.0
        ],
        [
          1570.0,
          726.0
        ],
        [
          1571.0,
          727.0
        ],
        [
          1574.0,
          727.0
        ],
        [
          1575.0,
          728.0
        ],
        [
          1579.0,
          728.0
        ],
        [
          1580.0,
          729.0
        ],
        [
          1582.0,
          729.0
        ],
        [
          1583.0,
          730.0
        ],
        [
          1585.0,
          730.0
        ],
        [
          1586.0,
          731.0
        ],
        [
          1588.0,
          731.0
        ],
        [
          1589.0,
          732.0
        ],
        [
          1591.0,
          732.0
        ],
        [
          1592.0,
          733.0
        ],
        [
          1595.0,
          733.0
        ],
        [
          1596.0,
          734.0
        ],
        [
          1598.0,
          734.0
        ],
        [
          1599.0,
          735.0
        ],
        [
          1602.0,
          735.0
        ],
        [
          1605.0,
          738.0
        ],
        [
          1606.0,
          738.0
        ],
        [
          1607.0,
          739.0
        ],
        [
          1613.0,
          739.0
        ],
        [
          1611.0,
          737.0
        ],
        [
          1610.0,
          737.0
        ],
        [
          1607.0,
          735.0
        ],
        [
          1605.0,
          735.0
        ],
        [
          1604.0,
          734.0
        ],
        [
          1604.0,
          731.0
        ],
        [
          1603.0,
          730.0
        ],
        [
          1603.0,
          729.0
        ],
        [
          1597.0,
          723.0
        ],
        [
          1596.0,
          723.0
        ],
        [
          1593.0,
          721.0
        ],
        [
          1591.0,
          721.0
        ],
        [
          1590.0,
          720.0
        ],
        [
          1589.0,
          720.0
        ],
        [
          1587.0,
          718.0
        ],
        [
          1586.0,
          718.0
        ],
        [
          1582.0,
          714.0
        ],
        [
          1582.0,
          713.0
        ],
        [
          1581.0,
          712.0
        ],
        [
          1581.0,
          711.0
        ],
        [
          1579.0,
          709.0
        ],
        [
          1579.0,
          708.0
        ],
        [
          1578.0,
          707.0
        ],
        [
          1578.0,
          706.0
        ],
        [
          1571.0,
          699.0
        ],
        [
          1570.0,
          699.0
        ],
        [
          1569.0,
          698.0
        ],
        [
          1568.0,
          698.0
        ],
        [
          1567.0,
          697.0
        ],
        [
          1566.0,
          697.0
        ],
        [
          1564.0,
          695.0
        ],
        [
          1563.0,
          695.0
        ],
        [
          1561.0,
          693.0
        ],
        [
          1560.0,
          693.0
        ],
        [
          1559.0,
          692.0
        ],
        [
          1558.0,
          692.0
        ],
        [
          1557.0,
          691.0
        ],
        [
          1556.0,
          691.0
        ],
        [
          1555.0,
          690.0
        ],
        [
          1554.0,
          690.0
        ],
        [
          1551.0,
          687.0
        ],
        [
          1550.0,
          687.0
        ],
        [
          1547.0,
          684.0
        ],
        [
          1546.0,
          684.0
        ],
        [
          1543.0,
          682.0
        ],
        [
          1541.0,
          682.0
        ],
        [
          1538.0,
          680.0
        ],
        [
          1536.0,
          680.0
        ],
        [
          1535.0,
          679.0
        ],
        [
          1534.0,
          679.0
        ],
        [
          1531.0,
          677.0
        ],
        [
          1529.0,
          677.0
        ],
        [
          1526.0,
          675.0
        ],
        [
          1524.0,
          675.0
        ],
        [
          1521.0,
          673.0
        ],
        [
          1519.0,
          673.0
        ],
        [
          1516.0,
          671.0
        ],
        [
          1514.0,
          671.0
        ],
        [
          1513.0,
          670.0
        ],
        [
          1511.0,
          670.0
        ],
        [
          1510.0,
          669.0
        ],
        [
          1503.0,
          669.0
        ],
        [
          1502.0,
          670.0
        ],
        [
          1501.0,
          670.0
        ],
        [
          1500.0,
          671.0
        ],
        [
          1499.0,
          671.0
        ]
      ],
      "group_id": null,
      "description": "",
      "difficult": false,
      "shape_type": "polygon",
      "flags": {},
      "attributes": {},
      "kie_linking": []
    }
  ],
  "imagePath": "frame_000047.jpg",
  "imageData": null,
  "imageHeight": 1080,
  "imageWidth": 1920
}