{
  "version": "3.1.1",
  "flags": {},
  "shapes": [
    {
      "label": "fish",
      "score": null,
      "points": [
        [
          1615.0,
          134.0
        ],
        [
          1611.0,
          130.0
        ],
        [
          1608.0,
          130.0
        ],
        [
          1607.0,
          129.0
        ],
        [
          1606.0,
          130.0
        ],
        [
          1602.0,
          130.0
        ],
        [
          1601.0,
          131.0
        ],
        [
          1596.0,
          131.0
        ],
        [
          1595.0,
          132.0
        ],
        [
          1592.0,
          132.0
        ],
        [
          1591.0,
          133.0
        ],
        [
          1589.0,
          133.0
        ],
        [
          1588.0,
          134.0
        ],
        [
          1586.0,
          134.0
        ],
        [
          1585.0,
          135.0
        ],
        [
          1584.0,
          135.0
        ],
        [
          1582.0,
          137.0
        ],
        [
          1581.0,
          137.0
        ],
        [
          1579.0,
          139.0
        ],
        [
          1578.0,
          139.0
        ],
        [
          1576.0,
          141.0
        ],
        [
          1575.0,
          141.0
        ],
        [
          1572.0,
          143.0
        ],
        [
          1570.0,
          143.0
        ],
        [
          1569.0,
          144.0
        ],
        [
          1568.0,
          144.0
        ],
        [
          1566.0,
          146.0
        ],
        [
          1565.0,
          146.0
        ],
        [
          1562.0,
          149.0
        ],
        [
          1561.0,
          149.0
        ],
        [
          1559.0,
          151.0
        ],
        [
          1558.0,
          151.0
        ],
        [
          1555.0,
          154.0
        ],
        [
          1554.0,
          154.0
        ],
        [
          1543.0,
          165.0
        ],
        [
          1542.0,
          165.0
        ],
        [
          1534.0,
          173.0
        ],
        [
          1533.0,
          173.0
        ],
        [
          1526.0,
          180.0
        ],
        [
          1525.0,
          180.0
        ],
        [
          1523.0,
          182.0
        ],
        [
          1523.0,
          183.0
        ],
        [
          1520.0,
          186.0
        ],
        [
          1519.0,
          186.0
        ],
        [
          1517.0,
          188.0
        ],
        [
          1516.0,
          188.0
        ],
        [
          1511.0,
          193.0
        ],
        [
          1510.0,
          193.0
        ],
        [
          1504.0,
          199.0
        ],
        [
          1504.0,
          200.0
        ],
        [
          1500.0,
          204.0
        ],
        [
          1499.0,
          204.0
        ],
        [
          1497.0,
          206.0
        ],
        [
          1496.0,
          206.0
        ],
        [
          1492.0,
          210.0
        ],
        [
          1486.0,
          212.0
        ],
        [
          1485.0,
          213.0
        ],
        [
          1485.0,
          214.0
        ],
        [
          1478.0,
          220.0
        ],
        [
          1478.0,
          224.0
        ],
        [
          1477.0,
          225.0
        ],
        [
          1477.0,
          227.0
        ],
        [
          1478.0,
          228.0
        ],
        [
          1480.0,
          228.0
        ],
        [
          1486.0,
          222.0
        ],
        [
          1487.0,
          222.0
        ],
        [
          1488.0,
          221.0
        ],
        [
          1489.0,
          218.0
        ],
        [
          1492.0,
          215.0
        ],
        [
          1493.0,
          215.0
        ],
        [
          1494.0,
          214.0
        ],
        [
          1496.0,
          214.0
        ],
        [
          1496.0,
          213.0
        ],
        [
          1499.0,
          208.0
        ],
        [
          1500.0,
          208.0
        ],
        [
          1501.0,
          207.0
        ],
        [
          1504.0,
          207.0
        ],
        [
          1505.0,
          206.0
        ],
        [
          1506.0,
          206.0
        ],
        [
          1508.0,
          204.0
        ],
        [
          1509.0,
          204.0
        ],
        [
          1510.0,
          203.0
        ],
        [
          1511.0,
          203.0
        ],
        [
          1512.0,
          202.0
        ],
        [
          1513.0,
          202.0
        ],
        [
          1514.0,
          201.0
        ],
        [
          1515.0,
          201.0
        ],
        [
          1516.0,
          200.0
        ],
        [
          1517.0,
          200.0
        ],
        [
          1518.0,
          199.0
        ],
        [
          1519.0,
          199.0
        ],
        [
          1520.0,
          198.0
        ],
        [
          1521.0,
          198.0
        ],
        [
          1522.0,
          197.0
        ],
        [
          1523.0,
          197.0
        ],
        [
          1530.0,
          193.0
        ],
        [
          1532.0,
          193.0
        ],
        [
          1539.0,
          189.0
        ],
        [
          1541.0,
          189.0
        ],
        [
          1544.0,
          187.0
        ],
        [
          1546.0,
          187.0
        ],
        [
          1547.0,
          186.0
        ],
        [
          1549.0,
          186.0
        ],
        [
          1550.0,
          185.0
        ],
        [
          1552.0,
          185.0
        ],
        [
          1553.0,
          184.0
        ],
        [
          1555.0,
          184.0
        ],
        [
          1556.0,
          183.0
        ],
        [
          1558.0,
          183.0
        ],
        [
          1559.0,
          182.0
        ],
        [
          1560.0,
          182.0
        ],
        [
          1561.0,
          181.0
        ],
        [
          1563.0,
          181.0
        ],
        [
          1566.0,
          179.0
        ],
        [
          1568.0,
          179.0
        ],
        [
          1569.0,
          178.0
        ],
        [
          1570.0,
          178.0
        ],
        [
          1572.0,
          176.0
        ],
        [
          1573.0,
          176.0
        ],
        [
          1576.0,
          173.0
        ],
        [
          1577.0,
          173.0
        ],
        [
          1580.0,
          171.0
        ],
        [
          1582.0,
          171.0
        ],
        [
          1583.0,
          170.0
        ],
        [
          1588.0,
          168.0
        ],
        [
          1592.0,
          164.0
        ],
        [
          1593.0,
          164.0
        ],
        [
          1600.0,
          157.0
        ],
        [
          1601.0,
          157.0
        ],
        [
          1605.0,
          153.0
        ],
        [
          1605.0,
          152.0
        ],
        [
          1612.0,
          145.0
        ],
        [
          1612.0,
          144.0
        ],
        [
          1616.0,
          139.0
        ],
        [
          1616.0,
          136.0
        ],
        [
          1615.0,
          135.0
        ]
      ],
      "group_id": null,
      "description": "",
      "difficult": false,
      "shape_type": "polygon",
      "flags": {},
      "attributes": {},
      "kie_linking": []
    },
    {
      "label": "fish",
      "score": null,
      "points": [
        [
          1648.0,
          83.0
        ],
        [
          1643.0,
          83.0
        ],
        [
          1638.0,
          88.0
        ],
        [
          1638.0,
          89.0
        ],
        [
          1635.0,
          92.0
        ],
        [
          1635.0,
          93.0
        ],
        [
          1634.0,
          94.0
        ],
        [
          1634.0,
          103.0
        ],
        [
          1635.0,
          104.0
        ],
        [
          1635.0,
          106.0
        ],
        [
          1636.0,
          107.0
        ],
        [
          1636.0,
          109.0
        ],
        [
          1637.0,
          110.0
        ],
        [
          1637.0,
          114.0
        ],
        [
          1638.0,
          115.0
        ],
        [
          1638.0,
          121.0
        ],
        [
          1639.0,
          122.0
        ],
        [
          1638.0,
          123.0
        ],
        [
          1638.0,
          127.0
        ],
        [
          1637.0,
          128.0
        ],
        [
          1637.0,
          145.0
        ],
        [
          1638.0,
          146.0
        ],
        [
          1638.0,
          147.0
        ],
        [
          1639.0,
          148.0
        ],
        [
          1640.0,
          148.0
        ],
        [
          1643.0,
          151.0
        ],
        [
          1643.0,
          152.0
        ],
        [
          1644.0,
          153.0
        ],
        [
          1644.0,
          165.0
        ],
        [
          1645.0,
          166.0
        ],
        [
          1645.0,
          167.0
        ],
        [
          1644.0,
          168.0
        ],
        [
          1644.0,
          171.0
        ],
        [
          1643.0,
          172.0
        ],
        [
          1643.0,
          174.0
        ],
        [
          1638.0,
          179.0
        ],
        [
          1638.0,
          180.0
        ],
        [
          1636.0,
          182.0
        ],
        [
          1636.0,
          186.0
        ],
        [
          1637.0,
          187.0
        ],
        [
          1637.0,
          191.0
        ],
        [
          1638.0,
          191.0
        ],
        [
          1639.0,
          192.0
        ],
        [
          1640.0,
          191.0
        ],
        [
          1643.0,
          191.0
        ],
        [
          1644.0,
          190.0
        ],
        [
          1645.0,
          190.0
        ],
        [
          1649.0,
          186.0
        ],
        [
          1650.0,
          186.0
        ],
        [
          1651.0,
          185.0
        ],
        [
          1652.0,
          185.0
        ],
        [
          1653.0,
          184.0
        ],
        [
          1654.0,
          184.0
        ],
        [
          1658.0,
          180.0
        ],
        [
          1659.0,
          180.0
        ],
        [
          1662.0,
          177.0
        ],
        [
          1663.0,
          177.0
        ],
        [
          1667.0,
          173.0
        ],
        [
          1668.0,
          173.0
        ],
        [
          1670.0,
          171.0
        ],
        [
          1670.0,
          170.0
        ],
        [
          1671.0,
          169.0
        ],
        [
          1671.0,
          165.0
        ],
        [
          1672.0,
          164.0
        ],
        [
          1672.0,
          150.0
        ],
        [
          1673.0,
          149.0
        ],
        [
          1673.0,
          143.0
        ],
        [
          1674.0,
          142.0
        ],
        [
          1674.0,
          130.0
        ],
        [
          1673.0,
          129.0
        ],
        [
          1673.0,
          124.0
        ],
        [
          1672.0,
          123.0
        ],
        [
          1672.0,
          120.0
        ],
        [
          1671.0,
          119.0
        ],
        [
          1671.0,
          116.0
        ],
        [
          1670.0,
          115.0
        ],
        [
          1670.0,
          114.0
        ],
        [
          1668.0,
          112.0
        ],
        [
          1668.0,
          111.0
        ],
        [
          1667.0,
          110.0
        ],
        [
          1667.0,
          109.0
        ],
        [
          1665.0,
          107.0
        ],
        [
          1665.0,
          106.0
        ],
        [
          1664.0,
          105.0
        ],
        [
          1664.0,
          104.0
        ],
        [
          1663.0,
          103.0
        ],
        [
          1663.0,
          102.0
        ],
        [
          1662.0,
          101.0
        ],
        [
          1662.0,
          100.0
        ],
        [
          1661.0,
          99.0
        ],
        [
          1661.0,
          98.0
        ],
        [
          1659.0,
          96.0
        ],
        [
          1659.0,
          95.0
        ],
        [
          1657.0,
          93.0
        ],
        [
          1657.0,
          92.0
        ],
        [
          1656.0,
          91.0
        ],
        [
          1656.0,
          90.0
        ],
        [
          1654.0,
          88.0
        ],
        [
          1654.0,
          87.0
        ],
        [
          1652.0,
          85.0
        ],
        [
          1651.0,
          85.0
        ],
        [
          1650.0,
          84.0
        ],
        [
          1649.0,
          84.0
        ]
      ],
      "group_id": null,
      "description": "",
      "difficult": false,
      "shape_type": "polygon",
      "flags": {},
      "attributes": {},
      "kie_linking": []
    },
    {
      "label": "fish",
      "score": null,
      "points": [
        [
          1517.0,
          551.0
        ],
        [
          1515.0,
          553.0
        ],
        [
          1514.0,
          553.0
        ],
        [
          1513.0,
          554.0
        ],
        [
          1512.0,
          554.0
        ],
        [
          1509.0,
          557.0
        ],
        [
          1509.0,
          558.0
        ],
        [
          1508.0,
          559.0
        ],
        [
          1508.0,
          560.0
        ],
        [
          1502.0,
          566.0
        ],
        [
          1502.0,
          577.0
        ],
        [
          1501.0,
          578.0
        ],
        [
          1501.0,
          584.0
        ],
        [
          1502.0,
          585.0
        ],
        [
          1502.0,
          589.0
        ],
        [
          1501.0,
          590.0
        ],
        [
          1501.0,
          593.0
        ],
        [
          1500.0,
          594.0
        ],
        [
          1500.0,
          606.0
        ],
        [
          1499.0,
          607.0
        ],
        [
          1499.0,
          613.0
        ],
        [
          1500.0,
          614.0
        ],
        [
          1500.0,
          624.0
        ],
        [
          1501.0,
          625.0
        ],
        [
          1501.0,
          632.0
        ],
        [
          1502.0,
          633.0
        ],
        [
          1502.0,
          640.0
        ],
        [
          1503.0,
          641.0
        ],
        [
          1503.0,
          643.0
        ],
        [
          1504.0,
          644.0
        ],
        [
          1504.0,
          646.0
        ],
        [
          1505.0,
          647.0
        ],
        [
          1505.0,
          657.0
        ],
        [
          1506.0,
          658.0
        ],
        [
          1506.0,
          664.0
        ],
        [
          1507.0,
          665.0
        ],
        [
          1507.0,
          666.0
        ],
        [
          1509.0,
          668.0
        ],
        [
          1509.0,
          669.0
        ],
        [
          1514.0,
          674.0
        ],
        [
          1514.0,
          675.0
        ],
        [
          1516.0,
          677.0
        ],
        [
          1516.0,
          678.0
        ],
        [
          1521.0,
          683.0
        ],
        [
          1521.0,
          684.0
        ],
        [
          1523.0,
          686.0
        ],
        [
          1523.0,
          687.0
        ],
        [
          1526.0,
          689.0
        ],
        [
          1527.0,
          688.0
        ],
        [
          1529.0,
          688.0
        ],
        [
          1529.0,
          687.0
        ],
        [
          1530.0,
          686.0
        ],
        [
          1530.0,
          685.0
        ],
        [
          1529.0,
          684.0
        ],
        [
          1529.0,
          682.0
        ],
        [
          1528.0,
          681.0
        ],
        [
          1528.0,
          678.0
        ],
        [
          1527.0,
          677.0
        ],
        [
          1527.0,
          675.0
        ],
        [
          1526.0,
          674.0
        ],
        [
          1526.0,
          673.0
        ],
        [
          1525.0,
          672.0
        ],
        [
          1525.0,
          671.0
        ],
        [
          1523.0,
          668.0
        ],
        [
          1523.0,
          666.0
        ],
        [
          1522.0,
          665.0
        ],
        [
          1522.0,
          656.0
        ],
        [
          1523.0,
          655.0
        ],
        [
          1523.0,
          647.0
        ],
        [
          1524.0,
          646.0
        ],
        [
          1524.0,
          643.0
        ],
        [
          1525.0,
          642.0
        ],
        [
          1525.0,
          640.0
        ],
        [
          1526.0,
          639.0
        ],
        [
          1526.0,
          637.0
        ],
        [
          1527.0,
          636.0
        ],
        [
          1527.0,
          633.0
        ],
        [
          1528.0,
          632.0
        ],
        [
          1528.0,
          628.0
        ],
        [
          1529.0,
          627.0
        ],
        [
          1529.0,
          624.0
        ],
        [
          1530.0,
          623.0
        ],
        [
          1530.0,
          608.0
        ],
        [
          1529.0,
          607.0
        ],
        [
          1529.0,
          578.0
        ],
        [
          1528.0,
          577.0
        ],
        [
          1528.0,
          570.0
        ],
        [
          1527.0,
          569.0
        ],
        [
          1527.0,
          565.0
        ],
        [
          1526.0,
          564.0
        ],
        [
          1526.0,
          557.0
        ],
        [
          1524.0,
          555.0
        ],
        [
          1524.0,
          554.0
        ],
        [
          1523.0,
          554.0
        ],
        [
          1521.0,
          552.0
        ],
        [
          1520.0,
          552.0
        ],
        [
          1519.0,
          551.0
        ]
      ],
      "group_id": null,
      "description": "",
      "difficult": false,
      "shape_type": "polygon",
      "flags": {},
      "attributes": {},
      "kie_linking": []
    },
    {
      "label": "fish",
      "score": null,
      "points": [
        [
          1622.0,
          666.0
        ],
        [
          1622.0,
          671.0
        ],
        [
          1623.0,
          671.0
        ],
        [
          1624.0,
          672.0
        ],
        [
          1625.0,
          672.0
        ],
        [
          1627.0,
          674.0
        ],
        [
          1627.0,
          677.0
        ],
        [
          1628.0,
          678.0
        ],
        [
          1628.0,
          679.0
        ],
        [
          1629.0,
          680.0
        ],
        [
          1629.0,
          681.0
        ],
        [
          1630.0,
          682.0
        ],
        [
          1630.0,
          683.0
        ],
        [
          1632.0,
          685.0
        ],
        [
          1632.0,
          686.0
        ],
        [
          1644.0,
          698.0
        ],
        [
          1644.0,
          699.0
        ],
        [
          1645.0,
          700.0
        ],
        [
          1646.0,
          700.0
        ],
        [
          1652.0,
          706.0
        ],
        [
          1653.0,
          706.0
        ],
        [
          1655.0,
          708.0
        ],
        [
          1655.0,
          709.0
        ],
        [
          1664.0,
          718.0
        ],
        [
          1665.0,
          718.0
        ],
        [
          1671.0,
          724.0
        ],
        [
          1672.0,
          724.0
        ],
        [
          1676.0,
          728.0
        ],
        [
          1677.0,
          728.0
        ],
        [
          1679.0,
          730.0
        ],
        [
          1680.0,
          730.0
        ],
        [
          1682.0,
          732.0
        ],
        [
          1683.0,
          732.0
        ],
        [
          1684.0,
          733.0
        ],
        [
          1685.0,
          733.0
        ],
        [
          1686.0,
          734.0
        ],
        [
          1687.0,
          734.0
        ],
        [
          1688.0,
          735.0
        ],
        [
          1689.0,
          735.0
        ],
        [
          1690.0,
          736.0
        ],
        [
          1691.0,
          736.0
        ],
        [
          1692.0,
          737.0
        ],
        [
          1694.0,
          737.0
        ],
        [
          1695.0,
          738.0
        ],
        [
          1697.0,
          738.0
        ],
        [
          1698.0,
          739.0
        ],
        [
          1702.0,
          739.0
        ],
        [
          1703.0,
          740.0
        ],
        [
          1712.0,
          740.0
        ],
        [
          1713.0,
          739.0
        ],
        [
          1714.0,
          739.0
        ],
        [
          1715.0,
          738.0
        ],
        [
          1715.0,
          731.0
        ],
        [
          1714.0,
          730.0
        ],
        [
          1714.0,
          729.0
        ],
        [
          1711.0,
          726.0
        ],
        [
          1711.0,
          725.0
        ],
        [
          1710.0,
          724.0
        ],
        [
          1710.0,
          723.0
        ],
        [
          1708.0,
          721.0
        ],
        [
          1708.0,
          720.0
        ],
        [
          1697.0,
          709.0
        ],
        [
          1696.0,
          709.0
        ],
        [
          1693.0,
          706.0
        ],
        [
          1692.0,
          706.0
        ],
        [
          1691.0,
          705.0
        ],
        [
          1689.0,
          705.0
        ],
        [
          1688.0,
          704.0
        ],
        [
          1687.0,
          704.0
        ],
        [
          1686.0,
          703.0
        ],
        [
          1684.0,
          703.0
        ],
        [
          1683.0,
          702.0
        ],
        [
          1682.0,
          702.0
        ],
        [
          1681.0,
          701.0
        ],
        [
          1680.0,
          701.0
        ],
        [
          1679.0,
          700.0
        ],
        [
          1677.0,
          700.0
        ],
        [
          1676.0,
          699.0
        ],
        [
          1674.0,
          699.0
        ],
        [
          1673.0,
          698.0
        ],
        [
          1672.0,
          698.0
        ],
        [
          1671.0,
          697.0
        ],
        [
          1669.0,
          697.0
        ],
        [
          1668.0,
          696.0
        ],
        [
          1666.0,
          696.0
        ],
        [
          1665.0,
          695.0
        ],
        [
          1664.0,
          695.0
        ],
        [
          1663.0,
          694.0
        ],
        [
          1661.0,
          694.0
        ],
        [
          1660.0,
          693.0
        ],
        [
          1659.0,
          693.0
        ],
        [
          1658.0,
          692.0
        ],
        [
          1657.0,
          692.0
        ],
        [
          1656.0,
          691.0
        ],
        [
          1655.0,
          691.0
        ],
        [
          1654.0,
          690.0
        ],
        [
          1653.0,
          690.0
        ],
        [
          1652.0,
          689.0
        ],
        [
          1651.0,
          689.0
        ],
        [
          1650.0,
          688.0
        ],
        [
          1649.0,
          688.0
        ],
        [
          1647.0,
          686.0
        ],
        [
          1646.0,
          686.0
        ],
        [
          1644.0,
          684.0
        ],
        [
          1643.0,
          684.0
        ],
        [
          1642.0,
          683.0
        ],
        [
          1641.0,
          683.0
        ],
        [
          1639.0,
          681.0
        ],
        [
          1638.0,
          681.0
        ],
        [
          1637.0,
          680.0
        ],
        [
          1636.0,
          680.0
        ],
        [
          1631.0,
          675.0
        ],
        [
          1631.0,
          674.0
        ],
        [
          1629.0,
          672.0
        ],
        [
          1628.0,
          672.0
        ],
        [
          1626.0,
          670.0
        ],
        [
          1626.0,
          669.0
        ],
        [
          1624.0,
          667.0
        ],
        [
          1624.0,
          665.0
        ],
        [
          1623.0,
          665.0
        ]
      ],
      "group_id": null,
      "description": "",
      "difficult": false,
      "shape_type": "polygon",
      "flags": {},
      "attributes": {},
      "kie_linking": []
    }
  ],
  "imagePath": "frame_000049.jpg",
  "imageData": null,
  "imageHeight": 1080,
  "imageWidth": 1920
}