{
  "version": "3.1.1",
  "flags": {},
  "shapes": [
    {
      "label": "fish",
      "score": null,
      "points": [
        [
          1609.0,
          143.0
        ],
        [
          1600.0,
          143.0
        ],
        [
          1596.0,
          147.0
        ],
        [
          1595.0,
          147.0
        ],
        [
          1592.0,
          150.0
        ],
        [
          1591.0,
          150.0
        ],
        [
          1590.0,
          151.0
        ],
        [
          1589.0,
          151.0
        ],
        [
          1588.0,
          152.0
        ],
        [
          1587.0,
          152.0
        ],
        [
          1584.0,
          155.0
        ],
        [
          1584.0,
          156.0
        ],
        [
          1582.0,
          159.0
        ],
        [
          1582.0,
          161.0
        ],
        [
          1581.0,
          162.0
        ],
        [
          1581.0,
          164.0
        ],
        [
          1580.0,
          165.0
        ],
        [
          1580.0,
          167.0
        ],
        [
          1579.0,
          168.0
        ],
        [
          1579.0,
          169.0
        ],
        [
          1578.0,
          170.0
        ],
        [
          1578.0,
          171.0
        ],
        [
          1576.0,
          173.0
        ],
        [
          1576.0,
          175.0
        ],
        [
          1575.0,
          176.0
        ],
        [
          1575.0,
          178.0
        ],
        [
          1574.0,
          179.0
        ],
        [
          1574.0,
          181.0
        ],
        [
          1572.0,
          184.0
        ],
        [
          1572.0,
          186.0
        ],
        [
          1570.0,
          189.0
        ],
        [
          1570.0,
          192.0
        ],
        [
          1569.0,
          193.0
        ],
        [
          1569.0,
          205.0
        ],
        [
          1568.0,
          206.0
        ],
        [
          1568.0,
          209.0
        ],
        [
          1567.0,
          210.0
        ],
        [
          1567.0,
          228.0
        ],
        [
          1566.0,
          229.0
        ],
        [
          1566.0,
          232.0
        ],
        [
          1565.0,
          233.0
        ],
        [
          1565.0,
          235.0
        ],
        [
          1564.0,
          236.0
        ],
        [
          1564.0,
          239.0
        ],
        [
          1563.0,
          240.0
        ],
        [
          1563.0,
          242.0
        ],
        [
          1562.0,
          243.0
        ],
        [
          1562.0,
          246.0
        ],
        [
          1561.0,
          247.0
        ],
        [
          1561.0,
          251.0
        ],
        [
          1560.0,
          252.0
        ],
        [
          1560.0,
          262.0
        ],
        [
          1561.0,
          263.0
        ],
        [
          1561.0,
          266.0
        ],
        [
          1562.0,
          267.0
        ],
        [
          1564.0,
          265.0
        ],
        [
          1564.0,
          262.0
        ],
        [
          1565.0,
          261.0
        ],
        [
          1565.0,
          259.0
        ],
        [
          1566.0,
          258.0
        ],
        [
          1566.0,
          255.0
        ],
        [
          1567.0,
          254.0
        ],
        [
          1567.0,
          253.0
        ],
        [
          1569.0,
          251.0
        ],
        [
          1569.0,
          250.0
        ],
        [
          1570.0,
          249.0
        ],
        [
          1570.0,
          248.0
        ],
        [
          1572.0,
          245.0
        ],
        [
          1572.0,
          243.0
        ],
        [
          1573.0,
          242.0
        ],
        [
          1573.0,
          241.0
        ],
        [
          1585.0,
          229.0
        ],
        [
          1586.0,
          229.0
        ],
        [
          1588.0,
          227.0
        ],
        [
          1588.0,
          226.0
        ],
        [
          1591.0,
          223.0
        ],
        [
          1592.0,
          223.0
        ],
        [
          1593.0,
          222.0
        ],
        [
          1593.0,
          221.0
        ],
        [
          1594.0,
          220.0
        ],
        [
          1594.0,
          219.0
        ],
        [
          1596.0,
          216.0
        ],
        [
          1596.0,
          213.0
        ],
        [
          1597.0,
          212.0
        ],
        [
          1597.0,
          209.0
        ],
        [
          1598.0,
          208.0
        ],
        [
          1598.0,
          206.0
        ],
        [
          1599.0,
          205.0
        ],
        [
          1599.0,
          204.0
        ],
        [
          1601.0,
          201.0
        ],
        [
          1601.0,
          199.0
        ],
        [
          1602.0,
          198.0
        ],
        [
          1602.0,
          197.0
        ],
        [
          1603.0,
          196.0
        ],
        [
          1603.0,
          195.0
        ],
        [
          1605.0,
          192.0
        ],
        [
          1605.0,
          190.0
        ],
        [
          1606.0,
          189.0
        ],
        [
          1606.0,
          188.0
        ],
        [
          1608.0,
          185.0
        ],
        [
          1608.0,
          183.0
        ],
        [
          1609.0,
          182.0
        ],
        [
          1609.0,
          176.0
        ],
        [
          1610.0,
          175.0
        ],
        [
          1610.0,
          170.0
        ],
        [
          1611.0,
          169.0
        ],
        [
          1611.0,
          163.0
        ],
        [
          1612.0,
          162.0
        ],
        [
          1612.0,
          149.0
        ],
        [
          1611.0,
          148.0
        ],
        [
          1611.0,
          146.0
        ]
      ],
      "group_id": null,
      "description": "",
      "difficult": false,
      "shape_type": "polygon",
      "flags": {},
      "attributes": {},
      "kie_linking": []
    },
    {
      "label": "fish",
      "score": null,
      "points": [
        [
          1645.0,
          87.0
        ],
        [
          1644.0,
          88.0
        ],
        [
          1643.0,
          88.0
        ],
        [
          1640.0,
          91.0
        ],
        [
          1640.0,
          92.0
        ],
        [
          1639.0,
          93.0
        ],
        [
          1639.0,
          96.0
        ],
        [
          1638.0,
          97.0
        ],
        [
          1638.0,
          98.0
        ],
        [
          1636.0,
          101.0
        ],
        [
          1636.0,
          103.0
        ],
        [
          1634.0,
          105.0
        ],
        [
          1634.0,
          106.0
        ],
        [
          1633.0,
          107.0
        ],
        [
          1633.0,
          110.0
        ],
        [
          1634.0,
          111.0
        ],
        [
          1634.0,
          113.0
        ],
        [
          1636.0,
          115.0
        ],
        [
          1636.0,
          116.0
        ],
        [
          1640.0,
          121.0
        ],
        [
          1640.0,
          122.0
        ],
        [
          1641.0,
          123.0
        ],
        [
          1641.0,
          125.0
        ],
        [
          1643.0,
          128.0
        ],
        [
          1643.0,
          130.0
        ],
        [
          1644.0,
          131.0
        ],
        [
          1644.0,
          132.0
        ],
        [
          1645.0,
          133.0
        ],
        [
          1645.0,
          134.0
        ],
        [
          1646.0,
          135.0
        ],
        [
          1647.0,
          138.0
        ],
        [
          1649.0,
          140.0
        ],
        [
          1649.0,
          141.0
        ],
        [
          1651.0,
          143.0
        ],
        [
          1651.0,
          144.0
        ],
        [
          1655.0,
          149.0
        ],
        [
          1655.0,
          151.0
        ],
        [
          1656.0,
          152.0
        ],
        [
          1656.0,
          156.0
        ],
        [
          1657.0,
          157.0
        ],
        [
          1657.0,
          160.0
        ],
        [
          1658.0,
          161.0
        ],
        [
          1658.0,
          163.0
        ],
        [
          1659.0,
          164.0
        ],
        [
          1659.0,
          166.0
        ],
        [
          1660.0,
          167.0
        ],
        [
          1660.0,
          169.0
        ],
        [
          1664.0,
          174.0
        ],
        [
          1664.0,
          175.0
        ],
        [
          1665.0,
          176.0
        ],
        [
          1665.0,
          179.0
        ],
        [
          1667.0,
          182.0
        ],
        [
          1667.0,
          185.0
        ],
        [
          1666.0,
          186.0
        ],
        [
          1666.0,
          190.0
        ],
        [
          1665.0,
          191.0
        ],
        [
          1665.0,
          201.0
        ],
        [
          1666.0,
          202.0
        ],
        [
          1666.0,
          209.0
        ],
        [
          1667.0,
          210.0
        ],
        [
          1667.0,
          213.0
        ],
        [
          1668.0,
          214.0
        ],
        [
          1668.0,
          215.0
        ],
        [
          1673.0,
          220.0
        ],
        [
          1675.0,
          220.0
        ],
        [
          1676.0,
          221.0
        ],
        [
          1678.0,
          221.0
        ],
        [
          1682.0,
          225.0
        ],
        [
          1683.0,
          225.0
        ],
        [
          1684.0,
          226.0
        ],
        [
          1684.0,
          224.0
        ],
        [
          1685.0,
          223.0
        ],
        [
          1685.0,
          210.0
        ],
        [
          1684.0,
          209.0
        ],
        [
          1684.0,
          205.0
        ],
        [
          1683.0,
          204.0
        ],
        [
          1683.0,
          199.0
        ],
        [
          1682.0,
          198.0
        ],
        [
          1682.0,
          194.0
        ],
        [
          1681.0,
          193.0
        ],
        [
          1681.0,
          176.0
        ],
        [
          1682.0,
          175.0
        ],
        [
          1682.0,
          167.0
        ],
        [
          1683.0,
          166.0
        ],
        [
          1683.0,
          157.0
        ],
        [
          1684.0,
          156.0
        ],
        [
          1684.0,
          152.0
        ],
        [
          1683.0,
          151.0
        ],
        [
          1683.0,
          149.0
        ],
        [
          1682.0,
          148.0
        ],
        [
          1682.0,
          145.0
        ],
        [
          1681.0,
          144.0
        ],
        [
          1681.0,
          143.0
        ],
        [
          1679.0,
          140.0
        ],
        [
          1679.0,
          138.0
        ],
        [
          1678.0,
          137.0
        ],
        [
          1678.0,
          136.0
        ],
        [
          1677.0,
          135.0
        ],
        [
          1676.0,
          132.0
        ],
        [
          1674.0,
          130.0
        ],
        [
          1674.0,
          129.0
        ],
        [
          1673.0,
          128.0
        ],
        [
          1673.0,
          126.0
        ],
        [
          1672.0,
          125.0
        ],
        [
          1672.0,
          123.0
        ],
        [
          1671.0,
          122.0
        ],
        [
          1671.0,
          120.0
        ],
        [
          1669.0,
          117.0
        ],
        [
          1669.0,
          115.0
        ],
        [
          1667.0,
          113.0
        ],
        [
          1667.0,
          112.0
        ],
        [
          1665.0,
          110.0
        ],
        [
          1665.0,
          109.0
        ],
        [
          1663.0,
          107.0
        ],
        [
          1663.0,
          106.0
        ],
        [
          1661.0,
          104.0
        ],
        [
          1661.0,
          103.0
        ],
        [
          1657.0,
          99.0
        ],
        [
          1657.0,
          98.0
        ],
        [
          1654.0,
          95.0
        ],
        [
          1654.0,
          94.0
        ],
        [
          1652.0,
          92.0
        ],
        [
          1652.0,
          91.0
        ],
        [
          1651.0,
          90.0
        ],
        [
          1650.0,
          90.0
        ],
        [
          1648.0,
          88.0
        ],
        [
          1646.0,
          88.0
        ]
      ],
      "group_id": null,
      "description": "",
      "difficult": false,
      "shape_type": "polygon",
      "flags": {},
      "attributes": {},
      "kie_linking": []
    },
    {
      "label": "fish",
      "score": null,
      "points": [
        [
          1626.0,
          324.0
        ],
        [
          1625.0,
          323.0
        ],
        [
          1625.0,
          322.0
        ],
        [
          1622.0,
          319.0
        ],
        [
          1621.0,
          319.0
        ],
        [
          1618.0,
          317.0
        ],
        [
          1616.0,
          317.0
        ],
        [
          1615.0,
          316.0
        ],
        [
          1614.0,
          316.0
        ],
        [
          1611.0,
          314.0
        ],
        [
          1609.0,
          314.0
        ],
        [
          1608.0,
          313.0
        ],
        [
          1605.0,
          313.0
        ],
        [
          1604.0,
          312.0
        ],
        [
          1600.0,
          312.0
        ],
        [
          1599.0,
          311.0
        ],
        [
          1593.0,
          311.0
        ],
        [
          1592.0,
          310.0
        ],
        [
          1576.0,
          310.0
        ],
        [
          1575.0,
          311.0
        ],
        [
          1562.0,
          311.0
        ],
        [
          1561.0,
          312.0
        ],
        [
          1556.0,
          312.0
        ],
        [
          1555.0,
          313.0
        ],
        [
          1553.0,
          313.0
        ],
        [
          1552.0,
          314.0
        ],
        [
          1550.0,
          314.0
        ],
        [
          1549.0,
          315.0
        ],
        [
          1546.0,
          315.0
        ],
        [
          1545.0,
          316.0
        ],
        [
          1542.0,
          316.0
        ],
        [
          1541.0,
          317.0
        ],
        [
          1537.0,
          317.0
        ],
        [
          1536.0,
          318.0
        ],
        [
          1534.0,
          318.0
        ],
        [
          1533.0,
          319.0
        ],
        [
          1528.0,
          319.0
        ],
        [
          1527.0,
          320.0
        ],
        [
          1517.0,
          320.0
        ],
        [
          1516.0,
          321.0
        ],
        [
          1512.0,
          321.0
        ],
        [
          1511.0,
          322.0
        ],
        [
          1507.0,
          322.0
        ],
        [
          1506.0,
          323.0
        ],
        [
          1502.0,
          323.0
        ],
        [
          1501.0,
          324.0
        ],
        [
          1499.0,
          324.0
        ],
        [
          1497.0,
          326.0
        ],
        [
          1499.0,
          328.0
        ],
        [
          1500.0,
          328.0
        ],
        [
          1501.0,
          329.0
        ],
        [
          1504.0,
          329.0
        ],
        [
          1505.0,
          330.0
        ],
        [
          1526.0,
          330.0
        ],
        [
          1527.0,
          331.0
        ],
        [
          1540.0,
          331.0
        ],
        [
          1541.0,
          332.0
        ],
        [
          1547.0,
          332.0
        ],
        [
          1548.0,
          333.0
        ],
        [
          1552.0,
          333.0
        ],
        [
          1553.0,
          334.0
        ],
        [
          1557.0,
          334.0
        ],
        [
          1558.0,
          335.0
        ],
        [
          1563.0,
          335.0
        ],
        [
          1564.0,
          336.0
        ],
        [
          1569.0,
          336.0
        ],
        [
          1570.0,
          337.0
        ],
        [
          1577.0,
          337.0
        ],
        [
          1578.0,
          338.0
        ],
        [
          1584.0,
          338.0
        ],
        [
          1585.0,
          339.0
        ],
        [
          1586.0,
          339.0
        ],
        [
          1587.0,
          338.0
        ],
        [
          1603.0,
          338.0
        ],
        [
          1604.0,
          337.0
        ],
        [
          1607.0,
          337.0
        ],
        [
          1610.0,
          335.0
        ],
        [
          1612.0,
          335.0
        ],
        [
          1613.0,
          334.0
        ],
        [
          1615.0,
          334.0
        ],
        [
          1616.0,
          333.0
        ],
        [
          1618.0,
          333.0
        ],
        [
          1619.0,
          332.0
        ],
        [
          1622.0,
          332.0
        ],
        [
          1625.0,
          329.0
        ],
        [
          1625.0,
          328.0
        ],
        [
          1626.0,
          327.0
        ]
      ],
      "group_id": null,
      "description": "",
      "difficult": false,
      "shape_type": "polygon",
      "flags": {},
      "attributes": {},
      "kie_linking": []
    },
    {
      "label": "fish",
      "score": null,
      "points": [
        [
          1541.0,
          364.0
        ],
        [
          1540.0,
          365.0
        ],
        [
          1539.0,
          365.0
        ],
        [
          1539.0,
          366.0
        ],
        [
          1537.0,
          368.0
        ],
        [
          1537.0,
          369.0
        ],
        [
          1536.0,
          370.0
        ],
        [
          1536.0,
          371.0
        ],
        [
          1535.0,
          372.0
        ],
        [
          1535.0,
          373.0
        ],
        [
          1534.0,
          374.0
        ],
        [
          1534.0,
          375.0
        ],
        [
          1532.0,
          377.0
        ],
        [
          1532.0,
          381.0
        ],
        [
          1531.0,
          382.0
        ],
        [
          1531.0,
          386.0
        ],
        [
          1532.0,
          387.0
        ],
        [
          1532.0,
          388.0
        ],
        [
          1533.0,
          389.0
        ],
        [
          1533.0,
          390.0
        ],
        [
          1538.0,
          395.0
        ],
        [
          1538.0,
          396.0
        ],
        [
          1540.0,
          398.0
        ],
        [
          1540.0,
          399.0
        ],
        [
          1542.0,
          401.0
        ],
        [
          1542.0,
          402.0
        ],
        [
          1545.0,
          405.0
        ],
        [
          1545.0,
          406.0
        ],
        [
          1546.0,
          407.0
        ],
        [
          1546.0,
          410.0
        ],
        [
          1547.0,
          411.0
        ],
        [
          1547.0,
          415.0
        ],
        [
          1553.0,
          421.0
        ],
        [
          1553.0,
          422.0
        ],
        [
          1555.0,
          424.0
        ],
        [
          1556.0,
          424.0
        ],
        [
          1561.0,
          429.0
        ],
        [
          1561.0,
          430.0
        ],
        [
          1566.0,
          435.0
        ],
        [
          1566.0,
          436.0
        ],
        [
          1567.0,
          437.0
        ],
        [
          1567.0,
          438.0
        ],
        [
          1569.0,
          441.0
        ],
        [
          1569.0,
          443.0
        ],
        [
          1571.0,
          446.0
        ],
        [
          1571.0,
          448.0
        ],
        [
          1572.0,
          449.0
        ],
        [
          1572.0,
          451.0
        ],
        [
          1573.0,
          452.0
        ],
        [
          1573.0,
          454.0
        ],
        [
          1574.0,
          455.0
        ],
        [
          1574.0,
          456.0
        ],
        [
          1576.0,
          458.0
        ],
        [
          1576.0,
          459.0
        ],
        [
          1577.0,
          460.0
        ],
        [
          1577.0,
          461.0
        ],
        [
          1578.0,
          462.0
        ],
        [
          1578.0,
          463.0
        ],
        [
          1580.0,
          465.0
        ],
        [
          1580.0,
          466.0
        ],
        [
          1581.0,
          467.0
        ],
        [
          1581.0,
          468.0
        ],
        [
          1583.0,
          470.0
        ],
        [
          1583.0,
          471.0
        ],
        [
          1585.0,
          473.0
        ],
        [
          1585.0,
          474.0
        ],
        [
          1589.0,
          478.0
        ],
        [
          1589.0,
          479.0
        ],
        [
          1590.0,
          480.0
        ],
        [
          1590.0,
          481.0
        ],
        [
          1592.0,
          483.0
        ],
        [
          1592.0,
          484.0
        ],
        [
          1593.0,
          484.0
        ],
        [
          1594.0,
          485.0
        ],
        [
          1600.0,
          485.0
        ],
        [
          1600.0,
          480.0
        ],
        [
          1599.0,
          479.0
        ],
        [
          1599.0,
          477.0
        ],
        [
          1598.0,
          476.0
        ],
        [
          1598.0,
          473.0
        ],
        [
          1597.0,
          472.0
        ],
        [
          1597.0,
          467.0
        ],
        [
          1596.0,
          466.0
        ],
        [
          1596.0,
          462.0
        ],
        [
          1595.0,
          461.0
        ],
        [
          1595.0,
          458.0
        ],
        [
          1593.0,
          455.0
        ],
        [
          1593.0,
          453.0
        ],
        [
          1592.0,
          452.0
        ],
        [
          1592.0,
          449.0
        ],
        [
          1591.0,
          448.0
        ],
        [
          1591.0,
          439.0
        ],
        [
          1592.0,
          438.0
        ],
        [
          1592.0,
          431.0
        ],
        [
          1591.0,
          430.0
        ],
        [
          1591.0,
          429.0
        ],
        [
          1589.0,
          426.0
        ],
        [
          1589.0,
          424.0
        ],
        [
          1588.0,
          423.0
        ],
        [
          1588.0,
          418.0
        ],
        [
          1587.0,
          417.0
        ],
        [
          1587.0,
          416.0
        ],
        [
          1583.0,
          412.0
        ],
        [
          1583.0,
          411.0
        ],
        [
          1581.0,
          409.0
        ],
        [
          1581.0,
          408.0
        ],
        [
          1580.0,
          407.0
        ],
        [
          1580.0,
          406.0
        ],
        [
          1579.0,
          405.0
        ],
        [
          1579.0,
          404.0
        ],
        [
          1578.0,
          403.0
        ],
        [
          1578.0,
          402.0
        ],
        [
          1575.0,
          399.0
        ],
        [
          1575.0,
          398.0
        ],
        [
          1573.0,
          396.0
        ],
        [
          1573.0,
          395.0
        ],
        [
          1572.0,
          394.0
        ],
        [
          1572.0,
          393.0
        ],
        [
          1570.0,
          391.0
        ],
        [
          1570.0,
          390.0
        ],
        [
          1568.0,
          388.0
        ],
        [
          1568.0,
          387.0
        ],
        [
          1567.0,
          386.0
        ],
        [
          1567.0,
          385.0
        ],
        [
          1565.0,
          383.0
        ],
        [
          1565.0,
          382.0
        ],
        [
          1561.0,
          378.0
        ],
        [
          1561.0,
          377.0
        ],
        [
          1558.0,
          374.0
        ],
        [
          1558.0,
          373.0
        ],
        [
          1551.0,
          366.0
        ],
        [
          1550.0,
          366.0
        ],
        [
          1548.0,
          364.0
        ]
      ],
      "group_id": null,
      "description": "",
      "difficult": false,
      "shape_type": "polygon",
      "flags": {},
      "attributes": {},
      "kie_linking": []
    }
  ],
  "imagePath": "frame_000005.jpg",
  "imageData": null,
  "imageHeight": 1080,
  "imageWidth": 1920
}