{
  "version": "3.1.1",
  "flags": {},
  "shapes": [
    {
      "label": "fish",
      "score": null,
      "points": [
        [
          1435.0,
          378.0
        ],
        [
          1427.0,
          378.0
        ],
        [
          1426.0,
          379.0
        ],
        [
          1424.0,
          379.0
        ],
        [
          1417.0,
          383.0
        ],
        [
          1415.0,
          383.0
        ],
        [
          1414.0,
          384.0
        ],
        [
          1413.0,
          384.0
        ],
        [
          1406.0,
          393.0
        ],
        [
          1406.0,
          394.0
        ],
        [
          1402.0,
          401.0
        ],
        [
          1402.0,
          403.0
        ],
        [
          1399.0,
          408.0
        ],
        [
          1399.0,
          410.0
        ],
        [
          1397.0,
          412.0
        ],
        [
          1397.0,
          413.0
        ],
        [
          1395.0,
          416.0
        ],
        [
          1395.0,
          419.0
        ],
        [
          1394.0,
          420.0
        ],
        [
          1394.0,
          423.0
        ],
        [
          1393.0,
          424.0
        ],
        [
          1393.0,
          426.0
        ],
        [
          1391.0,
          429.0
        ],
        [
          1391.0,
          432.0
        ],
        [
          1390.0,
          433.0
        ],
        [
          1390.0,
          436.0
        ],
        [
          1389.0,
          437.0
        ],
        [
          1389.0,
          440.0
        ],
        [
          1388.0,
          441.0
        ],
        [
          1388.0,
          444.0
        ],
        [
          1387.0,
          445.0
        ],
        [
          1387.0,
          447.0
        ],
        [
          1386.0,
          448.0
        ],
        [
          1386.0,
          449.0
        ],
        [
          1384.0,
          451.0
        ],
        [
          1384.0,
          452.0
        ],
        [
          1383.0,
          453.0
        ],
        [
          1383.0,
          457.0
        ],
        [
          1382.0,
          458.0
        ],
        [
          1382.0,
          462.0
        ],
        [
          1381.0,
          463.0
        ],
        [
          1381.0,
          465.0
        ],
        [
          1379.0,
          467.0
        ],
        [
          1379.0,
          468.0
        ],
        [
          1375.0,
          472.0
        ],
        [
          1375.0,
          473.0
        ],
        [
          1374.0,
          474.0
        ],
        [
          1374.0,
          476.0
        ],
        [
          1373.0,
          477.0
        ],
        [
          1373.0,
          479.0
        ],
        [
          1372.0,
          480.0
        ],
        [
          1372.0,
          482.0
        ],
        [
          1371.0,
          483.0
        ],
        [
          1370.0,
          486.0
        ],
        [
          1366.0,
          491.0
        ],
        [
          1366.0,
          492.0
        ],
        [
          1365.0,
          493.0
        ],
        [
          1363.0,
          498.0
        ],
        [
          1357.0,
          504.0
        ],
        [
          1355.0,
          509.0
        ],
        [
          1352.0,
          512.0
        ],
        [
          1352.0,
          513.0
        ],
        [
          1351.0,
          514.0
        ],
        [
          1351.0,
          519.0
        ],
        [
          1349.0,
          522.0
        ],
        [
          1349.0,
          529.0
        ],
        [
          1351.0,
          531.0
        ],
        [
          1353.0,
          531.0
        ],
        [
          1354.0,
          530.0
        ],
        [
          1354.0,
          529.0
        ],
        [
          1355.0,
          528.0
        ],
        [
          1355.0,
          526.0
        ],
        [
          1356.0,
          525.0
        ],
        [
          1356.0,
          523.0
        ],
        [
          1368.0,
          510.0
        ],
        [
          1368.0,
          509.0
        ],
        [
          1370.0,
          507.0
        ],
        [
          1370.0,
          506.0
        ],
        [
          1372.0,
          504.0
        ],
        [
          1372.0,
          503.0
        ],
        [
          1373.0,
          502.0
        ],
        [
          1374.0,
          502.0
        ],
        [
          1379.0,
          497.0
        ],
        [
          1379.0,
          496.0
        ],
        [
          1383.0,
          491.0
        ],
        [
          1383.0,
          490.0
        ],
        [
          1385.0,
          487.0
        ],
        [
          1385.0,
          485.0
        ],
        [
          1386.0,
          484.0
        ],
        [
          1387.0,
          481.0
        ],
        [
          1389.0,
          479.0
        ],
        [
          1389.0,
          478.0
        ],
        [
          1402.0,
          465.0
        ],
        [
          1402.0,
          464.0
        ],
        [
          1406.0,
          460.0
        ],
        [
          1406.0,
          459.0
        ],
        [
          1412.0,
          453.0
        ],
        [
          1412.0,
          452.0
        ],
        [
          1414.0,
          450.0
        ],
        [
          1414.0,
          449.0
        ],
        [
          1416.0,
          446.0
        ],
        [
          1416.0,
          444.0
        ],
        [
          1417.0,
          443.0
        ],
        [
          1418.0,
          440.0
        ],
        [
          1420.0,
          438.0
        ],
        [
          1420.0,
          437.0
        ],
        [
          1424.0,
          432.0
        ],
        [
          1425.0,
          429.0
        ],
        [
          1427.0,
          427.0
        ],
        [
          1427.0,
          426.0
        ],
        [
          1428.0,
          425.0
        ],
        [
          1428.0,
          423.0
        ],
        [
          1429.0,
          422.0
        ],
        [
          1429.0,
          419.0
        ],
        [
          1430.0,
          418.0
        ],
        [
          1430.0,
          415.0
        ],
        [
          1431.0,
          414.0
        ],
        [
          1431.0,
          412.0
        ],
        [
          1433.0,
          409.0
        ],
        [
          1433.0,
          406.0
        ],
        [
          1434.0,
          405.0
        ],
        [
          1434.0,
          402.0
        ],
        [
          1435.0,
          401.0
        ],
        [
          1435.0,
          398.0
        ],
        [
          1436.0,
          397.0
        ],
        [
          1436.0,
          395.0
        ],
        [
          1437.0,
          394.0
        ],
        [
          1437.0,
          390.0
        ],
        [
          1438.0,
          389.0
        ],
        [
          1438.0,
          383.0
        ],
        [
          1437.0,
          382.0
        ],
        [
          1437.0,
          380.0
        ]
      ],
      "group_id": null,
      "description": "",
      "difficult": false,
      "shape_type": "polygon",
      "flags": {},
      "attributes": {},
      "kie_linking": []
    },
    {
      "label": "fish",
      "score": null,
      "points": [
        [
          1384.0,
          476.0
        ],
        [
          1381.0,
          476.0
        ],
        [
          1376.0,
          481.0
        ],
        [
          1376.0,
          482.0
        ],
        [
          1374.0,
          484.0
        ],
        [
          1374.0,
          485.0
        ],
        [
          1373.0,
          486.0
        ],
        [
          1373.0,
          487.0
        ],
        [
          1372.0,
          488.0
        ],
        [
          1372.0,
          489.0
        ],
        [
          1368.0,
          493.0
        ],
        [
          1368.0,
          494.0
        ],
        [
          1366.0,
          496.0
        ],
        [
          1366.0,
          497.0
        ],
        [
          1365.0,
          498.0
        ],
        [
          1365.0,
          500.0
        ],
        [
          1364.0,
          501.0
        ],
        [
          1364.0,
          502.0
        ],
        [
          1360.0,
          506.0
        ],
        [
          1360.0,
          512.0
        ],
        [
          1361.0,
          512.0
        ],
        [
          1361.0,
          511.0
        ],
        [
          1363.0,
          509.0
        ],
        [
          1364.0,
          509.0
        ],
        [
          1365.0,
          508.0
        ],
        [
          1367.0,
          508.0
        ],
        [
          1370.0,
          505.0
        ],
        [
          1370.0,
          504.0
        ],
        [
          1371.0,
          503.0
        ],
        [
          1371.0,
          502.0
        ],
        [
          1373.0,
          500.0
        ],
        [
          1374.0,
          500.0
        ],
        [
          1377.0,
          497.0
        ],
        [
          1377.0,
          495.0
        ],
        [
          1378.0,
          494.0
        ],
        [
          1378.0,
          493.0
        ],
        [
          1380.0,
          491.0
        ],
        [
          1380.0,
          490.0
        ],
        [
          1382.0,
          488.0
        ],
        [
          1382.0,
          486.0
        ],
        [
          1384.0,
          484.0
        ]
      ],
      "group_id": null,
      "description": "",
      "difficult": false,
      "shape_type": "polygon",
      "flags": {},
      "attributes": {},
      "kie_linking": []
    },
    {
      "label": "fish",
      "score": null,
      "points": [
        [
          1414.0,
          433.0
        ],
        [
          1412.0,
          433.0
        ],
        [
          1409.0,
          436.0
        ],
        [
          1409.0,
          438.0
        ],
        [
          1408.0,
          439.0
        ],
        [
          1408.0,
          440.0
        ],
        [
          1407.0,
          441.0
        ],
        [
          1407.0,
          442.0
        ],
        [
          1404.0,
          445.0
        ],
        [
          1402.0,
          445.0
        ],
        [
          1398.0,
          449.0
        ],
        [
          1398.0,
          450.0
        ],
        [
          1396.0,
          452.0
        ],
        [
          1396.0,
          453.0
        ],
        [
          1395.0,
          454.0
        ],
        [
          1395.0,
          456.0
        ],
        [
          1394.0,
          457.0
        ],
        [
          1394.0,
          463.0
        ],
        [
          1396.0,
          465.0
        ],
        [
          1397.0,
          465.0
        ],
        [
          1398.0,
          464.0
        ],
        [
          1398.0,
          463.0
        ],
        [
          1400.0,
          461.0
        ],
        [
          1400.0,
          460.0
        ],
        [
          1403.0,
          457.0
        ],
        [
          1404.0,
          457.0
        ],
        [
          1408.0,
          453.0
        ],
        [
          1408.0,
          451.0
        ],
        [
          1409.0,
          450.0
        ],
        [
          1409.0,
          449.0
        ],
        [
          1410.0,
          448.0
        ],
        [
          1411.0,
          448.0
        ],
        [
          1413.0,
          446.0
        ],
        [
          1413.0,
          445.0
        ],
        [
          1414.0,
          444.0
        ],
        [
          1414.0,
          438.0
        ],
        [
          1415.0,
          437.0
        ],
        [
          1415.0,
          436.0
        ],
        [
          1414.0,
          435.0
        ]
      ],
      "group_id": null,
      "description": "",
      "difficult": false,
      "shape_type": "polygon",
      "flags": {},
      "attributes": {},
      "kie_linking": []
    },
    {
      "label": "fish",
      "score": null,
      "points": [
        [
          1622.0,
          330.0
        ],
        [
          1621.0,
          329.0
        ],
        [
          1621.0,
          327.0
        ],
        [
          1619.0,
          324.0
        ],
        [
          1618.0,
          324.0
        ],
        [
          1616.0,
          322.0
        ],
        [
          1614.0,
          322.0
        ],
        [
          1612.0,
          320.0
        ],
        [
          1611.0,
          320.0
        ],
        [
          1608.0,
          317.0
        ],
        [
          1607.0,
          317.0
        ],
        [
          1604.0,
          315.0
        ],
        [
          1602.0,
          315.0
        ],
        [
          1599.0,
          313.0
        ],
        [
          1597.0,
          313.0
        ],
        [
          1596.0,
          312.0
        ],
        [
          1594.0,
          312.0
        ],
        [
          1593.0,
          311.0
        ],
        [
          1591.0,
          311.0
        ],
        [
          1590.0,
          310.0
        ],
        [
          1588.0,
          310.0
        ],
        [
          1587.0,
          309.0
        ],
        [
          1585.0,
          309.0
        ],
        [
          1584.0,
          308.0
        ],
        [
          1581.0,
          308.0
        ],
        [
          1580.0,
          307.0
        ],
        [
          1577.0,
          307.0
        ],
        [
          1576.0,
          306.0
        ],
        [
          1573.0,
          306.0
        ],
        [
          1572.0,
          305.0
        ],
        [
          1548.0,
          305.0
        ],
        [
          1547.0,
          306.0
        ],
        [
          1545.0,
          306.0
        ],
        [
          1544.0,
          307.0
        ],
        [
          1542.0,
          307.0
        ],
        [
          1541.0,
          308.0
        ],
        [
          1538.0,
          308.0
        ],
        [
          1537.0,
          309.0
        ],
        [
          1535.0,
          309.0
        ],
        [
          1534.0,
          310.0
        ],
        [
          1533.0,
          310.0
        ],
        [
          1532.0,
          311.0
        ],
        [
          1529.0,
          312.0
        ],
        [
          1527.0,
          314.0
        ],
        [
          1526.0,
          314.0
        ],
        [
          1525.0,
          315.0
        ],
        [
          1524.0,
          315.0
        ],
        [
          1522.0,
          317.0
        ],
        [
          1521.0,
          317.0
        ],
        [
          1518.0,
          320.0
        ],
        [
          1517.0,
          320.0
        ],
        [
          1516.0,
          321.0
        ],
        [
          1515.0,
          321.0
        ],
        [
          1514.0,
          322.0
        ],
        [
          1513.0,
          322.0
        ],
        [
          1512.0,
          323.0
        ],
        [
          1509.0,
          324.0
        ],
        [
          1507.0,
          326.0
        ],
        [
          1506.0,
          326.0
        ],
        [
          1504.0,
          328.0
        ],
        [
          1503.0,
          328.0
        ],
        [
          1500.0,
          331.0
        ],
        [
          1499.0,
          331.0
        ],
        [
          1495.0,
          335.0
        ],
        [
          1494.0,
          335.0
        ],
        [
          1493.0,
          336.0
        ],
        [
          1493.0,
          337.0
        ],
        [
          1489.0,
          341.0
        ],
        [
          1489.0,
          342.0
        ],
        [
          1486.0,
          347.0
        ],
        [
          1486.0,
          349.0
        ],
        [
          1485.0,
          350.0
        ],
        [
          1485.0,
          351.0
        ],
        [
          1483.0,
          354.0
        ],
        [
          1483.0,
          356.0
        ],
        [
          1482.0,
          357.0
        ],
        [
          1482.0,
          362.0
        ],
        [
          1485.0,
          365.0
        ],
        [
          1485.0,
          366.0
        ],
        [
          1486.0,
          367.0
        ],
        [
          1486.0,
          369.0
        ],
        [
          1487.0,
          370.0
        ],
        [
          1487.0,
          372.0
        ],
        [
          1489.0,
          372.0
        ],
        [
          1489.0,
          365.0
        ],
        [
          1488.0,
          364.0
        ],
        [
          1488.0,
          363.0
        ],
        [
          1489.0,
          362.0
        ],
        [
          1489.0,
          360.0
        ],
        [
          1490.0,
          359.0
        ],
        [
          1490.0,
          356.0
        ],
        [
          1491.0,
          355.0
        ],
        [
          1491.0,
          353.0
        ],
        [
          1504.0,
          340.0
        ],
        [
          1505.0,
          340.0
        ],
        [
          1506.0,
          339.0
        ],
        [
          1507.0,
          339.0
        ],
        [
          1512.0,
          336.0
        ],
        [
          1514.0,
          336.0
        ],
        [
          1517.0,
          334.0
        ],
        [
          1519.0,
          334.0
        ],
        [
          1520.0,
          333.0
        ],
        [
          1523.0,
          333.0
        ],
        [
          1524.0,
          332.0
        ],
        [
          1540.0,
          332.0
        ],
        [
          1541.0,
          333.0
        ],
        [
          1548.0,
          333.0
        ],
        [
          1549.0,
          334.0
        ],
        [
          1563.0,
          334.0
        ],
        [
          1564.0,
          335.0
        ],
        [
          1567.0,
          335.0
        ],
        [
          1568.0,
          336.0
        ],
        [
          1572.0,
          336.0
        ],
        [
          1573.0,
          337.0
        ],
        [
          1578.0,
          337.0
        ],
        [
          1579.0,
          338.0
        ],
        [
          1582.0,
          338.0
        ],
        [
          1583.0,
          339.0
        ],
        [
          1586.0,
          339.0
        ],
        [
          1587.0,
          340.0
        ],
        [
          1590.0,
          340.0
        ],
        [
          1591.0,
          341.0
        ],
        [
          1594.0,
          341.0
        ],
        [
          1595.0,
          342.0
        ],
        [
          1602.0,
          342.0
        ],
        [
          1603.0,
          341.0
        ],
        [
          1604.0,
          341.0
        ],
        [
          1609.0,
          338.0
        ],
        [
          1617.0,
          338.0
        ],
        [
          1618.0,
          337.0
        ],
        [
          1619.0,
          337.0
        ],
        [
          1622.0,
          334.0
        ]
      ],
      "group_id": null,
      "description": "",
      "difficult": false,
      "shape_type": "polygon",
      "flags": {},
      "attributes": {},
      "kie_linking": []
    },
    {
      "label": "fish",
      "score": null,
      "points": [
        [
          1697.0,
          462.0
        ],
        [
          1697.0,
          463.0
        ],
        [
          1696.0,
          464.0
        ],
        [
          1696.0,
          466.0
        ],
        [
          1695.0,
          467.0
        ],
        [
          1695.0,
          469.0
        ],
        [
          1694.0,
          470.0
        ],
        [
          1694.0,
          473.0
        ],
        [
          1693.0,
          474.0
        ],
        [
          1693.0,
          489.0
        ],
        [
          1692.0,
          490.0
        ],
        [
          1692.0,
          491.0
        ],
        [
          1693.0,
          492.0
        ],
        [
          1693.0,
          496.0
        ],
        [
          1694.0,
          497.0
        ],
        [
          1694.0,
          498.0
        ],
        [
          1695.0,
          499.0
        ],
        [
          1695.0,
          500.0
        ],
        [
          1696.0,
          501.0
        ],
        [
          1696.0,
          502.0
        ],
        [
          1697.0,
          503.0
        ],
        [
          1697.0,
          505.0
        ],
        [
          1698.0,
          506.0
        ],
        [
          1698.0,
          507.0
        ],
        [
          1699.0,
          508.0
        ],
        [
          1699.0,
          509.0
        ],
        [
          1700.0,
          510.0
        ],
        [
          1700.0,
          512.0
        ],
        [
          1701.0,
          513.0
        ],
        [
          1701.0,
          514.0
        ],
        [
          1702.0,
          515.0
        ],
        [
          1702.0,
          517.0
        ],
        [
          1703.0,
          518.0
        ],
        [
          1703.0,
          519.0
        ],
        [
          1704.0,
          520.0
        ],
        [
          1704.0,
          522.0
        ],
        [
          1705.0,
          523.0
        ],
        [
          1705.0,
          524.0
        ],
        [
          1707.0,
          526.0
        ],
        [
          1707.0,
          527.0
        ],
        [
          1708.0,
          528.0
        ],
        [
          1708.0,
          529.0
        ],
        [
          1709.0,
          530.0
        ],
        [
          1709.0,
          531.0
        ],
        [
          1711.0,
          533.0
        ],
        [
          1711.0,
          534.0
        ],
        [
          1712.0,
          535.0
        ],
        [
          1712.0,
          536.0
        ],
        [
          1720.0,
          544.0
        ],
        [
          1721.0,
          544.0
        ],
        [
          1722.0,
          545.0
        ],
        [
          1723.0,
          545.0
        ],
        [
          1724.0,
          546.0
        ],
        [
          1725.0,
          546.0
        ],
        [
          1726.0,
          547.0
        ],
        [
          1727.0,
          547.0
        ],
        [
          1728.0,
          548.0
        ],
        [
          1729.0,
          548.0
        ],
        [
          1731.0,
          550.0
        ],
        [
          1732.0,
          550.0
        ],
        [
          1734.0,
          552.0
        ],
        [
          1735.0,
          552.0
        ],
        [
          1736.0,
          553.0
        ],
        [
          1739.0,
          553.0
        ],
        [
          1740.0,
          554.0
        ],
        [
          1742.0,
          554.0
        ],
        [
          1743.0,
          555.0
        ],
        [
          1744.0,
          555.0
        ],
        [
          1745.0,
          554.0
        ],
        [
          1749.0,
          554.0
        ],
        [
          1750.0,
          553.0
        ],
        [
          1751.0,
          553.0
        ],
        [
          1752.0,
          552.0
        ],
        [
          1752.0,
          551.0
        ],
        [
          1753.0,
          550.0
        ],
        [
          1753.0,
          548.0
        ],
        [
          1752.0,
          547.0
        ],
        [
          1752.0,
          540.0
        ],
        [
          1751.0,
          539.0
        ],
        [
          1751.0,
          534.0
        ],
        [
          1752.0,
          533.0
        ],
        [
          1752.0,
          530.0
        ],
        [
          1753.0,
          529.0
        ],
        [
          1753.0,
          527.0
        ],
        [
          1752.0,
          526.0
        ],
        [
          1752.0,
          524.0
        ],
        [
          1751.0,
          523.0
        ],
        [
          1751.0,
          521.0
        ],
        [
          1749.0,
          519.0
        ],
        [
          1745.0,
          519.0
        ],
        [
          1744.0,
          518.0
        ],
        [
          1741.0,
          518.0
        ],
        [
          1740.0,
          517.0
        ],
        [
          1738.0,
          517.0
        ],
        [
          1737.0,
          516.0
        ],
        [
          1736.0,
          516.0
        ],
        [
          1735.0,
          515.0
        ],
        [
          1734.0,
          515.0
        ],
        [
          1732.0,
          513.0
        ],
        [
          1732.0,
          512.0
        ],
        [
          1727.0,
          507.0
        ],
        [
          1727.0,
          506.0
        ],
        [
          1724.0,
          503.0
        ],
        [
          1723.0,
          503.0
        ],
        [
          1721.0,
          501.0
        ],
        [
          1720.0,
          501.0
        ],
        [
          1712.0,
          493.0
        ],
        [
          1711.0,
          493.0
        ],
        [
          1710.0,
          492.0
        ],
        [
          1710.0,
          491.0
        ],
        [
          1708.0,
          489.0
        ],
        [
          1708.0,
          488.0
        ],
        [
          1707.0,
          487.0
        ],
        [
          1707.0,
          486.0
        ],
        [
          1705.0,
          484.0
        ],
        [
          1705.0,
          483.0
        ],
        [
          1704.0,
          482.0
        ],
        [
          1704.0,
          480.0
        ],
        [
          1703.0,
          479.0
        ],
        [
          1703.0,
          477.0
        ],
        [
          1702.0,
          476.0
        ],
        [
          1702.0,
          474.0
        ],
        [
          1701.0,
          473.0
        ],
        [
          1701.0,
          472.0
        ],
        [
          1700.0,
          471.0
        ],
        [
          1700.0,
          468.0
        ],
        [
          1699.0,
          467.0
        ],
        [
          1699.0,
          463.0
        ],
        [
          1698.0,
          462.0
        ]
      ],
      "group_id": null,
      "description": "",
      "difficult": false,
      "shape_type": "polygon",
      "flags": {},
      "attributes": {},
      "kie_linking": []
    },
    {
      "label": "fish",
      "score": null,
      "points": [
        [
          1661.0,
          751.0
        ],
        [
          1659.0,
          751.0
        ],
        [
          1657.0,
          753.0
        ],
        [
          1657.0,
          754.0
        ],
        [
          1656.0,
          755.0
        ],
        [
          1656.0,
          756.0
        ],
        [
          1655.0,
          757.0
        ],
        [
          1655.0,
          758.0
        ],
        [
          1654.0,
          759.0
        ],
        [
          1654.0,
          760.0
        ],
        [
          1653.0,
          761.0
        ],
        [
          1653.0,
          762.0
        ],
        [
          1652.0,
          763.0
        ],
        [
          1652.0,
          764.0
        ],
        [
          1651.0,
          765.0
        ],
        [
          1651.0,
          766.0
        ],
        [
          1650.0,
          767.0
        ],
        [
          1650.0,
          768.0
        ],
        [
          1648.0,
          770.0
        ],
        [
          1648.0,
          771.0
        ],
        [
          1646.0,
          773.0
        ],
        [
          1646.0,
          774.0
        ],
        [
          1645.0,
          775.0
        ],
        [
          1645.0,
          776.0
        ],
        [
          1644.0,
          777.0
        ],
        [
          1644.0,
          780.0
        ],
        [
          1643.0,
          781.0
        ],
        [
          1643.0,
          784.0
        ],
        [
          1642.0,
          785.0
        ],
        [
          1642.0,
          787.0
        ],
        [
          1641.0,
          788.0
        ],
        [
          1641.0,
          789.0
        ],
        [
          1640.0,
          790.0
        ],
        [
          1640.0,
          792.0
        ],
        [
          1639.0,
          793.0
        ],
        [
          1639.0,
          794.0
        ],
        [
          1638.0,
          795.0
        ],
        [
          1638.0,
          796.0
        ],
        [
          1637.0,
          797.0
        ],
        [
          1637.0,
          799.0
        ],
        [
          1636.0,
          800.0
        ],
        [
          1636.0,
          801.0
        ],
        [
          1635.0,
          802.0
        ],
        [
          1635.0,
          803.0
        ],
        [
          1634.0,
          804.0
        ],
        [
          1634.0,
          806.0
        ],
        [
          1633.0,
          807.0
        ],
        [
          1633.0,
          809.0
        ],
        [
          1632.0,
          810.0
        ],
        [
          1632.0,
          811.0
        ],
        [
          1631.0,
          812.0
        ],
        [
          1631.0,
          813.0
        ],
        [
          1630.0,
          814.0
        ],
        [
          1630.0,
          816.0
        ],
        [
          1629.0,
          817.0
        ],
        [
          1629.0,
          818.0
        ],
        [
          1628.0,
          819.0
        ],
        [
          1628.0,
          821.0
        ],
        [
          1627.0,
          822.0
        ],
        [
          1627.0,
          824.0
        ],
        [
          1626.0,
          825.0
        ],
        [
          1626.0,
          826.0
        ],
        [
          1625.0,
          827.0
        ],
        [
          1625.0,
          829.0
        ],
        [
          1624.0,
          830.0
        ],
        [
          1624.0,
          833.0
        ],
        [
          1623.0,
          834.0
        ],
        [
          1623.0,
          838.0
        ],
        [
          1622.0,
          839.0
        ],
        [
          1622.0,
          844.0
        ],
        [
          1623.0,
          845.0
        ],
        [
          1623.0,
          847.0
        ],
        [
          1624.0,
          848.0
        ],
        [
          1624.0,
          849.0
        ],
        [
          1625.0,
          850.0
        ],
        [
          1625.0,
          851.0
        ],
        [
          1626.0,
          852.0
        ],
        [
          1626.0,
          853.0
        ],
        [
          1627.0,
          854.0
        ],
        [
          1627.0,
          856.0
        ],
        [
          1628.0,
          857.0
        ],
        [
          1628.0,
          859.0
        ],
        [
          1630.0,
          861.0
        ],
        [
          1632.0,
          861.0
        ],
        [
          1633.0,
          860.0
        ],
        [
          1636.0,
          860.0
        ],
        [
          1637.0,
          859.0
        ],
        [
          1638.0,
          859.0
        ],
        [
          1642.0,
          855.0
        ],
        [
          1642.0,
          854.0
        ],
        [
          1648.0,
          848.0
        ],
        [
          1648.0,
          847.0
        ],
        [
          1654.0,
          841.0
        ],
        [
          1654.0,
          840.0
        ],
        [
          1657.0,
          837.0
        ],
        [
          1657.0,
          836.0
        ],
        [
          1659.0,
          834.0
        ],
        [
          1659.0,
          833.0
        ],
        [
          1661.0,
          831.0
        ],
        [
          1661.0,
          830.0
        ],
        [
          1663.0,
          828.0
        ],
        [
          1663.0,
          827.0
        ],
        [
          1664.0,
          826.0
        ],
        [
          1664.0,
          824.0
        ],
        [
          1665.0,
          823.0
        ],
        [
          1665.0,
          822.0
        ],
        [
          1666.0,
          821.0
        ],
        [
          1666.0,
          819.0
        ],
        [
          1667.0,
          818.0
        ],
        [
          1667.0,
          815.0
        ],
        [
          1668.0,
          814.0
        ],
        [
          1668.0,
          810.0
        ],
        [
          1669.0,
          809.0
        ],
        [
          1669.0,
          791.0
        ],
        [
          1668.0,
          790.0
        ],
        [
          1668.0,
          781.0
        ],
        [
          1667.0,
          780.0
        ],
        [
          1667.0,
          775.0
        ],
        [
          1666.0,
          774.0
        ],
        [
          1666.0,
          772.0
        ],
        [
          1665.0,
          771.0
        ],
        [
          1665.0,
          770.0
        ],
        [
          1664.0,
          769.0
        ],
        [
          1664.0,
          766.0
        ],
        [
          1663.0,
          765.0
        ],
        [
          1663.0,
          763.0
        ],
        [
          1662.0,
          762.0
        ],
        [
          1662.0,
          754.0
        ],
        [
          1661.0,
          753.0
        ]
      ],
      "group_id": null,
      "description": "",
      "difficult": false,
      "shape_type": "polygon",
      "flags": {},
      "attributes": {},
      "kie_linking": []
    }
  ],
  "imagePath": "frame_000016.jpg",
  "imageData": null,
  "imageHeight": 1080,
  "imageWidth": 1920
}