{
  "version": "3.1.1",
  "flags": {},
  "shapes": [
    {
      "label": "fish",
      "score": null,
      "points": [
        [
          1342.0,
          655.0
        ],
        [
          1343.0,
          656.0
        ],
        [
          1344.0,
          659.0
        ],
        [
          1345.0,
          659.0
        ],
        [
          1348.0,
          661.0
        ],
        [
          1350.0,
          661.0
        ],
        [
          1351.0,
          662.0
        ],
        [
          1355.0,
          662.0
        ],
        [
          1356.0,
          663.0
        ],
        [
          1359.0,
          663.0
        ],
        [
          1360.0,
          664.0
        ],
        [
          1374.0,
          664.0
        ],
        [
          1375.0,
          665.0
        ],
        [
          1385.0,
          665.0
        ],
        [
          1386.0,
          666.0
        ],
        [
          1401.0,
          666.0
        ],
        [
          1402.0,
          665.0
        ],
        [
          1406.0,
          665.0
        ],
        [
          1407.0,
          664.0
        ],
        [
          1411.0,
          664.0
        ],
        [
          1412.0,
          663.0
        ],
        [
          1417.0,
          663.0
        ],
        [
          1418.0,
          662.0
        ],
        [
          1421.0,
          662.0
        ],
        [
          1422.0,
          661.0
        ],
        [
          1424.0,
          661.0
        ],
        [
          1425.0,
          660.0
        ],
        [
          1427.0,
          660.0
        ],
        [
          1428.0,
          659.0
        ],
        [
          1429.0,
          659.0
        ],
        [
          1430.0,
          658.0
        ],
        [
          1431.0,
          658.0
        ],
        [
          1432.0,
          657.0
        ],
        [
          1435.0,
          656.0
        ],
        [
          1437.0,
          654.0
        ],
        [
          1438.0,
          654.0
        ],
        [
          1439.0,
          653.0
        ],
        [
          1440.0,
          653.0
        ],
        [
          1443.0,
          651.0
        ],
        [
          1446.0,
          651.0
        ],
        [
          1447.0,
          650.0
        ],
        [
          1452.0,
          650.0
        ],
        [
          1453.0,
          649.0
        ],
        [
          1459.0,
          649.0
        ],
        [
          1460.0,
          648.0
        ],
        [
          1463.0,
          648.0
        ],
        [
          1464.0,
          647.0
        ],
        [
          1467.0,
          647.0
        ],
        [
          1470.0,
          645.0
        ],
        [
          1472.0,
          645.0
        ],
        [
          1473.0,
          644.0
        ],
        [
          1475.0,
          644.0
        ],
        [
          1476.0,
          643.0
        ],
        [
          1478.0,
          643.0
        ],
        [
          1479.0,
          642.0
        ],
        [
          1481.0,
          642.0
        ],
        [
          1482.0,
          641.0
        ],
        [
          1484.0,
          641.0
        ],
        [
          1485.0,
          640.0
        ],
        [
          1485.0,
          639.0
        ],
        [
          1484.0,
          639.0
        ],
        [
          1483.0,
          638.0
        ],
        [
          1440.0,
          638.0
        ],
        [
          1439.0,
          639.0
        ],
        [
          1431.0,
          639.0
        ],
        [
          1430.0,
          640.0
        ],
        [
          1426.0,
          640.0
        ],
        [
          1425.0,
          639.0
        ],
        [
          1419.0,
          639.0
        ],
        [
          1418.0,
          638.0
        ],
        [
          1413.0,
          638.0
        ],
        [
          1412.0,
          637.0
        ],
        [
          1404.0,
          637.0
        ],
        [
          1403.0,
          638.0
        ],
        [
          1396.0,
          638.0
        ],
        [
          1395.0,
          639.0
        ],
        [
          1381.0,
          639.0
        ],
        [
          1380.0,
          640.0
        ],
        [
          1368.0,
          640.0
        ],
        [
          1367.0,
          639.0
        ],
        [
          1357.0,
          639.0
        ],
        [
          1356.0,
          640.0
        ],
        [
          1354.0,
          640.0
        ],
        [
          1353.0,
          641.0
        ],
        [
          1352.0,
          641.0
        ],
        [
          1348.0,
          645.0
        ],
        [
          1347.0,
          645.0
        ],
        [
          1343.0,
          649.0
        ],
        [
          1343.0,
          652.0
        ],
        [
          1342.0,
          653.0
        ]
      ],
      "group_id": null,
      "description": "",
      "difficult": false,
      "shape_type": "polygon",
      "flags": {},
      "attributes": {},
      "kie_linking": []
    },
    {
      "label": "fish",
      "score": null,
      "points": [
        [
          1640.0,
          698.0
        ],
        [
          1637.0,
          698.0
        ],
        [
          1636.0,
          699.0
        ],
        [
          1635.0,
          699.0
        ],
        [
          1632.0,
          702.0
        ],
        [
          1631.0,
          702.0
        ],
        [
          1630.0,
          703.0
        ],
        [
          1629.0,
          703.0
        ],
        [
          1628.0,
          704.0
        ],
        [
          1627.0,
          704.0
        ],
        [
          1624.0,
          706.0
        ],
        [
          1622.0,
          706.0
        ],
        [
          1620.0,
          708.0
        ],
        [
          1620.0,
          710.0
        ],
        [
          1619.0,
          711.0
        ],
        [
          1619.0,
          713.0
        ],
        [
          1618.0,
          714.0
        ],
        [
          1618.0,
          716.0
        ],
        [
          1617.0,
          717.0
        ],
        [
          1617.0,
          719.0
        ],
        [
          1616.0,
          720.0
        ],
        [
          1616.0,
          722.0
        ],
        [
          1615.0,
          723.0
        ],
        [
          1615.0,
          724.0
        ],
        [
          1614.0,
          725.0
        ],
        [
          1614.0,
          727.0
        ],
        [
          1613.0,
          728.0
        ],
        [
          1613.0,
          731.0
        ],
        [
          1612.0,
          732.0
        ],
        [
          1612.0,
          735.0
        ],
        [
          1611.0,
          736.0
        ],
        [
          1611.0,
          739.0
        ],
        [
          1610.0,
          740.0
        ],
        [
          1610.0,
          741.0
        ],
        [
          1606.0,
          745.0
        ],
        [
          1606.0,
          746.0
        ],
        [
          1605.0,
          747.0
        ],
        [
          1605.0,
          749.0
        ],
        [
          1603.0,
          752.0
        ],
        [
          1604.0,
          753.0
        ],
        [
          1604.0,
          754.0
        ],
        [
          1605.0,
          755.0
        ],
        [
          1605.0,
          756.0
        ],
        [
          1607.0,
          759.0
        ],
        [
          1607.0,
          762.0
        ],
        [
          1608.0,
          763.0
        ],
        [
          1608.0,
          771.0
        ],
        [
          1607.0,
          772.0
        ],
        [
          1607.0,
          803.0
        ],
        [
          1608.0,
          804.0
        ],
        [
          1608.0,
          815.0
        ],
        [
          1607.0,
          816.0
        ],
        [
          1607.0,
          819.0
        ],
        [
          1606.0,
          820.0
        ],
        [
          1606.0,
          827.0
        ],
        [
          1607.0,
          828.0
        ],
        [
          1609.0,
          828.0
        ],
        [
          1613.0,
          824.0
        ],
        [
          1615.0,
          824.0
        ],
        [
          1620.0,
          819.0
        ],
        [
          1620.0,
          818.0
        ],
        [
          1621.0,
          817.0
        ],
        [
          1621.0,
          814.0
        ],
        [
          1622.0,
          813.0
        ],
        [
          1622.0,
          809.0
        ],
        [
          1623.0,
          808.0
        ],
        [
          1623.0,
          799.0
        ],
        [
          1624.0,
          798.0
        ],
        [
          1624.0,
          796.0
        ],
        [
          1625.0,
          795.0
        ],
        [
          1625.0,
          794.0
        ],
        [
          1626.0,
          793.0
        ],
        [
          1626.0,
          792.0
        ],
        [
          1627.0,
          791.0
        ],
        [
          1627.0,
          790.0
        ],
        [
          1628.0,
          789.0
        ],
        [
          1628.0,
          788.0
        ],
        [
          1629.0,
          787.0
        ],
        [
          1629.0,
          786.0
        ],
        [
          1631.0,
          783.0
        ],
        [
          1631.0,
          781.0
        ],
        [
          1633.0,
          779.0
        ],
        [
          1633.0,
          778.0
        ],
        [
          1635.0,
          776.0
        ],
        [
          1635.0,
          775.0
        ],
        [
          1637.0,
          773.0
        ],
        [
          1637.0,
          771.0
        ],
        [
          1638.0,
          770.0
        ],
        [
          1638.0,
          761.0
        ],
        [
          1639.0,
          760.0
        ],
        [
          1639.0,
          757.0
        ],
        [
          1640.0,
          756.0
        ],
        [
          1640.0,
          755.0
        ],
        [
          1642.0,
          752.0
        ],
        [
          1642.0,
          749.0
        ],
        [
          1643.0,
          748.0
        ],
        [
          1643.0,
          744.0
        ],
        [
          1644.0,
          743.0
        ],
        [
          1644.0,
          741.0
        ],
        [
          1645.0,
          740.0
        ],
        [
          1645.0,
          737.0
        ],
        [
          1646.0,
          736.0
        ],
        [
          1646.0,
          730.0
        ],
        [
          1647.0,
          729.0
        ],
        [
          1647.0,
          715.0
        ],
        [
          1648.0,
          714.0
        ],
        [
          1648.0,
          706.0
        ],
        [
          1647.0,
          705.0
        ],
        [
          1647.0,
          703.0
        ],
        [
          1645.0,
          700.0
        ],
        [
          1644.0,
          700.0
        ],
        [
          1643.0,
          699.0
        ],
        [
          1641.0,
          699.0
        ]
      ],
      "group_id": null,
      "description": "",
      "difficult": false,
      "shape_type": "polygon",
      "flags": {},
      "attributes": {},
      "kie_linking": []
    },
    {
      "label": "fish",
      "score": null,
      "points": [
        [
          1564.0,
          834.0
        ],
        [
          1561.0,
          834.0
        ],
        [
          1558.0,
          836.0
        ],
        [
          1558.0,
          842.0
        ],
        [
          1555.0,
          845.0
        ],
        [
          1553.0,
          845.0
        ],
        [
          1548.0,
          840.0
        ],
        [
          1542.0,
          840.0
        ],
        [
          1542.0,
          841.0
        ],
        [
          1541.0,
          842.0
        ],
        [
          1541.0,
          844.0
        ],
        [
          1540.0,
          845.0
        ],
        [
          1540.0,
          847.0
        ],
        [
          1539.0,
          848.0
        ],
        [
          1539.0,
          850.0
        ],
        [
          1538.0,
          851.0
        ],
        [
          1538.0,
          854.0
        ],
        [
          1537.0,
          855.0
        ],
        [
          1537.0,
          857.0
        ],
        [
          1536.0,
          858.0
        ],
        [
          1536.0,
          859.0
        ],
        [
          1533.0,
          862.0
        ],
        [
          1532.0,
          862.0
        ],
        [
          1525.0,
          869.0
        ],
        [
          1524.0,
          869.0
        ],
        [
          1523.0,
          870.0
        ],
        [
          1523.0,
          871.0
        ],
        [
          1521.0,
          873.0
        ],
        [
          1521.0,
          874.0
        ],
        [
          1518.0,
          877.0
        ],
        [
          1517.0,
          877.0
        ],
        [
          1515.0,
          879.0
        ],
        [
          1515.0,
          880.0
        ],
        [
          1511.0,
          884.0
        ],
        [
          1511.0,
          885.0
        ],
        [
          1509.0,
          887.0
        ],
        [
          1508.0,
          890.0
        ],
        [
          1506.0,
          892.0
        ],
        [
          1506.0,
          893.0
        ],
        [
          1503.0,
          896.0
        ],
        [
          1503.0,
          897.0
        ],
        [
          1502.0,
          898.0
        ],
        [
          1502.0,
          899.0
        ],
        [
          1501.0,
          900.0
        ],
        [
          1501.0,
          901.0
        ],
        [
          1500.0,
          902.0
        ],
        [
          1500.0,
          903.0
        ],
        [
          1499.0,
          904.0
        ],
        [
          1498.0,
          907.0
        ],
        [
          1496.0,
          909.0
        ],
        [
          1496.0,
          910.0
        ],
        [
          1495.0,
          911.0
        ],
        [
          1495.0,
          913.0
        ],
        [
          1494.0,
          914.0
        ],
        [
          1494.0,
          916.0
        ],
        [
          1493.0,
          917.0
        ],
        [
          1493.0,
          919.0
        ],
        [
          1492.0,
          920.0
        ],
        [
          1492.0,
          922.0
        ],
        [
          1491.0,
          923.0
        ],
        [
          1491.0,
          925.0
        ],
        [
          1490.0,
          926.0
        ],
        [
          1490.0,
          932.0
        ],
        [
          1489.0,
          933.0
        ],
        [
          1489.0,
          938.0
        ],
        [
          1488.0,
          939.0
        ],
        [
          1488.0,
          940.0
        ],
        [
          1491.0,
          943.0
        ],
        [
          1492.0,
          943.0
        ],
        [
          1493.0,
          944.0
        ],
        [
          1503.0,
          944.0
        ],
        [
          1504.0,
          943.0
        ],
        [
          1509.0,
          943.0
        ],
        [
          1510.0,
          942.0
        ],
        [
          1520.0,
          942.0
        ],
        [
          1521.0,
          941.0
        ],
        [
          1524.0,
          941.0
        ],
        [
          1525.0,
          940.0
        ],
        [
          1526.0,
          940.0
        ],
        [
          1529.0,
          937.0
        ],
        [
          1529.0,
          936.0
        ],
        [
          1531.0,
          933.0
        ],
        [
          1531.0,
          931.0
        ],
        [
          1532.0,
          930.0
        ],
        [
          1532.0,
          928.0
        ],
        [
          1533.0,
          927.0
        ],
        [
          1533.0,
          924.0
        ],
        [
          1534.0,
          923.0
        ],
        [
          1534.0,
          915.0
        ],
        [
          1535.0,
          914.0
        ],
        [
          1535.0,
          910.0
        ],
        [
          1536.0,
          909.0
        ],
        [
          1536.0,
          905.0
        ],
        [
          1537.0,
          904.0
        ],
        [
          1537.0,
          900.0
        ],
        [
          1538.0,
          899.0
        ],
        [
          1538.0,
          896.0
        ],
        [
          1539.0,
          895.0
        ],
        [
          1539.0,
          893.0
        ],
        [
          1540.0,
          892.0
        ],
        [
          1540.0,
          891.0
        ],
        [
          1542.0,
          888.0
        ],
        [
          1542.0,
          886.0
        ],
        [
          1543.0,
          885.0
        ],
        [
          1543.0,
          883.0
        ],
        [
          1544.0,
          882.0
        ],
        [
          1544.0,
          880.0
        ],
        [
          1545.0,
          879.0
        ],
        [
          1545.0,
          878.0
        ],
        [
          1546.0,
          877.0
        ],
        [
          1546.0,
          876.0
        ],
        [
          1547.0,
          875.0
        ],
        [
          1548.0,
          872.0
        ],
        [
          1550.0,
          870.0
        ],
        [
          1551.0,
          867.0
        ],
        [
          1559.0,
          859.0
        ],
        [
          1560.0,
          859.0
        ],
        [
          1566.0,
          853.0
        ],
        [
          1566.0,
          852.0
        ],
        [
          1568.0,
          849.0
        ],
        [
          1568.0,
          847.0
        ],
        [
          1569.0,
          846.0
        ],
        [
          1569.0,
          841.0
        ],
        [
          1568.0,
          840.0
        ],
        [
          1567.0,
          837.0
        ]
      ],
      "group_id": null,
      "description": "",
      "difficult": false,
      "shape_type": "polygon",
      "flags": {},
      "attributes": {},
      "kie_linking": []
    },
    {
      "label": "fish",
      "score": null,
      "points": [
        [
          1654.0,
          835.0
        ],
        [
          1653.0,
          835.0
        ],
        [
          1652.0,
          834.0
        ],
        [
          1648.0,
          838.0
        ],
        [
          1647.0,
          838.0
        ],
        [
          1645.0,
          840.0
        ],
        [
          1644.0,
          840.0
        ],
        [
          1642.0,
          842.0
        ],
        [
          1642.0,
          843.0
        ],
        [
          1639.0,
          846.0
        ],
        [
          1638.0,
          846.0
        ],
        [
          1627.0,
          857.0
        ],
        [
          1627.0,
          858.0
        ],
        [
          1626.0,
          859.0
        ],
        [
          1625.0,
          859.0
        ],
        [
          1623.0,
          861.0
        ],
        [
          1622.0,
          861.0
        ],
        [
          1619.0,
          863.0
        ],
        [
          1617.0,
          863.0
        ],
        [
          1616.0,
          864.0
        ],
        [
          1615.0,
          864.0
        ],
        [
          1614.0,
          865.0
        ],
        [
          1613.0,
          865.0
        ],
        [
          1612.0,
          866.0
        ],
        [
          1611.0,
          866.0
        ],
        [
          1603.0,
          874.0
        ],
        [
          1602.0,
          874.0
        ],
        [
          1599.0,
          877.0
        ],
        [
          1599.0,
          878.0
        ],
        [
          1596.0,
          881.0
        ],
        [
          1596.0,
          882.0
        ],
        [
          1595.0,
          883.0
        ],
        [
          1595.0,
          884.0
        ],
        [
          1589.0,
          890.0
        ],
        [
          1588.0,
          890.0
        ],
        [
          1587.0,
          891.0
        ],
        [
          1586.0,
          891.0
        ],
        [
          1582.0,
          895.0
        ],
        [
          1582.0,
          896.0
        ],
        [
          1581.0,
          897.0
        ],
        [
          1581.0,
          899.0
        ],
        [
          1579.0,
          901.0
        ],
        [
          1579.0,
          902.0
        ],
        [
          1578.0,
          903.0
        ],
        [
          1578.0,
          904.0
        ],
        [
          1576.0,
          906.0
        ],
        [
          1576.0,
          907.0
        ],
        [
          1575.0,
          908.0
        ],
        [
          1575.0,
          909.0
        ],
        [
          1574.0,
          910.0
        ],
        [
          1574.0,
          911.0
        ],
        [
          1572.0,
          913.0
        ],
        [
          1572.0,
          914.0
        ],
        [
          1568.0,
          919.0
        ],
        [
          1568.0,
          921.0
        ],
        [
          1567.0,
          922.0
        ],
        [
          1567.0,
          923.0
        ],
        [
          1565.0,
          926.0
        ],
        [
          1565.0,
          934.0
        ],
        [
          1566.0,
          935.0
        ],
        [
          1566.0,
          936.0
        ],
        [
          1567.0,
          936.0
        ],
        [
          1568.0,
          937.0
        ],
        [
          1574.0,
          937.0
        ],
        [
          1575.0,
          936.0
        ],
        [
          1587.0,
          936.0
        ],
        [
          1588.0,
          935.0
        ],
        [
          1595.0,
          935.0
        ],
        [
          1596.0,
          934.0
        ],
        [
          1601.0,
          934.0
        ],
        [
          1602.0,
          933.0
        ],
        [
          1603.0,
          933.0
        ],
        [
          1606.0,
          930.0
        ],
        [
          1606.0,
          929.0
        ],
        [
          1608.0,
          927.0
        ],
        [
          1608.0,
          926.0
        ],
        [
          1609.0,
          925.0
        ],
        [
          1609.0,
          924.0
        ],
        [
          1611.0,
          921.0
        ],
        [
          1611.0,
          919.0
        ],
        [
          1612.0,
          918.0
        ],
        [
          1612.0,
          916.0
        ],
        [
          1613.0,
          915.0
        ],
        [
          1613.0,
          913.0
        ],
        [
          1615.0,
          910.0
        ],
        [
          1615.0,
          908.0
        ],
        [
          1616.0,
          907.0
        ],
        [
          1616.0,
          905.0
        ],
        [
          1617.0,
          904.0
        ],
        [
          1617.0,
          902.0
        ],
        [
          1618.0,
          901.0
        ],
        [
          1618.0,
          899.0
        ],
        [
          1619.0,
          898.0
        ],
        [
          1619.0,
          897.0
        ],
        [
          1620.0,
          896.0
        ],
        [
          1620.0,
          895.0
        ],
        [
          1624.0,
          890.0
        ],
        [
          1624.0,
          889.0
        ],
        [
          1625.0,
          888.0
        ],
        [
          1625.0,
          887.0
        ],
        [
          1626.0,
          886.0
        ],
        [
          1626.0,
          885.0
        ],
        [
          1627.0,
          884.0
        ],
        [
          1627.0,
          883.0
        ],
        [
          1628.0,
          882.0
        ],
        [
          1628.0,
          881.0
        ],
        [
          1629.0,
          880.0
        ],
        [
          1629.0,
          879.0
        ],
        [
          1631.0,
          877.0
        ],
        [
          1631.0,
          876.0
        ],
        [
          1633.0,
          874.0
        ],
        [
          1633.0,
          873.0
        ],
        [
          1637.0,
          868.0
        ],
        [
          1638.0,
          868.0
        ],
        [
          1640.0,
          866.0
        ],
        [
          1641.0,
          866.0
        ],
        [
          1643.0,
          864.0
        ],
        [
          1644.0,
          864.0
        ],
        [
          1649.0,
          859.0
        ],
        [
          1650.0,
          859.0
        ],
        [
          1652.0,
          857.0
        ],
        [
          1652.0,
          856.0
        ],
        [
          1657.0,
          851.0
        ],
        [
          1658.0,
          851.0
        ],
        [
          1659.0,
          850.0
        ],
        [
          1659.0,
          845.0
        ],
        [
          1658.0,
          844.0
        ],
        [
          1658.0,
          842.0
        ],
        [
          1656.0,
          840.0
        ],
        [
          1656.0,
          839.0
        ],
        [
          1655.0,
          838.0
        ],
        [
          1655.0,
          837.0
        ],
        [
          1654.0,
          836.0
        ]
      ],
      "group_id": null,
      "description": "",
      "difficult": false,
      "shape_type": "polygon",
      "flags": {},
      "attributes": {},
      "kie_linking": []
    }
  ],
  "imagePath": "frame_000027.jpg",
  "imageData": null,
  "imageHeight": 1080,
  "imageWidth": 1920
}