{
  "version": "3.1.1",
  "flags": {},
  "shapes": [
    {
      "label": "fish",
      "score": null,
      "points": [
        [
          1177.0,
          692.0
        ],
        [
          1175.0,
          690.0
        ],
        [
          1170.0,
          690.0
        ],
        [
          1169.0,
          691.0
        ],
        [
          1167.0,
          691.0
        ],
        [
          1166.0,
          692.0
        ],
        [
          1165.0,
          692.0
        ],
        [
          1163.0,
          694.0
        ],
        [
          1162.0,
          694.0
        ],
        [
          1161.0,
          695.0
        ],
        [
          1159.0,
          695.0
        ],
        [
          1158.0,
          696.0
        ],
        [
          1156.0,
          696.0
        ],
        [
          1155.0,
          697.0
        ],
        [
          1153.0,
          697.0
        ],
        [
          1152.0,
          698.0
        ],
        [
          1150.0,
          698.0
        ],
        [
          1149.0,
          699.0
        ],
        [
          1147.0,
          699.0
        ],
        [
          1146.0,
          700.0
        ],
        [
          1145.0,
          700.0
        ],
        [
          1144.0,
          701.0
        ],
        [
          1142.0,
          701.0
        ],
        [
          1141.0,
          702.0
        ],
        [
          1140.0,
          702.0
        ],
        [
          1137.0,
          704.0
        ],
        [
          1135.0,
          704.0
        ],
        [
          1134.0,
          705.0
        ],
        [
          1133.0,
          705.0
        ],
        [
          1132.0,
          706.0
        ],
        [
          1131.0,
          706.0
        ],
        [
          1130.0,
          707.0
        ],
        [
          1129.0,
          707.0
        ],
        [
          1127.0,
          709.0
        ],
        [
          1126.0,
          709.0
        ],
        [
          1124.0,
          711.0
        ],
        [
          1123.0,
          711.0
        ],
        [
          1121.0,
          713.0
        ],
        [
          1120.0,
          713.0
        ],
        [
          1119.0,
          714.0
        ],
        [
          1118.0,
          714.0
        ],
        [
          1117.0,
          715.0
        ],
        [
          1116.0,
          715.0
        ],
        [
          1115.0,
          716.0
        ],
        [
          1114.0,
          716.0
        ],
        [
          1113.0,
          717.0
        ],
        [
          1112.0,
          717.0
        ],
        [
          1111.0,
          718.0
        ],
        [
          1110.0,
          718.0
        ],
        [
          1108.0,
          720.0
        ],
        [
          1107.0,
          720.0
        ],
        [
          1105.0,
          722.0
        ],
        [
          1104.0,
          722.0
        ],
        [
          1101.0,
          725.0
        ],
        [
          1100.0,
          725.0
        ],
        [
          1099.0,
          726.0
        ],
        [
          1098.0,
          726.0
        ],
        [
          1097.0,
          727.0
        ],
        [
          1096.0,
          727.0
        ],
        [
          1094.0,
          729.0
        ],
        [
          1093.0,
          729.0
        ],
        [
          1090.0,
          732.0
        ],
        [
          1089.0,
          732.0
        ],
        [
          1086.0,
          735.0
        ],
        [
          1085.0,
          735.0
        ],
        [
          1084.0,
          736.0
        ],
        [
          1083.0,
          736.0
        ],
        [
          1082.0,
          737.0
        ],
        [
          1081.0,
          737.0
        ],
        [
          1079.0,
          739.0
        ],
        [
          1078.0,
          739.0
        ],
        [
          1077.0,
          740.0
        ],
        [
          1076.0,
          740.0
        ],
        [
          1075.0,
          741.0
        ],
        [
          1074.0,
          741.0
        ],
        [
          1071.0,
          744.0
        ],
        [
          1070.0,
          744.0
        ],
        [
          1068.0,
          746.0
        ],
        [
          1068.0,
          747.0
        ],
        [
          1065.0,
          750.0
        ],
        [
          1064.0,
          750.0
        ],
        [
          1061.0,
          752.0
        ],
        [
          1061.0,
          757.0
        ],
        [
          1062.0,
          758.0
        ],
        [
          1062.0,
          762.0
        ],
        [
          1063.0,
          763.0
        ],
        [
          1063.0,
          768.0
        ],
        [
          1066.0,
          771.0
        ],
        [
          1076.0,
          771.0
        ],
        [
          1077.0,
          770.0
        ],
        [
          1080.0,
          770.0
        ],
        [
          1081.0,
          769.0
        ],
        [
          1083.0,
          769.0
        ],
        [
          1084.0,
          768.0
        ],
        [
          1085.0,
          768.0
        ],
        [
          1086.0,
          767.0
        ],
        [
          1087.0,
          767.0
        ],
        [
          1088.0,
          766.0
        ],
        [
          1089.0,
          766.0
        ],
        [
          1090.0,
          765.0
        ],
        [
          1091.0,
          765.0
        ],
        [
          1092.0,
          764.0
        ],
        [
          1093.0,
          764.0
        ],
        [
          1094.0,
          763.0
        ],
        [
          1095.0,
          763.0
        ],
        [
          1096.0,
          762.0
        ],
        [
          1097.0,
          762.0
        ],
        [
          1098.0,
          761.0
        ],
        [
          1099.0,
          761.0
        ],
        [
          1100.0,
          760.0
        ],
        [
          1101.0,
          760.0
        ],
        [
          1103.0,
          758.0
        ],
        [
          1104.0,
          758.0
        ],
        [
          1105.0,
          757.0
        ],
        [
          1106.0,
          757.0
        ],
        [
          1107.0,
          756.0
        ],
        [
          1108.0,
          756.0
        ],
        [
          1110.0,
          754.0
        ],
        [
          1111.0,
          754.0
        ],
        [
          1113.0,
          752.0
        ],
        [
          1114.0,
          752.0
        ],
        [
          1118.0,
          748.0
        ],
        [
          1119.0,
          748.0
        ],
        [
          1126.0,
          741.0
        ],
        [
          1127.0,
          741.0
        ],
        [
          1130.0,
          738.0
        ],
        [
          1130.0,
          737.0
        ],
        [
          1136.0,
          731.0
        ],
        [
          1136.0,
          730.0
        ],
        [
          1138.0,
          728.0
        ],
        [
          1138.0,
          727.0
        ],
        [
          1142.0,
          723.0
        ],
        [
          1142.0,
          722.0
        ],
        [
          1143.0,
          721.0
        ],
        [
          1144.0,
          721.0
        ],
        [
          1149.0,
          716.0
        ],
        [
          1150.0,
          716.0
        ],
        [
          1151.0,
          715.0
        ],
        [
          1152.0,
          715.0
        ],
        [
          1155.0,
          712.0
        ],
        [
          1156.0,
          712.0
        ],
        [
          1165.0,
          703.0
        ],
        [
          1166.0,
          703.0
        ],
        [
          1173.0,
          696.0
        ],
        [
          1174.0,
          696.0
        ],
        [
          1177.0,
          693.0
        ]
      ],
      "group_id": null,
      "description": "",
      "difficult": false,
      "shape_type": "polygon",
      "flags": {},
      "attributes": {},
      "kie_linking": []
    },
    {
      "label": "fish",
      "score": null,
      "points": [
        [
          1764.0,
          602.0
        ],
        [
          1763.0,
          602.0
        ],
        [
          1761.0,
          600.0
        ],
        [
          1760.0,
          600.0
        ],
        [
          1759.0,
          599.0
        ],
        [
          1753.0,
          599.0
        ],
        [
          1752.0,
          600.0
        ],
        [
          1747.0,
          600.0
        ],
        [
          1746.0,
          601.0
        ],
        [
          1743.0,
          601.0
        ],
        [
          1742.0,
          602.0
        ],
        [
          1741.0,
          602.0
        ],
        [
          1737.0,
          606.0
        ],
        [
          1736.0,
          606.0
        ],
        [
          1734.0,
          608.0
        ],
        [
          1733.0,
          608.0
        ],
        [
          1727.0,
          614.0
        ],
        [
          1726.0,
          614.0
        ],
        [
          1725.0,
          615.0
        ],
        [
          1722.0,
          616.0
        ],
        [
          1719.0,
          619.0
        ],
        [
          1718.0,
          619.0
        ],
        [
          1715.0,
          622.0
        ],
        [
          1714.0,
          622.0
        ],
        [
          1708.0,
          628.0
        ],
        [
          1707.0,
          628.0
        ],
        [
          1706.0,
          629.0
        ],
        [
          1705.0,
          629.0
        ],
        [
          1703.0,
          631.0
        ],
        [
          1700.0,
          632.0
        ],
        [
          1695.0,
          636.0
        ],
        [
          1694.0,
          636.0
        ],
        [
          1693.0,
          637.0
        ],
        [
          1691.0,
          637.0
        ],
        [
          1690.0,
          638.0
        ],
        [
          1688.0,
          638.0
        ],
        [
          1687.0,
          639.0
        ],
        [
          1685.0,
          639.0
        ],
        [
          1683.0,
          641.0
        ],
        [
          1681.0,
          641.0
        ],
        [
          1676.0,
          644.0
        ],
        [
          1674.0,
          644.0
        ],
        [
          1673.0,
          645.0
        ],
        [
          1672.0,
          645.0
        ],
        [
          1670.0,
          647.0
        ],
        [
          1667.0,
          648.0
        ],
        [
          1664.0,
          651.0
        ],
        [
          1663.0,
          651.0
        ],
        [
          1662.0,
          652.0
        ],
        [
          1661.0,
          652.0
        ],
        [
          1660.0,
          653.0
        ],
        [
          1659.0,
          653.0
        ],
        [
          1658.0,
          654.0
        ],
        [
          1657.0,
          654.0
        ],
        [
          1656.0,
          655.0
        ],
        [
          1655.0,
          655.0
        ],
        [
          1650.0,
          658.0
        ],
        [
          1648.0,
          658.0
        ],
        [
          1647.0,
          659.0
        ],
        [
          1645.0,
          659.0
        ],
        [
          1644.0,
          660.0
        ],
        [
          1643.0,
          660.0
        ],
        [
          1642.0,
          661.0
        ],
        [
          1639.0,
          662.0
        ],
        [
          1634.0,
          666.0
        ],
        [
          1633.0,
          666.0
        ],
        [
          1632.0,
          667.0
        ],
        [
          1629.0,
          668.0
        ],
        [
          1625.0,
          672.0
        ],
        [
          1625.0,
          673.0
        ],
        [
          1623.0,
          676.0
        ],
        [
          1623.0,
          678.0
        ],
        [
          1628.0,
          683.0
        ],
        [
          1629.0,
          683.0
        ],
        [
          1630.0,
          684.0
        ],
        [
          1638.0,
          684.0
        ],
        [
          1641.0,
          681.0
        ],
        [
          1642.0,
          681.0
        ],
        [
          1644.0,
          679.0
        ],
        [
          1645.0,
          679.0
        ],
        [
          1647.0,
          677.0
        ],
        [
          1647.0,
          676.0
        ],
        [
          1652.0,
          671.0
        ],
        [
          1653.0,
          671.0
        ],
        [
          1654.0,
          670.0
        ],
        [
          1656.0,
          670.0
        ],
        [
          1657.0,
          669.0
        ],
        [
          1659.0,
          669.0
        ],
        [
          1660.0,
          668.0
        ],
        [
          1664.0,
          668.0
        ],
        [
          1665.0,
          667.0
        ],
        [
          1668.0,
          667.0
        ],
        [
          1669.0,
          666.0
        ],
        [
          1671.0,
          666.0
        ],
        [
          1674.0,
          664.0
        ],
        [
          1677.0,
          664.0
        ],
        [
          1678.0,
          663.0
        ],
        [
          1680.0,
          663.0
        ],
        [
          1681.0,
          662.0
        ],
        [
          1684.0,
          662.0
        ],
        [
          1685.0,
          661.0
        ],
        [
          1689.0,
          661.0
        ],
        [
          1690.0,
          660.0
        ],
        [
          1700.0,
          660.0
        ],
        [
          1701.0,
          659.0
        ],
        [
          1705.0,
          659.0
        ],
        [
          1706.0,
          658.0
        ],
        [
          1709.0,
          658.0
        ],
        [
          1710.0,
          657.0
        ],
        [
          1713.0,
          657.0
        ],
        [
          1714.0,
          656.0
        ],
        [
          1715.0,
          656.0
        ],
        [
          1716.0,
          655.0
        ],
        [
          1719.0,
          654.0
        ],
        [
          1721.0,
          652.0
        ],
        [
          1722.0,
          652.0
        ],
        [
          1724.0,
          650.0
        ],
        [
          1725.0,
          650.0
        ],
        [
          1729.0,
          646.0
        ],
        [
          1730.0,
          646.0
        ],
        [
          1733.0,
          643.0
        ],
        [
          1734.0,
          643.0
        ],
        [
          1741.0,
          636.0
        ],
        [
          1742.0,
          636.0
        ],
        [
          1744.0,
          634.0
        ],
        [
          1744.0,
          633.0
        ],
        [
          1747.0,
          630.0
        ],
        [
          1747.0,
          629.0
        ],
        [
          1756.0,
          620.0
        ],
        [
          1756.0,
          619.0
        ],
        [
          1762.0,
          612.0
        ],
        [
          1762.0,
          611.0
        ],
        [
          1764.0,
          608.0
        ]
      ],
      "group_id": null,
      "description": "",
      "difficult": false,
      "shape_type": "polygon",
      "flags": {},
      "attributes": {},
      "kie_linking": []
    },
    {
      "label": "fish",
      "score": null,
      "points": [
        [
          1534.0,
          788.0
        ],
        [
          1533.0,
          789.0
        ],
        [
          1532.0,
          789.0
        ],
        [
          1529.0,
          792.0
        ],
        [
          1528.0,
          792.0
        ],
        [
          1527.0,
          793.0
        ],
        [
          1526.0,
          793.0
        ],
        [
          1524.0,
          795.0
        ],
        [
          1523.0,
          795.0
        ],
        [
          1521.0,
          797.0
        ],
        [
          1520.0,
          797.0
        ],
        [
          1517.0,
          799.0
        ],
        [
          1514.0,
          799.0
        ],
        [
          1513.0,
          800.0
        ],
        [
          1511.0,
          800.0
        ],
        [
          1510.0,
          801.0
        ],
        [
          1509.0,
          801.0
        ],
        [
          1508.0,
          802.0
        ],
        [
          1503.0,
          804.0
        ],
        [
          1493.0,
          814.0
        ],
        [
          1492.0,
          817.0
        ],
        [
          1489.0,
          820.0
        ],
        [
          1489.0,
          821.0
        ],
        [
          1486.0,
          826.0
        ],
        [
          1486.0,
          829.0
        ],
        [
          1485.0,
          830.0
        ],
        [
          1485.0,
          834.0
        ],
        [
          1484.0,
          835.0
        ],
        [
          1484.0,
          838.0
        ],
        [
          1483.0,
          839.0
        ],
        [
          1483.0,
          842.0
        ],
        [
          1479.0,
          849.0
        ],
        [
          1479.0,
          851.0
        ],
        [
          1478.0,
          852.0
        ],
        [
          1478.0,
          854.0
        ],
        [
          1476.0,
          857.0
        ],
        [
          1476.0,
          870.0
        ],
        [
          1477.0,
          871.0
        ],
        [
          1477.0,
          883.0
        ],
        [
          1478.0,
          884.0
        ],
        [
          1478.0,
          896.0
        ],
        [
          1479.0,
          897.0
        ],
        [
          1479.0,
          898.0
        ],
        [
          1481.0,
          900.0
        ],
        [
          1481.0,
          901.0
        ],
        [
          1482.0,
          902.0
        ],
        [
          1482.0,
          904.0
        ],
        [
          1486.0,
          911.0
        ],
        [
          1486.0,
          917.0
        ],
        [
          1487.0,
          918.0
        ],
        [
          1487.0,
          919.0
        ],
        [
          1489.0,
          921.0
        ],
        [
          1502.0,
          921.0
        ],
        [
          1503.0,
          920.0
        ],
        [
          1504.0,
          920.0
        ],
        [
          1506.0,
          918.0
        ],
        [
          1506.0,
          914.0
        ],
        [
          1505.0,
          913.0
        ],
        [
          1505.0,
          903.0
        ],
        [
          1506.0,
          902.0
        ],
        [
          1506.0,
          901.0
        ],
        [
          1507.0,
          900.0
        ],
        [
          1507.0,
          898.0
        ],
        [
          1509.0,
          895.0
        ],
        [
          1509.0,
          891.0
        ],
        [
          1510.0,
          890.0
        ],
        [
          1510.0,
          887.0
        ],
        [
          1511.0,
          886.0
        ],
        [
          1511.0,
          884.0
        ],
        [
          1512.0,
          883.0
        ],
        [
          1512.0,
          881.0
        ],
        [
          1513.0,
          880.0
        ],
        [
          1513.0,
          876.0
        ],
        [
          1514.0,
          875.0
        ],
        [
          1514.0,
          863.0
        ],
        [
          1515.0,
          862.0
        ],
        [
          1515.0,
          859.0
        ],
        [
          1516.0,
          858.0
        ],
        [
          1516.0,
          843.0
        ],
        [
          1517.0,
          842.0
        ],
        [
          1517.0,
          841.0
        ],
        [
          1520.0,
          838.0
        ],
        [
          1520.0,
          837.0
        ],
        [
          1523.0,
          832.0
        ],
        [
          1523.0,
          830.0
        ],
        [
          1525.0,
          828.0
        ],
        [
          1525.0,
          827.0
        ],
        [
          1527.0,
          825.0
        ],
        [
          1527.0,
          824.0
        ],
        [
          1529.0,
          822.0
        ],
        [
          1529.0,
          821.0
        ],
        [
          1535.0,
          815.0
        ],
        [
          1536.0,
          815.0
        ],
        [
          1541.0,
          812.0
        ],
        [
          1543.0,
          812.0
        ],
        [
          1544.0,
          811.0
        ],
        [
          1547.0,
          811.0
        ],
        [
          1548.0,
          810.0
        ],
        [
          1552.0,
          810.0
        ],
        [
          1553.0,
          809.0
        ],
        [
          1556.0,
          809.0
        ],
        [
          1561.0,
          806.0
        ],
        [
          1561.0,
          804.0
        ],
        [
          1555.0,
          798.0
        ],
        [
          1551.0,
          798.0
        ],
        [
          1550.0,
          799.0
        ],
        [
          1546.0,
          799.0
        ],
        [
          1545.0,
          798.0
        ],
        [
          1542.0,
          798.0
        ],
        [
          1537.0,
          793.0
        ],
        [
          1536.0,
          790.0
        ]
      ],
      "group_id": null,
      "description": "",
      "difficult": false,
      "shape_type": "polygon",
      "flags": {},
      "attributes": {},
      "kie_linking": []
    },
    {
      "label": "fish",
      "score": null,
      "points": [
        [
          1577.0,
          823.0
        ],
        [
          1576.0,
          824.0
        ],
        [
          1576.0,
          825.0
        ],
        [
          1575.0,
          826.0
        ],
        [
          1575.0,
          828.0
        ],
        [
          1574.0,
          829.0
        ],
        [
          1574.0,
          831.0
        ],
        [
          1573.0,
          832.0
        ],
        [
          1573.0,
          839.0
        ],
        [
          1572.0,
          840.0
        ],
        [
          1572.0,
          843.0
        ],
        [
          1571.0,
          844.0
        ],
        [
          1571.0,
          848.0
        ],
        [
          1570.0,
          849.0
        ],
        [
          1570.0,
          857.0
        ],
        [
          1569.0,
          858.0
        ],
        [
          1569.0,
          866.0
        ],
        [
          1570.0,
          867.0
        ],
        [
          1570.0,
          871.0
        ],
        [
          1571.0,
          872.0
        ],
        [
          1571.0,
          881.0
        ],
        [
          1572.0,
          882.0
        ],
        [
          1572.0,
          884.0
        ],
        [
          1573.0,
          885.0
        ],
        [
          1573.0,
          886.0
        ],
        [
          1574.0,
          887.0
        ],
        [
          1574.0,
          889.0
        ],
        [
          1575.0,
          890.0
        ],
        [
          1575.0,
          893.0
        ],
        [
          1576.0,
          894.0
        ],
        [
          1576.0,
          895.0
        ],
        [
          1579.0,
          898.0
        ],
        [
          1579.0,
          899.0
        ],
        [
          1581.0,
          901.0
        ],
        [
          1581.0,
          902.0
        ],
        [
          1582.0,
          903.0
        ],
        [
          1582.0,
          904.0
        ],
        [
          1583.0,
          905.0
        ],
        [
          1583.0,
          906.0
        ],
        [
          1584.0,
          907.0
        ],
        [
          1584.0,
          909.0
        ],
        [
          1585.0,
          910.0
        ],
        [
          1585.0,
          911.0
        ],
        [
          1589.0,
          915.0
        ],
        [
          1591.0,
          915.0
        ],
        [
          1592.0,
          916.0
        ],
        [
          1604.0,
          916.0
        ],
        [
          1605.0,
          915.0
        ],
        [
          1610.0,
          915.0
        ],
        [
          1611.0,
          914.0
        ],
        [
          1613.0,
          914.0
        ],
        [
          1614.0,
          913.0
        ],
        [
          1615.0,
          913.0
        ],
        [
          1617.0,
          911.0
        ],
        [
          1617.0,
          908.0
        ],
        [
          1618.0,
          907.0
        ],
        [
          1618.0,
          900.0
        ],
        [
          1617.0,
          899.0
        ],
        [
          1617.0,
          897.0
        ],
        [
          1614.0,
          894.0
        ],
        [
          1613.0,
          894.0
        ],
        [
          1612.0,
          893.0
        ],
        [
          1611.0,
          893.0
        ],
        [
          1604.0,
          886.0
        ],
        [
          1603.0,
          886.0
        ],
        [
          1601.0,
          884.0
        ],
        [
          1600.0,
          884.0
        ],
        [
          1599.0,
          883.0
        ],
        [
          1598.0,
          883.0
        ],
        [
          1597.0,
          882.0
        ],
        [
          1596.0,
          882.0
        ],
        [
          1595.0,
          881.0
        ],
        [
          1594.0,
          881.0
        ],
        [
          1593.0,
          880.0
        ],
        [
          1592.0,
          880.0
        ],
        [
          1588.0,
          876.0
        ],
        [
          1588.0,
          875.0
        ],
        [
          1587.0,
          874.0
        ],
        [
          1587.0,
          870.0
        ],
        [
          1588.0,
          869.0
        ],
        [
          1588.0,
          868.0
        ],
        [
          1589.0,
          867.0
        ],
        [
          1589.0,
          864.0
        ],
        [
          1588.0,
          863.0
        ],
        [
          1588.0,
          862.0
        ],
        [
          1587.0,
          861.0
        ],
        [
          1587.0,
          859.0
        ],
        [
          1586.0,
          858.0
        ],
        [
          1586.0,
          855.0
        ],
        [
          1585.0,
          854.0
        ],
        [
          1585.0,
          850.0
        ],
        [
          1584.0,
          849.0
        ],
        [
          1585.0,
          848.0
        ],
        [
          1585.0,
          841.0
        ],
        [
          1586.0,
          840.0
        ],
        [
          1586.0,
          832.0
        ],
        [
          1585.0,
          831.0
        ],
        [
          1585.0,
          830.0
        ],
        [
          1582.0,
          827.0
        ],
        [
          1581.0,
          827.0
        ],
        [
          1580.0,
          826.0
        ],
        [
          1580.0,
          825.0
        ],
        [
          1578.0,
          823.0
        ]
      ],
      "group_id": null,
      "description": "",
      "difficult": false,
      "shape_type": "polygon",
      "flags": {},
      "attributes": {},
      "kie_linking": []
    }
  ],
  "imagePath": "frame_000030.jpg",
  "imageData": null,
  "imageHeight": 1080,
  "imageWidth": 1920
}