{
  "version": "3.1.1",
  "flags": {},
  "shapes": [
    {
      "label": "fish",
      "score": null,
      "points": [
        [
          1497.0,
          58.0
        ],
        [
          1489.0,
          58.0
        ],
        [
          1488.0,
          59.0
        ],
        [
          1486.0,
          59.0
        ],
        [
          1482.0,
          63.0
        ],
        [
          1482.0,
          64.0
        ],
        [
          1479.0,
          67.0
        ],
        [
          1479.0,
          68.0
        ],
        [
          1478.0,
          69.0
        ],
        [
          1478.0,
          70.0
        ],
        [
          1477.0,
          71.0
        ],
        [
          1476.0,
          74.0
        ],
        [
          1474.0,
          76.0
        ],
        [
          1474.0,
          77.0
        ],
        [
          1468.0,
          83.0
        ],
        [
          1467.0,
          83.0
        ],
        [
          1464.0,
          86.0
        ],
        [
          1464.0,
          89.0
        ],
        [
          1463.0,
          90.0
        ],
        [
          1463.0,
          96.0
        ],
        [
          1462.0,
          97.0
        ],
        [
          1462.0,
          101.0
        ],
        [
          1461.0,
          102.0
        ],
        [
          1461.0,
          104.0
        ],
        [
          1460.0,
          105.0
        ],
        [
          1460.0,
          107.0
        ],
        [
          1459.0,
          108.0
        ],
        [
          1459.0,
          110.0
        ],
        [
          1458.0,
          111.0
        ],
        [
          1458.0,
          112.0
        ],
        [
          1456.0,
          115.0
        ],
        [
          1456.0,
          119.0
        ],
        [
          1455.0,
          120.0
        ],
        [
          1455.0,
          122.0
        ],
        [
          1454.0,
          123.0
        ],
        [
          1454.0,
          125.0
        ],
        [
          1453.0,
          126.0
        ],
        [
          1453.0,
          128.0
        ],
        [
          1452.0,
          129.0
        ],
        [
          1452.0,
          131.0
        ],
        [
          1451.0,
          132.0
        ],
        [
          1451.0,
          135.0
        ],
        [
          1450.0,
          136.0
        ],
        [
          1450.0,
          139.0
        ],
        [
          1449.0,
          140.0
        ],
        [
          1449.0,
          144.0
        ],
        [
          1448.0,
          145.0
        ],
        [
          1448.0,
          148.0
        ],
        [
          1447.0,
          149.0
        ],
        [
          1447.0,
          153.0
        ],
        [
          1446.0,
          154.0
        ],
        [
          1446.0,
          158.0
        ],
        [
          1445.0,
          159.0
        ],
        [
          1445.0,
          167.0
        ],
        [
          1444.0,
          168.0
        ],
        [
          1444.0,
          174.0
        ],
        [
          1443.0,
          175.0
        ],
        [
          1443.0,
          178.0
        ],
        [
          1442.0,
          179.0
        ],
        [
          1442.0,
          181.0
        ],
        [
          1441.0,
          182.0
        ],
        [
          1441.0,
          184.0
        ],
        [
          1442.0,
          185.0
        ],
        [
          1442.0,
          188.0
        ],
        [
          1443.0,
          189.0
        ],
        [
          1446.0,
          189.0
        ],
        [
          1447.0,
          190.0
        ],
        [
          1449.0,
          190.0
        ],
        [
          1450.0,
          189.0
        ],
        [
          1450.0,
          188.0
        ],
        [
          1451.0,
          187.0
        ],
        [
          1451.0,
          185.0
        ],
        [
          1452.0,
          184.0
        ],
        [
          1452.0,
          176.0
        ],
        [
          1453.0,
          175.0
        ],
        [
          1453.0,
          168.0
        ],
        [
          1454.0,
          167.0
        ],
        [
          1454.0,
          164.0
        ],
        [
          1455.0,
          163.0
        ],
        [
          1455.0,
          161.0
        ],
        [
          1456.0,
          160.0
        ],
        [
          1456.0,
          159.0
        ],
        [
          1457.0,
          158.0
        ],
        [
          1457.0,
          157.0
        ],
        [
          1458.0,
          156.0
        ],
        [
          1458.0,
          155.0
        ],
        [
          1459.0,
          154.0
        ],
        [
          1459.0,
          153.0
        ],
        [
          1460.0,
          152.0
        ],
        [
          1460.0,
          151.0
        ],
        [
          1461.0,
          150.0
        ],
        [
          1461.0,
          149.0
        ],
        [
          1462.0,
          148.0
        ],
        [
          1462.0,
          147.0
        ],
        [
          1463.0,
          146.0
        ],
        [
          1463.0,
          145.0
        ],
        [
          1464.0,
          144.0
        ],
        [
          1465.0,
          141.0
        ],
        [
          1467.0,
          139.0
        ],
        [
          1467.0,
          138.0
        ],
        [
          1468.0,
          137.0
        ],
        [
          1469.0,
          134.0
        ],
        [
          1474.0,
          129.0
        ],
        [
          1474.0,
          128.0
        ],
        [
          1478.0,
          124.0
        ],
        [
          1478.0,
          123.0
        ],
        [
          1479.0,
          122.0
        ],
        [
          1479.0,
          121.0
        ],
        [
          1481.0,
          119.0
        ],
        [
          1481.0,
          118.0
        ],
        [
          1482.0,
          117.0
        ],
        [
          1483.0,
          114.0
        ],
        [
          1486.0,
          111.0
        ],
        [
          1486.0,
          110.0
        ],
        [
          1488.0,
          108.0
        ],
        [
          1488.0,
          107.0
        ],
        [
          1490.0,
          104.0
        ],
        [
          1490.0,
          102.0
        ],
        [
          1492.0,
          99.0
        ],
        [
          1492.0,
          97.0
        ],
        [
          1493.0,
          96.0
        ],
        [
          1493.0,
          95.0
        ],
        [
          1495.0,
          92.0
        ],
        [
          1495.0,
          90.0
        ],
        [
          1496.0,
          89.0
        ],
        [
          1496.0,
          85.0
        ],
        [
          1497.0,
          84.0
        ],
        [
          1497.0,
          82.0
        ],
        [
          1498.0,
          81.0
        ],
        [
          1498.0,
          78.0
        ],
        [
          1499.0,
          77.0
        ],
        [
          1499.0,
          68.0
        ],
        [
          1500.0,
          67.0
        ],
        [
          1500.0,
          62.0
        ],
        [
          1499.0,
          61.0
        ],
        [
          1499.0,
          60.0
        ]
      ],
      "group_id": null,
      "description": "",
      "difficult": false,
      "shape_type": "polygon",
      "flags": {},
      "attributes": {},
      "kie_linking": []
    },
    {
      "label": "fish",
      "score": null,
      "points": [
        [
          1541.0,
          64.0
        ],
        [
          1540.0,
          65.0
        ],
        [
          1539.0,
          65.0
        ],
        [
          1537.0,
          67.0
        ],
        [
          1537.0,
          68.0
        ],
        [
          1535.0,
          71.0
        ],
        [
          1535.0,
          73.0
        ],
        [
          1533.0,
          76.0
        ],
        [
          1533.0,
          88.0
        ],
        [
          1534.0,
          89.0
        ],
        [
          1534.0,
          93.0
        ],
        [
          1535.0,
          94.0
        ],
        [
          1535.0,
          100.0
        ],
        [
          1536.0,
          101.0
        ],
        [
          1536.0,
          106.0
        ],
        [
          1537.0,
          107.0
        ],
        [
          1537.0,
          110.0
        ],
        [
          1538.0,
          111.0
        ],
        [
          1538.0,
          113.0
        ],
        [
          1539.0,
          114.0
        ],
        [
          1539.0,
          116.0
        ],
        [
          1540.0,
          117.0
        ],
        [
          1540.0,
          120.0
        ],
        [
          1541.0,
          121.0
        ],
        [
          1541.0,
          123.0
        ],
        [
          1542.0,
          124.0
        ],
        [
          1542.0,
          128.0
        ],
        [
          1543.0,
          129.0
        ],
        [
          1543.0,
          132.0
        ],
        [
          1544.0,
          133.0
        ],
        [
          1544.0,
          137.0
        ],
        [
          1545.0,
          138.0
        ],
        [
          1545.0,
          140.0
        ],
        [
          1547.0,
          143.0
        ],
        [
          1547.0,
          145.0
        ],
        [
          1548.0,
          146.0
        ],
        [
          1548.0,
          149.0
        ],
        [
          1549.0,
          150.0
        ],
        [
          1549.0,
          155.0
        ],
        [
          1548.0,
          156.0
        ],
        [
          1548.0,
          158.0
        ],
        [
          1547.0,
          159.0
        ],
        [
          1547.0,
          164.0
        ],
        [
          1548.0,
          165.0
        ],
        [
          1548.0,
          168.0
        ],
        [
          1549.0,
          169.0
        ],
        [
          1549.0,
          171.0
        ],
        [
          1550.0,
          172.0
        ],
        [
          1550.0,
          175.0
        ],
        [
          1551.0,
          176.0
        ],
        [
          1551.0,
          178.0
        ],
        [
          1552.0,
          179.0
        ],
        [
          1552.0,
          181.0
        ],
        [
          1553.0,
          182.0
        ],
        [
          1553.0,
          184.0
        ],
        [
          1554.0,
          185.0
        ],
        [
          1554.0,
          187.0
        ],
        [
          1555.0,
          188.0
        ],
        [
          1555.0,
          189.0
        ],
        [
          1558.0,
          192.0
        ],
        [
          1559.0,
          192.0
        ],
        [
          1562.0,
          195.0
        ],
        [
          1563.0,
          194.0
        ],
        [
          1564.0,
          194.0
        ],
        [
          1564.0,
          192.0
        ],
        [
          1565.0,
          191.0
        ],
        [
          1565.0,
          185.0
        ],
        [
          1566.0,
          184.0
        ],
        [
          1566.0,
          179.0
        ],
        [
          1565.0,
          178.0
        ],
        [
          1565.0,
          172.0
        ],
        [
          1564.0,
          171.0
        ],
        [
          1564.0,
          165.0
        ],
        [
          1563.0,
          164.0
        ],
        [
          1563.0,
          157.0
        ],
        [
          1564.0,
          156.0
        ],
        [
          1564.0,
          151.0
        ],
        [
          1565.0,
          150.0
        ],
        [
          1565.0,
          147.0
        ],
        [
          1566.0,
          146.0
        ],
        [
          1566.0,
          142.0
        ],
        [
          1567.0,
          141.0
        ],
        [
          1567.0,
          138.0
        ],
        [
          1568.0,
          137.0
        ],
        [
          1568.0,
          131.0
        ],
        [
          1569.0,
          130.0
        ],
        [
          1569.0,
          118.0
        ],
        [
          1568.0,
          117.0
        ],
        [
          1568.0,
          114.0
        ],
        [
          1567.0,
          113.0
        ],
        [
          1567.0,
          111.0
        ],
        [
          1566.0,
          110.0
        ],
        [
          1566.0,
          108.0
        ],
        [
          1565.0,
          107.0
        ],
        [
          1565.0,
          105.0
        ],
        [
          1564.0,
          104.0
        ],
        [
          1564.0,
          103.0
        ],
        [
          1563.0,
          102.0
        ],
        [
          1563.0,
          100.0
        ],
        [
          1562.0,
          99.0
        ],
        [
          1562.0,
          95.0
        ],
        [
          1561.0,
          94.0
        ],
        [
          1561.0,
          91.0
        ],
        [
          1560.0,
          90.0
        ],
        [
          1560.0,
          88.0
        ],
        [
          1559.0,
          87.0
        ],
        [
          1559.0,
          86.0
        ],
        [
          1558.0,
          85.0
        ],
        [
          1558.0,
          83.0
        ],
        [
          1557.0,
          82.0
        ],
        [
          1557.0,
          81.0
        ],
        [
          1555.0,
          78.0
        ],
        [
          1555.0,
          76.0
        ],
        [
          1554.0,
          75.0
        ],
        [
          1554.0,
          74.0
        ],
        [
          1553.0,
          73.0
        ],
        [
          1553.0,
          72.0
        ],
        [
          1551.0,
          69.0
        ],
        [
          1551.0,
          67.0
        ],
        [
          1550.0,
          66.0
        ],
        [
          1550.0,
          65.0
        ],
        [
          1549.0,
          64.0
        ]
      ],
      "group_id": null,
      "description": "",
      "difficult": false,
      "shape_type": "polygon",
      "flags": {},
      "attributes": {},
      "kie_linking": []
    },
    {
      "label": "fish",
      "score": null,
      "points": [
        [
          1674.0,
          242.0
        ],
        [
          1672.0,
          244.0
        ],
        [
          1672.0,
          245.0
        ],
        [
          1673.0,
          246.0
        ],
        [
          1673.0,
          250.0
        ],
        [
          1671.0,
          253.0
        ],
        [
          1671.0,
          257.0
        ],
        [
          1672.0,
          258.0
        ],
        [
          1672.0,
          259.0
        ],
        [
          1673.0,
          259.0
        ],
        [
          1679.0,
          265.0
        ],
        [
          1679.0,
          266.0
        ],
        [
          1682.0,
          269.0
        ],
        [
          1682.0,
          270.0
        ],
        [
          1684.0,
          272.0
        ],
        [
          1684.0,
          273.0
        ],
        [
          1686.0,
          276.0
        ],
        [
          1686.0,
          278.0
        ],
        [
          1688.0,
          281.0
        ],
        [
          1688.0,
          283.0
        ],
        [
          1689.0,
          284.0
        ],
        [
          1689.0,
          286.0
        ],
        [
          1691.0,
          289.0
        ],
        [
          1691.0,
          294.0
        ],
        [
          1692.0,
          295.0
        ],
        [
          1692.0,
          296.0
        ],
        [
          1694.0,
          298.0
        ],
        [
          1695.0,
          298.0
        ],
        [
          1700.0,
          303.0
        ],
        [
          1701.0,
          306.0
        ],
        [
          1702.0,
          307.0
        ],
        [
          1703.0,
          307.0
        ],
        [
          1707.0,
          311.0
        ],
        [
          1707.0,
          314.0
        ],
        [
          1708.0,
          315.0
        ],
        [
          1708.0,
          317.0
        ],
        [
          1709.0,
          318.0
        ],
        [
          1709.0,
          320.0
        ],
        [
          1710.0,
          321.0
        ],
        [
          1710.0,
          324.0
        ],
        [
          1711.0,
          325.0
        ],
        [
          1711.0,
          329.0
        ],
        [
          1710.0,
          330.0
        ],
        [
          1710.0,
          332.0
        ],
        [
          1711.0,
          333.0
        ],
        [
          1711.0,
          334.0
        ],
        [
          1714.0,
          339.0
        ],
        [
          1714.0,
          342.0
        ],
        [
          1715.0,
          343.0
        ],
        [
          1715.0,
          345.0
        ],
        [
          1716.0,
          346.0
        ],
        [
          1716.0,
          348.0
        ],
        [
          1723.0,
          355.0
        ],
        [
          1723.0,
          356.0
        ],
        [
          1724.0,
          357.0
        ],
        [
          1724.0,
          361.0
        ],
        [
          1725.0,
          362.0
        ],
        [
          1725.0,
          364.0
        ],
        [
          1726.0,
          365.0
        ],
        [
          1726.0,
          366.0
        ],
        [
          1727.0,
          367.0
        ],
        [
          1728.0,
          367.0
        ],
        [
          1730.0,
          369.0
        ],
        [
          1731.0,
          369.0
        ],
        [
          1734.0,
          371.0
        ],
        [
          1736.0,
          371.0
        ],
        [
          1737.0,
          372.0
        ],
        [
          1738.0,
          372.0
        ],
        [
          1739.0,
          373.0
        ],
        [
          1741.0,
          373.0
        ],
        [
          1744.0,
          375.0
        ],
        [
          1747.0,
          375.0
        ],
        [
          1748.0,
          376.0
        ],
        [
          1750.0,
          376.0
        ],
        [
          1752.0,
          374.0
        ],
        [
          1752.0,
          372.0
        ],
        [
          1753.0,
          371.0
        ],
        [
          1753.0,
          353.0
        ],
        [
          1752.0,
          352.0
        ],
        [
          1752.0,
          347.0
        ],
        [
          1751.0,
          346.0
        ],
        [
          1751.0,
          343.0
        ],
        [
          1750.0,
          342.0
        ],
        [
          1750.0,
          340.0
        ],
        [
          1749.0,
          339.0
        ],
        [
          1749.0,
          338.0
        ],
        [
          1748.0,
          337.0
        ],
        [
          1748.0,
          336.0
        ],
        [
          1745.0,
          331.0
        ],
        [
          1745.0,
          329.0
        ],
        [
          1744.0,
          328.0
        ],
        [
          1744.0,
          326.0
        ],
        [
          1743.0,
          325.0
        ],
        [
          1743.0,
          323.0
        ],
        [
          1742.0,
          322.0
        ],
        [
          1742.0,
          320.0
        ],
        [
          1741.0,
          319.0
        ],
        [
          1740.0,
          316.0
        ],
        [
          1738.0,
          314.0
        ],
        [
          1738.0,
          313.0
        ],
        [
          1736.0,
          311.0
        ],
        [
          1736.0,
          310.0
        ],
        [
          1733.0,
          307.0
        ],
        [
          1733.0,
          306.0
        ],
        [
          1732.0,
          305.0
        ],
        [
          1732.0,
          304.0
        ],
        [
          1730.0,
          302.0
        ],
        [
          1730.0,
          301.0
        ],
        [
          1721.0,
          292.0
        ],
        [
          1720.0,
          292.0
        ],
        [
          1715.0,
          287.0
        ],
        [
          1715.0,
          286.0
        ],
        [
          1714.0,
          285.0
        ],
        [
          1714.0,
          284.0
        ],
        [
          1713.0,
          283.0
        ],
        [
          1712.0,
          280.0
        ],
        [
          1711.0,
          280.0
        ],
        [
          1708.0,
          278.0
        ],
        [
          1706.0,
          278.0
        ],
        [
          1705.0,
          277.0
        ],
        [
          1704.0,
          277.0
        ],
        [
          1693.0,
          266.0
        ],
        [
          1693.0,
          265.0
        ],
        [
          1691.0,
          263.0
        ],
        [
          1690.0,
          260.0
        ],
        [
          1688.0,
          258.0
        ],
        [
          1688.0,
          256.0
        ],
        [
          1687.0,
          255.0
        ],
        [
          1687.0,
          254.0
        ],
        [
          1686.0,
          253.0
        ],
        [
          1686.0,
          251.0
        ],
        [
          1684.0,
          249.0
        ],
        [
          1684.0,
          248.0
        ],
        [
          1682.0,
          246.0
        ],
        [
          1680.0,
          246.0
        ],
        [
          1677.0,
          243.0
        ]
      ],
      "group_id": null,
      "description": "",
      "difficult": false,
      "shape_type": "polygon",
      "flags": {},
      "attributes": {},
      "kie_linking": []
    },
    {
      "label": "fish",
      "score": null,
      "points": [
        [
          1694.0,
          533.0
        ],
        [
          1693.0,
          534.0
        ],
        [
          1692.0,
          534.0
        ],
        [
          1692.0,
          535.0
        ],
        [
          1691.0,
          536.0
        ],
        [
          1691.0,
          538.0
        ],
        [
          1692.0,
          539.0
        ],
        [
          1692.0,
          550.0
        ],
        [
          1693.0,
          551.0
        ],
        [
          1693.0,
          557.0
        ],
        [
          1694.0,
          558.0
        ],
        [
          1694.0,
          562.0
        ],
        [
          1695.0,
          563.0
        ],
        [
          1695.0,
          566.0
        ],
        [
          1696.0,
          567.0
        ],
        [
          1696.0,
          568.0
        ],
        [
          1697.0,
          569.0
        ],
        [
          1697.0,
          570.0
        ],
        [
          1698.0,
          571.0
        ],
        [
          1698.0,
          573.0
        ],
        [
          1699.0,
          574.0
        ],
        [
          1699.0,
          584.0
        ],
        [
          1700.0,
          585.0
        ],
        [
          1700.0,
          600.0
        ],
        [
          1701.0,
          601.0
        ],
        [
          1701.0,
          605.0
        ],
        [
          1702.0,
          606.0
        ],
        [
          1702.0,
          608.0
        ],
        [
          1703.0,
          609.0
        ],
        [
          1703.0,
          614.0
        ],
        [
          1704.0,
          615.0
        ],
        [
          1704.0,
          624.0
        ],
        [
          1705.0,
          625.0
        ],
        [
          1705.0,
          627.0
        ],
        [
          1707.0,
          629.0
        ],
        [
          1708.0,
          629.0
        ],
        [
          1710.0,
          631.0
        ],
        [
          1711.0,
          631.0
        ],
        [
          1712.0,
          632.0
        ],
        [
          1713.0,
          632.0
        ],
        [
          1719.0,
          638.0
        ],
        [
          1720.0,
          638.0
        ],
        [
          1721.0,
          639.0
        ],
        [
          1723.0,
          639.0
        ],
        [
          1724.0,
          638.0
        ],
        [
          1726.0,
          638.0
        ],
        [
          1727.0,
          637.0
        ],
        [
          1727.0,
          636.0
        ],
        [
          1728.0,
          635.0
        ],
        [
          1728.0,
          631.0
        ],
        [
          1729.0,
          630.0
        ],
        [
          1729.0,
          622.0
        ],
        [
          1730.0,
          621.0
        ],
        [
          1730.0,
          610.0
        ],
        [
          1729.0,
          609.0
        ],
        [
          1729.0,
          601.0
        ],
        [
          1728.0,
          600.0
        ],
        [
          1728.0,
          592.0
        ],
        [
          1727.0,
          591.0
        ],
        [
          1727.0,
          586.0
        ],
        [
          1726.0,
          585.0
        ],
        [
          1726.0,
          582.0
        ],
        [
          1725.0,
          581.0
        ],
        [
          1725.0,
          580.0
        ],
        [
          1724.0,
          579.0
        ],
        [
          1724.0,
          578.0
        ],
        [
          1722.0,
          576.0
        ],
        [
          1722.0,
          575.0
        ],
        [
          1721.0,
          574.0
        ],
        [
          1721.0,
          573.0
        ],
        [
          1719.0,
          571.0
        ],
        [
          1719.0,
          570.0
        ],
        [
          1718.0,
          569.0
        ],
        [
          1718.0,
          568.0
        ],
        [
          1717.0,
          567.0
        ],
        [
          1717.0,
          566.0
        ],
        [
          1715.0,
          564.0
        ],
        [
          1715.0,
          563.0
        ],
        [
          1712.0,
          560.0
        ],
        [
          1712.0,
          559.0
        ],
        [
          1710.0,
          557.0
        ],
        [
          1710.0,
          555.0
        ],
        [
          1709.0,
          554.0
        ],
        [
          1709.0,
          553.0
        ],
        [
          1708.0,
          552.0
        ],
        [
          1708.0,
          551.0
        ],
        [
          1707.0,
          550.0
        ],
        [
          1707.0,
          548.0
        ],
        [
          1703.0,
          544.0
        ],
        [
          1703.0,
          543.0
        ],
        [
          1702.0,
          542.0
        ],
        [
          1702.0,
          541.0
        ],
        [
          1701.0,
          540.0
        ],
        [
          1701.0,
          539.0
        ],
        [
          1700.0,
          538.0
        ],
        [
          1700.0,
          537.0
        ],
        [
          1699.0,
          536.0
        ],
        [
          1699.0,
          535.0
        ],
        [
          1697.0,
          533.0
        ]
      ],
      "group_id": null,
      "description": "",
      "difficult": false,
      "shape_type": "polygon",
      "flags": {},
      "attributes": {},
      "kie_linking": []
    }
  ],
  "imagePath": "frame_000012.jpg",
  "imageData": null,
  "imageHeight": 1080,
  "imageWidth": 1920
}