{
  "version": "3.1.1",
  "flags": {},
  "shapes": [
    {
      "label": "fish",
      "score": null,
      "points": [
        [
          1557.0,
          413.0
        ],
        [
          1556.0,
          414.0
        ],
        [
          1555.0,
          414.0
        ],
        [
          1553.0,
          417.0
        ],
        [
          1553.0,
          423.0
        ],
        [
          1552.0,
          424.0
        ],
        [
          1552.0,
          426.0
        ],
        [
          1551.0,
          427.0
        ],
        [
          1551.0,
          428.0
        ],
        [
          1549.0,
          431.0
        ],
        [
          1549.0,
          434.0
        ],
        [
          1550.0,
          435.0
        ],
        [
          1550.0,
          437.0
        ],
        [
          1551.0,
          438.0
        ],
        [
          1551.0,
          439.0
        ],
        [
          1554.0,
          442.0
        ],
        [
          1554.0,
          443.0
        ],
        [
          1556.0,
          446.0
        ],
        [
          1556.0,
          448.0
        ],
        [
          1557.0,
          449.0
        ],
        [
          1557.0,
          450.0
        ],
        [
          1559.0,
          453.0
        ],
        [
          1559.0,
          455.0
        ],
        [
          1561.0,
          458.0
        ],
        [
          1561.0,
          460.0
        ],
        [
          1562.0,
          461.0
        ],
        [
          1562.0,
          463.0
        ],
        [
          1563.0,
          464.0
        ],
        [
          1563.0,
          465.0
        ],
        [
          1566.0,
          468.0
        ],
        [
          1566.0,
          469.0
        ],
        [
          1567.0,
          470.0
        ],
        [
          1567.0,
          471.0
        ],
        [
          1568.0,
          472.0
        ],
        [
          1568.0,
          473.0
        ],
        [
          1570.0,
          476.0
        ],
        [
          1570.0,
          479.0
        ],
        [
          1571.0,
          480.0
        ],
        [
          1571.0,
          482.0
        ],
        [
          1572.0,
          483.0
        ],
        [
          1572.0,
          484.0
        ],
        [
          1574.0,
          486.0
        ],
        [
          1574.0,
          487.0
        ],
        [
          1575.0,
          488.0
        ],
        [
          1575.0,
          489.0
        ],
        [
          1577.0,
          492.0
        ],
        [
          1577.0,
          494.0
        ],
        [
          1578.0,
          495.0
        ],
        [
          1578.0,
          496.0
        ],
        [
          1580.0,
          499.0
        ],
        [
          1580.0,
          501.0
        ],
        [
          1582.0,
          504.0
        ],
        [
          1582.0,
          506.0
        ],
        [
          1583.0,
          507.0
        ],
        [
          1583.0,
          508.0
        ],
        [
          1584.0,
          509.0
        ],
        [
          1584.0,
          510.0
        ],
        [
          1585.0,
          511.0
        ],
        [
          1585.0,
          512.0
        ],
        [
          1586.0,
          513.0
        ],
        [
          1586.0,
          514.0
        ],
        [
          1587.0,
          515.0
        ],
        [
          1587.0,
          516.0
        ],
        [
          1588.0,
          517.0
        ],
        [
          1588.0,
          518.0
        ],
        [
          1589.0,
          519.0
        ],
        [
          1589.0,
          520.0
        ],
        [
          1590.0,
          521.0
        ],
        [
          1590.0,
          522.0
        ],
        [
          1591.0,
          523.0
        ],
        [
          1592.0,
          526.0
        ],
        [
          1594.0,
          528.0
        ],
        [
          1594.0,
          529.0
        ],
        [
          1598.0,
          533.0
        ],
        [
          1599.0,
          536.0
        ],
        [
          1602.0,
          539.0
        ],
        [
          1604.0,
          539.0
        ],
        [
          1606.0,
          541.0
        ],
        [
          1606.0,
          544.0
        ],
        [
          1607.0,
          545.0
        ],
        [
          1607.0,
          549.0
        ],
        [
          1608.0,
          549.0
        ],
        [
          1608.0,
          545.0
        ],
        [
          1607.0,
          544.0
        ],
        [
          1607.0,
          539.0
        ],
        [
          1606.0,
          538.0
        ],
        [
          1606.0,
          534.0
        ],
        [
          1605.0,
          533.0
        ],
        [
          1605.0,
          527.0
        ],
        [
          1603.0,
          524.0
        ],
        [
          1603.0,
          522.0
        ],
        [
          1602.0,
          521.0
        ],
        [
          1602.0,
          519.0
        ],
        [
          1601.0,
          518.0
        ],
        [
          1601.0,
          513.0
        ],
        [
          1600.0,
          512.0
        ],
        [
          1600.0,
          504.0
        ],
        [
          1598.0,
          501.0
        ],
        [
          1598.0,
          498.0
        ],
        [
          1597.0,
          497.0
        ],
        [
          1597.0,
          486.0
        ],
        [
          1596.0,
          485.0
        ],
        [
          1596.0,
          481.0
        ],
        [
          1595.0,
          480.0
        ],
        [
          1595.0,
          477.0
        ],
        [
          1594.0,
          476.0
        ],
        [
          1594.0,
          474.0
        ],
        [
          1593.0,
          473.0
        ],
        [
          1593.0,
          472.0
        ],
        [
          1592.0,
          471.0
        ],
        [
          1592.0,
          469.0
        ],
        [
          1590.0,
          466.0
        ],
        [
          1590.0,
          464.0
        ],
        [
          1589.0,
          463.0
        ],
        [
          1589.0,
          461.0
        ],
        [
          1587.0,
          458.0
        ],
        [
          1587.0,
          456.0
        ],
        [
          1586.0,
          455.0
        ],
        [
          1586.0,
          453.0
        ],
        [
          1584.0,
          450.0
        ],
        [
          1584.0,
          447.0
        ],
        [
          1583.0,
          446.0
        ],
        [
          1583.0,
          445.0
        ],
        [
          1582.0,
          444.0
        ],
        [
          1582.0,
          443.0
        ],
        [
          1580.0,
          440.0
        ],
        [
          1580.0,
          438.0
        ],
        [
          1579.0,
          437.0
        ],
        [
          1579.0,
          436.0
        ],
        [
          1578.0,
          435.0
        ],
        [
          1578.0,
          434.0
        ],
        [
          1577.0,
          433.0
        ],
        [
          1576.0,
          430.0
        ],
        [
          1574.0,
          428.0
        ],
        [
          1574.0,
          427.0
        ],
        [
          1572.0,
          425.0
        ],
        [
          1572.0,
          424.0
        ],
        [
          1570.0,
          422.0
        ],
        [
          1570.0,
          421.0
        ],
        [
          1567.0,
          418.0
        ],
        [
          1566.0,
          415.0
        ],
        [
          1564.0,
          413.0
        ]
      ],
      "group_id": null,
      "description": "",
      "difficult": false,
      "shape_type": "polygon",
      "flags": {},
      "attributes": {},
      "kie_linking": []
    },
    {
      "label": "fish",
      "score": null,
      "points": [
        [
          1112.0,
          766.0
        ],
        [
          1111.0,
          766.0
        ],
        [
          1109.0,
          764.0
        ],
        [
          1108.0,
          764.0
        ],
        [
          1107.0,
          763.0
        ],
        [
          1105.0,
          763.0
        ],
        [
          1104.0,
          764.0
        ],
        [
          1103.0,
          764.0
        ],
        [
          1103.0,
          765.0
        ],
        [
          1092.0,
          776.0
        ],
        [
          1092.0,
          777.0
        ],
        [
          1081.0,
          788.0
        ],
        [
          1080.0,
          788.0
        ],
        [
          1071.0,
          797.0
        ],
        [
          1071.0,
          798.0
        ],
        [
          1068.0,
          801.0
        ],
        [
          1067.0,
          801.0
        ],
        [
          1062.0,
          806.0
        ],
        [
          1062.0,
          807.0
        ],
        [
          1060.0,
          809.0
        ],
        [
          1060.0,
          810.0
        ],
        [
          1058.0,
          812.0
        ],
        [
          1058.0,
          813.0
        ],
        [
          1057.0,
          814.0
        ],
        [
          1057.0,
          815.0
        ],
        [
          1055.0,
          817.0
        ],
        [
          1055.0,
          818.0
        ],
        [
          1052.0,
          821.0
        ],
        [
          1052.0,
          822.0
        ],
        [
          1050.0,
          824.0
        ],
        [
          1050.0,
          825.0
        ],
        [
          1048.0,
          827.0
        ],
        [
          1048.0,
          828.0
        ],
        [
          1042.0,
          834.0
        ],
        [
          1042.0,
          835.0
        ],
        [
          1040.0,
          838.0
        ],
        [
          1040.0,
          840.0
        ],
        [
          1039.0,
          841.0
        ],
        [
          1039.0,
          842.0
        ],
        [
          1038.0,
          843.0
        ],
        [
          1038.0,
          844.0
        ],
        [
          1037.0,
          845.0
        ],
        [
          1037.0,
          846.0
        ],
        [
          1035.0,
          849.0
        ],
        [
          1035.0,
          851.0
        ],
        [
          1034.0,
          852.0
        ],
        [
          1034.0,
          855.0
        ],
        [
          1033.0,
          856.0
        ],
        [
          1033.0,
          858.0
        ],
        [
          1032.0,
          859.0
        ],
        [
          1032.0,
          863.0
        ],
        [
          1031.0,
          864.0
        ],
        [
          1031.0,
          866.0
        ],
        [
          1032.0,
          867.0
        ],
        [
          1032.0,
          868.0
        ],
        [
          1034.0,
          870.0
        ],
        [
          1035.0,
          870.0
        ],
        [
          1036.0,
          871.0
        ],
        [
          1040.0,
          871.0
        ],
        [
          1043.0,
          869.0
        ],
        [
          1045.0,
          869.0
        ],
        [
          1047.0,
          867.0
        ],
        [
          1048.0,
          867.0
        ],
        [
          1053.0,
          862.0
        ],
        [
          1054.0,
          862.0
        ],
        [
          1067.0,
          849.0
        ],
        [
          1067.0,
          848.0
        ],
        [
          1069.0,
          846.0
        ],
        [
          1069.0,
          845.0
        ],
        [
          1071.0,
          843.0
        ],
        [
          1071.0,
          842.0
        ],
        [
          1072.0,
          841.0
        ],
        [
          1072.0,
          840.0
        ],
        [
          1073.0,
          839.0
        ],
        [
          1073.0,
          838.0
        ],
        [
          1074.0,
          837.0
        ],
        [
          1074.0,
          836.0
        ],
        [
          1075.0,
          835.0
        ],
        [
          1075.0,
          834.0
        ],
        [
          1076.0,
          833.0
        ],
        [
          1076.0,
          832.0
        ],
        [
          1078.0,
          829.0
        ],
        [
          1078.0,
          827.0
        ],
        [
          1080.0,
          824.0
        ],
        [
          1080.0,
          822.0
        ],
        [
          1082.0,
          819.0
        ],
        [
          1082.0,
          817.0
        ],
        [
          1083.0,
          816.0
        ],
        [
          1083.0,
          814.0
        ],
        [
          1085.0,
          811.0
        ],
        [
          1085.0,
          809.0
        ],
        [
          1086.0,
          808.0
        ],
        [
          1086.0,
          807.0
        ],
        [
          1087.0,
          806.0
        ],
        [
          1087.0,
          805.0
        ],
        [
          1089.0,
          803.0
        ],
        [
          1089.0,
          802.0
        ],
        [
          1092.0,
          799.0
        ],
        [
          1092.0,
          798.0
        ],
        [
          1093.0,
          797.0
        ],
        [
          1093.0,
          796.0
        ],
        [
          1097.0,
          792.0
        ],
        [
          1097.0,
          791.0
        ],
        [
          1099.0,
          789.0
        ],
        [
          1099.0,
          788.0
        ],
        [
          1101.0,
          786.0
        ],
        [
          1101.0,
          785.0
        ],
        [
          1111.0,
          775.0
        ],
        [
          1111.0,
          774.0
        ],
        [
          1112.0,
          773.0
        ],
        [
          1112.0,
          770.0
        ],
        [
          1113.0,
          769.0
        ],
        [
          1113.0,
          768.0
        ],
        [
          1112.0,
          767.0
        ]
      ],
      "group_id": null,
      "description": "",
      "difficult": false,
      "shape_type": "polygon",
      "flags": {},
      "attributes": {},
      "kie_linking": []
    },
    {
      "label": "fish",
      "score": null,
      "points": [
        [
          1699.0,
          841.0
        ],
        [
          1698.0,
          840.0
        ],
        [
          1698.0,
          839.0
        ],
        [
          1696.0,
          837.0
        ],
        [
          1693.0,
          837.0
        ],
        [
          1692.0,
          836.0
        ],
        [
          1684.0,
          836.0
        ],
        [
          1683.0,
          835.0
        ],
        [
          1673.0,
          835.0
        ],
        [
          1672.0,
          836.0
        ],
        [
          1669.0,
          836.0
        ],
        [
          1668.0,
          837.0
        ],
        [
          1666.0,
          837.0
        ],
        [
          1665.0,
          838.0
        ],
        [
          1662.0,
          838.0
        ],
        [
          1661.0,
          839.0
        ],
        [
          1660.0,
          839.0
        ],
        [
          1659.0,
          840.0
        ],
        [
          1657.0,
          840.0
        ],
        [
          1656.0,
          841.0
        ],
        [
          1655.0,
          841.0
        ],
        [
          1654.0,
          842.0
        ],
        [
          1652.0,
          842.0
        ],
        [
          1651.0,
          843.0
        ],
        [
          1650.0,
          843.0
        ],
        [
          1649.0,
          844.0
        ],
        [
          1648.0,
          844.0
        ],
        [
          1646.0,
          846.0
        ],
        [
          1645.0,
          846.0
        ],
        [
          1644.0,
          847.0
        ],
        [
          1643.0,
          847.0
        ],
        [
          1642.0,
          848.0
        ],
        [
          1641.0,
          848.0
        ],
        [
          1640.0,
          849.0
        ],
        [
          1638.0,
          849.0
        ],
        [
          1637.0,
          850.0
        ],
        [
          1635.0,
          850.0
        ],
        [
          1634.0,
          851.0
        ],
        [
          1633.0,
          851.0
        ],
        [
          1632.0,
          852.0
        ],
        [
          1630.0,
          852.0
        ],
        [
          1629.0,
          853.0
        ],
        [
          1627.0,
          853.0
        ],
        [
          1626.0,
          854.0
        ],
        [
          1624.0,
          854.0
        ],
        [
          1623.0,
          855.0
        ],
        [
          1622.0,
          855.0
        ],
        [
          1621.0,
          856.0
        ],
        [
          1620.0,
          856.0
        ],
        [
          1619.0,
          857.0
        ],
        [
          1618.0,
          857.0
        ],
        [
          1617.0,
          858.0
        ],
        [
          1616.0,
          858.0
        ],
        [
          1615.0,
          859.0
        ],
        [
          1614.0,
          859.0
        ],
        [
          1613.0,
          860.0
        ],
        [
          1612.0,
          860.0
        ],
        [
          1611.0,
          861.0
        ],
        [
          1609.0,
          861.0
        ],
        [
          1608.0,
          862.0
        ],
        [
          1607.0,
          862.0
        ],
        [
          1606.0,
          863.0
        ],
        [
          1605.0,
          863.0
        ],
        [
          1604.0,
          864.0
        ],
        [
          1603.0,
          864.0
        ],
        [
          1602.0,
          865.0
        ],
        [
          1601.0,
          865.0
        ],
        [
          1600.0,
          866.0
        ],
        [
          1598.0,
          866.0
        ],
        [
          1597.0,
          867.0
        ],
        [
          1596.0,
          867.0
        ],
        [
          1594.0,
          869.0
        ],
        [
          1593.0,
          869.0
        ],
        [
          1592.0,
          870.0
        ],
        [
          1591.0,
          870.0
        ],
        [
          1589.0,
          872.0
        ],
        [
          1589.0,
          874.0
        ],
        [
          1590.0,
          874.0
        ],
        [
          1591.0,
          875.0
        ],
        [
          1592.0,
          875.0
        ],
        [
          1593.0,
          876.0
        ],
        [
          1597.0,
          876.0
        ],
        [
          1598.0,
          877.0
        ],
        [
          1605.0,
          877.0
        ],
        [
          1606.0,
          878.0
        ],
        [
          1617.0,
          878.0
        ],
        [
          1618.0,
          879.0
        ],
        [
          1638.0,
          879.0
        ],
        [
          1639.0,
          880.0
        ],
        [
          1652.0,
          880.0
        ],
        [
          1653.0,
          879.0
        ],
        [
          1658.0,
          879.0
        ],
        [
          1659.0,
          878.0
        ],
        [
          1661.0,
          878.0
        ],
        [
          1664.0,
          875.0
        ],
        [
          1665.0,
          875.0
        ],
        [
          1671.0,
          869.0
        ],
        [
          1672.0,
          869.0
        ],
        [
          1674.0,
          867.0
        ],
        [
          1675.0,
          867.0
        ],
        [
          1676.0,
          866.0
        ],
        [
          1677.0,
          866.0
        ],
        [
          1678.0,
          865.0
        ],
        [
          1679.0,
          865.0
        ],
        [
          1680.0,
          864.0
        ],
        [
          1681.0,
          864.0
        ],
        [
          1682.0,
          863.0
        ],
        [
          1683.0,
          863.0
        ],
        [
          1684.0,
          862.0
        ],
        [
          1685.0,
          862.0
        ],
        [
          1691.0,
          856.0
        ],
        [
          1691.0,
          855.0
        ],
        [
          1693.0,
          853.0
        ],
        [
          1693.0,
          852.0
        ],
        [
          1695.0,
          850.0
        ],
        [
          1695.0,
          849.0
        ],
        [
          1697.0,
          847.0
        ],
        [
          1697.0,
          846.0
        ],
        [
          1699.0,
          844.0
        ]
      ],
      "group_id": null,
      "description": "",
      "difficult": false,
      "shape_type": "polygon",
      "flags": {},
      "attributes": {},
      "kie_linking": []
    }
  ],
  "imagePath": "frame_000035.jpg",
  "imageData": null,
  "imageHeight": 1080,
  "imageWidth": 1920
}