{
  "version": "3.1.1",
  "flags": {},
  "shapes": [
    {
      "label": "fish",
      "score": null,
      "points": [
        [
          1443.0,
          155.0
        ],
        [
          1441.0,
          157.0
        ],
        [
          1441.0,
          158.0
        ],
        [
          1439.0,
          161.0
        ],
        [
          1439.0,
          166.0
        ],
        [
          1438.0,
          167.0
        ],
        [
          1438.0,
          168.0
        ],
        [
          1437.0,
          169.0
        ],
        [
          1437.0,
          170.0
        ],
        [
          1435.0,
          172.0
        ],
        [
          1435.0,
          173.0
        ],
        [
          1434.0,
          174.0
        ],
        [
          1434.0,
          177.0
        ],
        [
          1435.0,
          178.0
        ],
        [
          1435.0,
          179.0
        ],
        [
          1438.0,
          182.0
        ],
        [
          1438.0,
          183.0
        ],
        [
          1439.0,
          184.0
        ],
        [
          1439.0,
          187.0
        ],
        [
          1440.0,
          188.0
        ],
        [
          1440.0,
          193.0
        ],
        [
          1441.0,
          194.0
        ],
        [
          1441.0,
          197.0
        ],
        [
          1442.0,
          198.0
        ],
        [
          1442.0,
          200.0
        ],
        [
          1444.0,
          202.0
        ],
        [
          1444.0,
          203.0
        ],
        [
          1446.0,
          206.0
        ],
        [
          1446.0,
          208.0
        ],
        [
          1447.0,
          209.0
        ],
        [
          1447.0,
          211.0
        ],
        [
          1448.0,
          212.0
        ],
        [
          1448.0,
          218.0
        ],
        [
          1449.0,
          219.0
        ],
        [
          1449.0,
          223.0
        ],
        [
          1450.0,
          224.0
        ],
        [
          1450.0,
          226.0
        ],
        [
          1451.0,
          227.0
        ],
        [
          1451.0,
          228.0
        ],
        [
          1453.0,
          231.0
        ],
        [
          1453.0,
          233.0
        ],
        [
          1454.0,
          234.0
        ],
        [
          1454.0,
          248.0
        ],
        [
          1455.0,
          249.0
        ],
        [
          1455.0,
          252.0
        ],
        [
          1456.0,
          253.0
        ],
        [
          1456.0,
          255.0
        ],
        [
          1457.0,
          256.0
        ],
        [
          1457.0,
          258.0
        ],
        [
          1458.0,
          259.0
        ],
        [
          1458.0,
          260.0
        ],
        [
          1459.0,
          261.0
        ],
        [
          1459.0,
          262.0
        ],
        [
          1461.0,
          265.0
        ],
        [
          1461.0,
          267.0
        ],
        [
          1463.0,
          270.0
        ],
        [
          1463.0,
          272.0
        ],
        [
          1464.0,
          273.0
        ],
        [
          1464.0,
          274.0
        ],
        [
          1466.0,
          276.0
        ],
        [
          1469.0,
          276.0
        ],
        [
          1471.0,
          274.0
        ],
        [
          1471.0,
          262.0
        ],
        [
          1470.0,
          261.0
        ],
        [
          1470.0,
          253.0
        ],
        [
          1469.0,
          252.0
        ],
        [
          1469.0,
          239.0
        ],
        [
          1468.0,
          238.0
        ],
        [
          1468.0,
          232.0
        ],
        [
          1469.0,
          231.0
        ],
        [
          1469.0,
          225.0
        ],
        [
          1470.0,
          224.0
        ],
        [
          1470.0,
          222.0
        ],
        [
          1471.0,
          221.0
        ],
        [
          1471.0,
          220.0
        ],
        [
          1472.0,
          219.0
        ],
        [
          1472.0,
          217.0
        ],
        [
          1473.0,
          216.0
        ],
        [
          1473.0,
          212.0
        ],
        [
          1471.0,
          209.0
        ],
        [
          1471.0,
          207.0
        ],
        [
          1470.0,
          206.0
        ],
        [
          1470.0,
          204.0
        ],
        [
          1469.0,
          203.0
        ],
        [
          1469.0,
          201.0
        ],
        [
          1468.0,
          200.0
        ],
        [
          1468.0,
          198.0
        ],
        [
          1467.0,
          197.0
        ],
        [
          1467.0,
          192.0
        ],
        [
          1466.0,
          191.0
        ],
        [
          1466.0,
          184.0
        ],
        [
          1465.0,
          183.0
        ],
        [
          1465.0,
          181.0
        ],
        [
          1464.0,
          180.0
        ],
        [
          1464.0,
          179.0
        ],
        [
          1463.0,
          178.0
        ],
        [
          1463.0,
          177.0
        ],
        [
          1462.0,
          176.0
        ],
        [
          1462.0,
          175.0
        ],
        [
          1461.0,
          174.0
        ],
        [
          1461.0,
          173.0
        ],
        [
          1460.0,
          172.0
        ],
        [
          1460.0,
          171.0
        ],
        [
          1459.0,
          170.0
        ],
        [
          1459.0,
          169.0
        ],
        [
          1458.0,
          168.0
        ],
        [
          1458.0,
          167.0
        ],
        [
          1457.0,
          166.0
        ],
        [
          1457.0,
          165.0
        ],
        [
          1456.0,
          164.0
        ],
        [
          1456.0,
          163.0
        ],
        [
          1455.0,
          162.0
        ],
        [
          1455.0,
          161.0
        ],
        [
          1452.0,
          158.0
        ],
        [
          1452.0,
          157.0
        ],
        [
          1451.0,
          156.0
        ],
        [
          1450.0,
          156.0
        ],
        [
          1449.0,
          155.0
        ]
      ],
      "group_id": null,
      "description": "",
      "difficult": false,
      "shape_type": "polygon",
      "flags": {},
      "attributes": {},
      "kie_linking": []
    },
    {
      "label": "fish",
      "score": null,
      "points": [
        [
          1613.0,
          133.0
        ],
        [
          1612.0,
          133.0
        ],
        [
          1611.0,
          132.0
        ],
        [
          1606.0,
          132.0
        ],
        [
          1605.0,
          133.0
        ],
        [
          1603.0,
          133.0
        ],
        [
          1602.0,
          134.0
        ],
        [
          1601.0,
          134.0
        ],
        [
          1600.0,
          135.0
        ],
        [
          1598.0,
          135.0
        ],
        [
          1597.0,
          136.0
        ],
        [
          1596.0,
          136.0
        ],
        [
          1595.0,
          137.0
        ],
        [
          1594.0,
          137.0
        ],
        [
          1593.0,
          138.0
        ],
        [
          1592.0,
          138.0
        ],
        [
          1590.0,
          140.0
        ],
        [
          1589.0,
          140.0
        ],
        [
          1587.0,
          142.0
        ],
        [
          1586.0,
          142.0
        ],
        [
          1576.0,
          152.0
        ],
        [
          1576.0,
          153.0
        ],
        [
          1569.0,
          160.0
        ],
        [
          1569.0,
          161.0
        ],
        [
          1568.0,
          162.0
        ],
        [
          1568.0,
          163.0
        ],
        [
          1566.0,
          165.0
        ],
        [
          1566.0,
          166.0
        ],
        [
          1564.0,
          168.0
        ],
        [
          1564.0,
          169.0
        ],
        [
          1559.0,
          174.0
        ],
        [
          1559.0,
          175.0
        ],
        [
          1555.0,
          179.0
        ],
        [
          1555.0,
          180.0
        ],
        [
          1553.0,
          182.0
        ],
        [
          1553.0,
          183.0
        ],
        [
          1552.0,
          184.0
        ],
        [
          1552.0,
          185.0
        ],
        [
          1548.0,
          189.0
        ],
        [
          1548.0,
          190.0
        ],
        [
          1546.0,
          192.0
        ],
        [
          1546.0,
          193.0
        ],
        [
          1545.0,
          194.0
        ],
        [
          1545.0,
          195.0
        ],
        [
          1543.0,
          197.0
        ],
        [
          1543.0,
          199.0
        ],
        [
          1542.0,
          200.0
        ],
        [
          1542.0,
          201.0
        ],
        [
          1541.0,
          202.0
        ],
        [
          1541.0,
          203.0
        ],
        [
          1540.0,
          204.0
        ],
        [
          1540.0,
          206.0
        ],
        [
          1539.0,
          207.0
        ],
        [
          1539.0,
          210.0
        ],
        [
          1538.0,
          211.0
        ],
        [
          1538.0,
          215.0
        ],
        [
          1540.0,
          217.0
        ],
        [
          1541.0,
          217.0
        ],
        [
          1542.0,
          216.0
        ],
        [
          1544.0,
          216.0
        ],
        [
          1546.0,
          214.0
        ],
        [
          1547.0,
          214.0
        ],
        [
          1548.0,
          213.0
        ],
        [
          1548.0,
          212.0
        ],
        [
          1551.0,
          209.0
        ],
        [
          1551.0,
          208.0
        ],
        [
          1553.0,
          206.0
        ],
        [
          1553.0,
          205.0
        ],
        [
          1559.0,
          199.0
        ],
        [
          1559.0,
          198.0
        ],
        [
          1566.0,
          191.0
        ],
        [
          1567.0,
          191.0
        ],
        [
          1569.0,
          189.0
        ],
        [
          1570.0,
          189.0
        ],
        [
          1571.0,
          188.0
        ],
        [
          1572.0,
          188.0
        ],
        [
          1574.0,
          186.0
        ],
        [
          1575.0,
          186.0
        ],
        [
          1576.0,
          185.0
        ],
        [
          1577.0,
          185.0
        ],
        [
          1578.0,
          184.0
        ],
        [
          1579.0,
          184.0
        ],
        [
          1581.0,
          182.0
        ],
        [
          1582.0,
          182.0
        ],
        [
          1583.0,
          181.0
        ],
        [
          1584.0,
          181.0
        ],
        [
          1585.0,
          180.0
        ],
        [
          1586.0,
          180.0
        ],
        [
          1589.0,
          177.0
        ],
        [
          1590.0,
          177.0
        ],
        [
          1596.0,
          171.0
        ],
        [
          1597.0,
          171.0
        ],
        [
          1604.0,
          164.0
        ],
        [
          1604.0,
          163.0
        ],
        [
          1606.0,
          161.0
        ],
        [
          1606.0,
          160.0
        ],
        [
          1607.0,
          159.0
        ],
        [
          1607.0,
          158.0
        ],
        [
          1609.0,
          156.0
        ],
        [
          1609.0,
          155.0
        ],
        [
          1610.0,
          154.0
        ],
        [
          1610.0,
          153.0
        ],
        [
          1611.0,
          152.0
        ],
        [
          1611.0,
          151.0
        ],
        [
          1612.0,
          150.0
        ],
        [
          1612.0,
          148.0
        ],
        [
          1613.0,
          147.0
        ],
        [
          1613.0,
          145.0
        ],
        [
          1614.0,
          144.0
        ],
        [
          1614.0,
          142.0
        ],
        [
          1615.0,
          141.0
        ],
        [
          1615.0,
          136.0
        ],
        [
          1614.0,
          135.0
        ],
        [
          1614.0,
          134.0
        ]
      ],
      "group_id": null,
      "description": "",
      "difficult": false,
      "shape_type": "polygon",
      "flags": {},
      "attributes": {},
      "kie_linking": []
    },
    {
      "label": "fish",
      "score": null,
      "points": [
        [
          1721.0,
          399.0
        ],
        [
          1720.0,
          398.0
        ],
        [
          1719.0,
          398.0
        ],
        [
          1717.0,
          396.0
        ],
        [
          1716.0,
          396.0
        ],
        [
          1713.0,
          394.0
        ],
        [
          1711.0,
          394.0
        ],
        [
          1710.0,
          393.0
        ],
        [
          1708.0,
          393.0
        ],
        [
          1707.0,
          392.0
        ],
        [
          1695.0,
          392.0
        ],
        [
          1694.0,
          393.0
        ],
        [
          1687.0,
          393.0
        ],
        [
          1686.0,
          394.0
        ],
        [
          1683.0,
          394.0
        ],
        [
          1682.0,
          395.0
        ],
        [
          1677.0,
          395.0
        ],
        [
          1676.0,
          396.0
        ],
        [
          1674.0,
          396.0
        ],
        [
          1673.0,
          397.0
        ],
        [
          1672.0,
          397.0
        ],
        [
          1671.0,
          398.0
        ],
        [
          1670.0,
          398.0
        ],
        [
          1667.0,
          400.0
        ],
        [
          1665.0,
          400.0
        ],
        [
          1664.0,
          401.0
        ],
        [
          1662.0,
          401.0
        ],
        [
          1661.0,
          402.0
        ],
        [
          1659.0,
          402.0
        ],
        [
          1656.0,
          404.0
        ],
        [
          1654.0,
          404.0
        ],
        [
          1653.0,
          405.0
        ],
        [
          1651.0,
          405.0
        ],
        [
          1650.0,
          406.0
        ],
        [
          1649.0,
          406.0
        ],
        [
          1648.0,
          407.0
        ],
        [
          1646.0,
          407.0
        ],
        [
          1643.0,
          409.0
        ],
        [
          1641.0,
          409.0
        ],
        [
          1640.0,
          410.0
        ],
        [
          1638.0,
          410.0
        ],
        [
          1637.0,
          411.0
        ],
        [
          1635.0,
          411.0
        ],
        [
          1632.0,
          413.0
        ],
        [
          1630.0,
          413.0
        ],
        [
          1629.0,
          414.0
        ],
        [
          1627.0,
          414.0
        ],
        [
          1626.0,
          415.0
        ],
        [
          1625.0,
          415.0
        ],
        [
          1624.0,
          416.0
        ],
        [
          1623.0,
          416.0
        ],
        [
          1620.0,
          418.0
        ],
        [
          1618.0,
          418.0
        ],
        [
          1617.0,
          419.0
        ],
        [
          1615.0,
          419.0
        ],
        [
          1614.0,
          420.0
        ],
        [
          1612.0,
          420.0
        ],
        [
          1611.0,
          421.0
        ],
        [
          1609.0,
          421.0
        ],
        [
          1606.0,
          424.0
        ],
        [
          1606.0,
          425.0
        ],
        [
          1604.0,
          427.0
        ],
        [
          1603.0,
          427.0
        ],
        [
          1602.0,
          428.0
        ],
        [
          1601.0,
          428.0
        ],
        [
          1600.0,
          429.0
        ],
        [
          1599.0,
          429.0
        ],
        [
          1599.0,
          431.0
        ],
        [
          1600.0,
          432.0
        ],
        [
          1604.0,
          432.0
        ],
        [
          1605.0,
          431.0
        ],
        [
          1607.0,
          431.0
        ],
        [
          1608.0,
          430.0
        ],
        [
          1609.0,
          430.0
        ],
        [
          1611.0,
          428.0
        ],
        [
          1612.0,
          428.0
        ],
        [
          1613.0,
          427.0
        ],
        [
          1616.0,
          427.0
        ],
        [
          1617.0,
          426.0
        ],
        [
          1619.0,
          426.0
        ],
        [
          1620.0,
          425.0
        ],
        [
          1625.0,
          425.0
        ],
        [
          1626.0,
          424.0
        ],
        [
          1633.0,
          424.0
        ],
        [
          1634.0,
          423.0
        ],
        [
          1672.0,
          423.0
        ],
        [
          1673.0,
          422.0
        ],
        [
          1679.0,
          422.0
        ],
        [
          1680.0,
          421.0
        ],
        [
          1683.0,
          421.0
        ],
        [
          1684.0,
          420.0
        ],
        [
          1690.0,
          420.0
        ],
        [
          1691.0,
          419.0
        ],
        [
          1693.0,
          419.0
        ],
        [
          1694.0,
          418.0
        ],
        [
          1697.0,
          418.0
        ],
        [
          1700.0,
          416.0
        ],
        [
          1702.0,
          416.0
        ],
        [
          1703.0,
          415.0
        ],
        [
          1705.0,
          415.0
        ],
        [
          1706.0,
          414.0
        ],
        [
          1707.0,
          414.0
        ],
        [
          1708.0,
          413.0
        ],
        [
          1709.0,
          413.0
        ],
        [
          1712.0,
          411.0
        ],
        [
          1714.0,
          411.0
        ],
        [
          1716.0,
          409.0
        ],
        [
          1717.0,
          409.0
        ],
        [
          1718.0,
          408.0
        ],
        [
          1719.0,
          408.0
        ],
        [
          1721.0,
          405.0
        ]
      ],
      "group_id": null,
      "description": "",
      "difficult": false,
      "shape_type": "polygon",
      "flags": {},
      "attributes": {},
      "kie_linking": []
    },
    {
      "label": "fish",
      "score": null,
      "points": [
        [
          1648.0,
          789.0
        ],
        [
          1647.0,
          790.0
        ],
        [
          1646.0,
          790.0
        ],
        [
          1646.0,
          791.0
        ],
        [
          1645.0,
          792.0
        ],
        [
          1645.0,
          799.0
        ],
        [
          1644.0,
          800.0
        ],
        [
          1644.0,
          810.0
        ],
        [
          1643.0,
          811.0
        ],
        [
          1643.0,
          835.0
        ],
        [
          1644.0,
          836.0
        ],
        [
          1644.0,
          849.0
        ],
        [
          1645.0,
          850.0
        ],
        [
          1645.0,
          867.0
        ],
        [
          1646.0,
          868.0
        ],
        [
          1646.0,
          871.0
        ],
        [
          1647.0,
          872.0
        ],
        [
          1647.0,
          880.0
        ],
        [
          1648.0,
          881.0
        ],
        [
          1648.0,
          886.0
        ],
        [
          1649.0,
          887.0
        ],
        [
          1649.0,
          889.0
        ],
        [
          1650.0,
          890.0
        ],
        [
          1650.0,
          891.0
        ],
        [
          1653.0,
          894.0
        ],
        [
          1653.0,
          895.0
        ],
        [
          1656.0,
          898.0
        ],
        [
          1656.0,
          899.0
        ],
        [
          1658.0,
          901.0
        ],
        [
          1658.0,
          902.0
        ],
        [
          1659.0,
          903.0
        ],
        [
          1659.0,
          904.0
        ],
        [
          1661.0,
          906.0
        ],
        [
          1664.0,
          906.0
        ],
        [
          1665.0,
          905.0
        ],
        [
          1667.0,
          905.0
        ],
        [
          1667.0,
          904.0
        ],
        [
          1669.0,
          902.0
        ],
        [
          1669.0,
          900.0
        ],
        [
          1670.0,
          899.0
        ],
        [
          1670.0,
          898.0
        ],
        [
          1671.0,
          897.0
        ],
        [
          1671.0,
          894.0
        ],
        [
          1672.0,
          893.0
        ],
        [
          1672.0,
          883.0
        ],
        [
          1673.0,
          882.0
        ],
        [
          1673.0,
          863.0
        ],
        [
          1672.0,
          862.0
        ],
        [
          1672.0,
          855.0
        ],
        [
          1671.0,
          854.0
        ],
        [
          1671.0,
          849.0
        ],
        [
          1670.0,
          848.0
        ],
        [
          1670.0,
          844.0
        ],
        [
          1669.0,
          843.0
        ],
        [
          1669.0,
          841.0
        ],
        [
          1668.0,
          840.0
        ],
        [
          1668.0,
          838.0
        ],
        [
          1667.0,
          837.0
        ],
        [
          1667.0,
          836.0
        ],
        [
          1666.0,
          835.0
        ],
        [
          1666.0,
          833.0
        ],
        [
          1665.0,
          832.0
        ],
        [
          1665.0,
          830.0
        ],
        [
          1664.0,
          829.0
        ],
        [
          1664.0,
          826.0
        ],
        [
          1663.0,
          825.0
        ],
        [
          1663.0,
          822.0
        ],
        [
          1662.0,
          821.0
        ],
        [
          1662.0,
          820.0
        ],
        [
          1661.0,
          819.0
        ],
        [
          1661.0,
          817.0
        ],
        [
          1660.0,
          816.0
        ],
        [
          1660.0,
          815.0
        ],
        [
          1659.0,
          814.0
        ],
        [
          1659.0,
          813.0
        ],
        [
          1658.0,
          812.0
        ],
        [
          1658.0,
          810.0
        ],
        [
          1657.0,
          809.0
        ],
        [
          1657.0,
          807.0
        ],
        [
          1656.0,
          806.0
        ],
        [
          1656.0,
          800.0
        ],
        [
          1655.0,
          799.0
        ],
        [
          1655.0,
          795.0
        ],
        [
          1656.0,
          794.0
        ],
        [
          1656.0,
          790.0
        ],
        [
          1655.0,
          789.0
        ]
      ],
      "group_id": null,
      "description": "",
      "difficult": false,
      "shape_type": "polygon",
      "flags": {},
      "attributes": {},
      "kie_linking": []
    }
  ],
  "imagePath": "frame_000054.jpg",
  "imageData": null,
  "imageHeight": 1080,
  "imageWidth": 1920
}