{
  "version": "3.1.1",
  "flags": {},
  "shapes": [
    {
      "label": "fish",
      "score": null,
      "points": [
        [
          1593.0,
          491.0
        ],
        [
          1592.0,
          492.0
        ],
        [
          1592.0,
          493.0
        ],
        [
          1591.0,
          494.0
        ],
        [
          1591.0,
          495.0
        ],
        [
          1589.0,
          498.0
        ],
        [
          1589.0,
          501.0
        ],
        [
          1588.0,
          502.0
        ],
        [
          1588.0,
          504.0
        ],
        [
          1587.0,
          505.0
        ],
        [
          1587.0,
          509.0
        ],
        [
          1588.0,
          510.0
        ],
        [
          1588.0,
          513.0
        ],
        [
          1589.0,
          514.0
        ],
        [
          1589.0,
          515.0
        ],
        [
          1590.0,
          516.0
        ],
        [
          1590.0,
          517.0
        ],
        [
          1591.0,
          518.0
        ],
        [
          1591.0,
          519.0
        ],
        [
          1592.0,
          520.0
        ],
        [
          1593.0,
          523.0
        ],
        [
          1597.0,
          528.0
        ],
        [
          1597.0,
          529.0
        ],
        [
          1598.0,
          530.0
        ],
        [
          1598.0,
          531.0
        ],
        [
          1599.0,
          532.0
        ],
        [
          1599.0,
          533.0
        ],
        [
          1601.0,
          536.0
        ],
        [
          1601.0,
          538.0
        ],
        [
          1602.0,
          539.0
        ],
        [
          1602.0,
          541.0
        ],
        [
          1603.0,
          542.0
        ],
        [
          1603.0,
          544.0
        ],
        [
          1604.0,
          545.0
        ],
        [
          1604.0,
          547.0
        ],
        [
          1605.0,
          548.0
        ],
        [
          1605.0,
          550.0
        ],
        [
          1606.0,
          551.0
        ],
        [
          1606.0,
          553.0
        ],
        [
          1607.0,
          554.0
        ],
        [
          1607.0,
          556.0
        ],
        [
          1608.0,
          557.0
        ],
        [
          1608.0,
          558.0
        ],
        [
          1612.0,
          562.0
        ],
        [
          1615.0,
          563.0
        ],
        [
          1620.0,
          567.0
        ],
        [
          1623.0,
          568.0
        ],
        [
          1626.0,
          571.0
        ],
        [
          1626.0,
          572.0
        ],
        [
          1633.0,
          578.0
        ],
        [
          1633.0,
          579.0
        ],
        [
          1636.0,
          582.0
        ],
        [
          1636.0,
          583.0
        ],
        [
          1637.0,
          584.0
        ],
        [
          1638.0,
          584.0
        ],
        [
          1645.0,
          591.0
        ],
        [
          1648.0,
          592.0
        ],
        [
          1649.0,
          593.0
        ],
        [
          1649.0,
          594.0
        ],
        [
          1653.0,
          598.0
        ],
        [
          1655.0,
          598.0
        ],
        [
          1656.0,
          599.0
        ],
        [
          1657.0,
          599.0
        ],
        [
          1659.0,
          601.0
        ],
        [
          1660.0,
          601.0
        ],
        [
          1663.0,
          604.0
        ],
        [
          1664.0,
          604.0
        ],
        [
          1668.0,
          608.0
        ],
        [
          1669.0,
          608.0
        ],
        [
          1673.0,
          612.0
        ],
        [
          1674.0,
          612.0
        ],
        [
          1675.0,
          613.0
        ],
        [
          1677.0,
          613.0
        ],
        [
          1679.0,
          611.0
        ],
        [
          1679.0,
          609.0
        ],
        [
          1678.0,
          608.0
        ],
        [
          1678.0,
          605.0
        ],
        [
          1677.0,
          604.0
        ],
        [
          1677.0,
          603.0
        ],
        [
          1675.0,
          601.0
        ],
        [
          1674.0,
          601.0
        ],
        [
          1672.0,
          599.0
        ],
        [
          1671.0,
          599.0
        ],
        [
          1669.0,
          597.0
        ],
        [
          1668.0,
          597.0
        ],
        [
          1665.0,
          594.0
        ],
        [
          1663.0,
          594.0
        ],
        [
          1662.0,
          593.0
        ],
        [
          1660.0,
          593.0
        ],
        [
          1659.0,
          592.0
        ],
        [
          1658.0,
          592.0
        ],
        [
          1654.0,
          588.0
        ],
        [
          1654.0,
          587.0
        ],
        [
          1649.0,
          582.0
        ],
        [
          1648.0,
          579.0
        ],
        [
          1644.0,
          574.0
        ],
        [
          1644.0,
          573.0
        ],
        [
          1642.0,
          570.0
        ],
        [
          1642.0,
          568.0
        ],
        [
          1641.0,
          567.0
        ],
        [
          1641.0,
          565.0
        ],
        [
          1640.0,
          564.0
        ],
        [
          1640.0,
          561.0
        ],
        [
          1639.0,
          560.0
        ],
        [
          1639.0,
          555.0
        ],
        [
          1638.0,
          554.0
        ],
        [
          1638.0,
          552.0
        ],
        [
          1637.0,
          551.0
        ],
        [
          1637.0,
          549.0
        ],
        [
          1636.0,
          548.0
        ],
        [
          1636.0,
          544.0
        ],
        [
          1635.0,
          543.0
        ],
        [
          1635.0,
          537.0
        ],
        [
          1628.0,
          530.0
        ],
        [
          1628.0,
          529.0
        ],
        [
          1627.0,
          528.0
        ],
        [
          1627.0,
          527.0
        ],
        [
          1626.0,
          526.0
        ],
        [
          1626.0,
          525.0
        ],
        [
          1624.0,
          522.0
        ],
        [
          1624.0,
          520.0
        ],
        [
          1623.0,
          519.0
        ],
        [
          1622.0,
          516.0
        ],
        [
          1620.0,
          514.0
        ],
        [
          1619.0,
          511.0
        ],
        [
          1617.0,
          509.0
        ],
        [
          1617.0,
          508.0
        ],
        [
          1613.0,
          504.0
        ],
        [
          1613.0,
          503.0
        ],
        [
          1610.0,
          500.0
        ],
        [
          1610.0,
          499.0
        ],
        [
          1608.0,
          497.0
        ],
        [
          1608.0,
          496.0
        ],
        [
          1603.0,
          491.0
        ],
        [
          1602.0,
          491.0
        ],
        [
          1601.0,
          490.0
        ],
        [
          1595.0,
          490.0
        ],
        [
          1594.0,
          491.0
        ]
      ],
      "group_id": null,
      "description": "",
      "difficult": false,
      "shape_type": "polygon",
      "flags": {},
      "attributes": {},
      "kie_linking": []
    },
    {
      "label": "fish",
      "score": null,
      "points": [
        [
          1122.0,
          760.0
        ],
        [
          1121.0,
          759.0
        ],
        [
          1120.0,
          759.0
        ],
        [
          1119.0,
          758.0
        ],
        [
          1117.0,
          758.0
        ],
        [
          1116.0,
          757.0
        ],
        [
          1106.0,
          757.0
        ],
        [
          1105.0,
          758.0
        ],
        [
          1104.0,
          758.0
        ],
        [
          1101.0,
          761.0
        ],
        [
          1100.0,
          761.0
        ],
        [
          1099.0,
          762.0
        ],
        [
          1098.0,
          762.0
        ],
        [
          1096.0,
          764.0
        ],
        [
          1095.0,
          764.0
        ],
        [
          1093.0,
          766.0
        ],
        [
          1092.0,
          766.0
        ],
        [
          1087.0,
          771.0
        ],
        [
          1086.0,
          771.0
        ],
        [
          1084.0,
          773.0
        ],
        [
          1083.0,
          773.0
        ],
        [
          1082.0,
          774.0
        ],
        [
          1081.0,
          774.0
        ],
        [
          1079.0,
          776.0
        ],
        [
          1078.0,
          776.0
        ],
        [
          1073.0,
          781.0
        ],
        [
          1072.0,
          781.0
        ],
        [
          1066.0,
          787.0
        ],
        [
          1065.0,
          787.0
        ],
        [
          1062.0,
          790.0
        ],
        [
          1061.0,
          790.0
        ],
        [
          1060.0,
          791.0
        ],
        [
          1060.0,
          792.0
        ],
        [
          1058.0,
          794.0
        ],
        [
          1058.0,
          795.0
        ],
        [
          1056.0,
          797.0
        ],
        [
          1056.0,
          798.0
        ],
        [
          1054.0,
          800.0
        ],
        [
          1054.0,
          801.0
        ],
        [
          1049.0,
          806.0
        ],
        [
          1049.0,
          807.0
        ],
        [
          1047.0,
          809.0
        ],
        [
          1047.0,
          810.0
        ],
        [
          1046.0,
          811.0
        ],
        [
          1046.0,
          812.0
        ],
        [
          1044.0,
          815.0
        ],
        [
          1044.0,
          817.0
        ],
        [
          1043.0,
          818.0
        ],
        [
          1043.0,
          819.0
        ],
        [
          1042.0,
          820.0
        ],
        [
          1042.0,
          821.0
        ],
        [
          1040.0,
          823.0
        ],
        [
          1040.0,
          824.0
        ],
        [
          1037.0,
          827.0
        ],
        [
          1037.0,
          828.0
        ],
        [
          1035.0,
          831.0
        ],
        [
          1035.0,
          833.0
        ],
        [
          1034.0,
          834.0
        ],
        [
          1034.0,
          837.0
        ],
        [
          1033.0,
          838.0
        ],
        [
          1033.0,
          843.0
        ],
        [
          1034.0,
          844.0
        ],
        [
          1034.0,
          845.0
        ],
        [
          1037.0,
          847.0
        ],
        [
          1040.0,
          847.0
        ],
        [
          1041.0,
          846.0
        ],
        [
          1044.0,
          846.0
        ],
        [
          1045.0,
          845.0
        ],
        [
          1046.0,
          845.0
        ],
        [
          1047.0,
          844.0
        ],
        [
          1048.0,
          844.0
        ],
        [
          1049.0,
          843.0
        ],
        [
          1050.0,
          843.0
        ],
        [
          1052.0,
          841.0
        ],
        [
          1053.0,
          841.0
        ],
        [
          1057.0,
          837.0
        ],
        [
          1058.0,
          837.0
        ],
        [
          1067.0,
          828.0
        ],
        [
          1068.0,
          828.0
        ],
        [
          1070.0,
          826.0
        ],
        [
          1070.0,
          825.0
        ],
        [
          1071.0,
          824.0
        ],
        [
          1071.0,
          823.0
        ],
        [
          1072.0,
          822.0
        ],
        [
          1072.0,
          821.0
        ],
        [
          1073.0,
          820.0
        ],
        [
          1073.0,
          819.0
        ],
        [
          1077.0,
          815.0
        ],
        [
          1077.0,
          814.0
        ],
        [
          1078.0,
          813.0
        ],
        [
          1078.0,
          812.0
        ],
        [
          1079.0,
          811.0
        ],
        [
          1079.0,
          810.0
        ],
        [
          1081.0,
          808.0
        ],
        [
          1081.0,
          807.0
        ],
        [
          1083.0,
          805.0
        ],
        [
          1083.0,
          804.0
        ],
        [
          1084.0,
          803.0
        ],
        [
          1084.0,
          802.0
        ],
        [
          1085.0,
          801.0
        ],
        [
          1085.0,
          800.0
        ],
        [
          1086.0,
          799.0
        ],
        [
          1086.0,
          798.0
        ],
        [
          1087.0,
          797.0
        ],
        [
          1087.0,
          796.0
        ],
        [
          1089.0,
          794.0
        ],
        [
          1089.0,
          793.0
        ],
        [
          1091.0,
          791.0
        ],
        [
          1091.0,
          790.0
        ],
        [
          1093.0,
          788.0
        ],
        [
          1093.0,
          787.0
        ],
        [
          1103.0,
          777.0
        ],
        [
          1103.0,
          776.0
        ],
        [
          1106.0,
          773.0
        ],
        [
          1107.0,
          773.0
        ],
        [
          1110.0,
          770.0
        ],
        [
          1111.0,
          770.0
        ],
        [
          1112.0,
          769.0
        ],
        [
          1113.0,
          769.0
        ],
        [
          1114.0,
          768.0
        ],
        [
          1115.0,
          768.0
        ],
        [
          1116.0,
          767.0
        ],
        [
          1117.0,
          767.0
        ],
        [
          1122.0,
          762.0
        ]
      ],
      "group_id": null,
      "description": "",
      "difficult": false,
      "shape_type": "polygon",
      "flags": {},
      "attributes": {},
      "kie_linking": []
    },
    {
      "label": "fish",
      "score": null,
      "points": [
        [
          1722.0,
          843.0
        ],
        [
          1719.0,
          840.0
        ],
        [
          1718.0,
          840.0
        ],
        [
          1717.0,
          839.0
        ],
        [
          1715.0,
          839.0
        ],
        [
          1714.0,
          838.0
        ],
        [
          1712.0,
          838.0
        ],
        [
          1711.0,
          837.0
        ],
        [
          1708.0,
          837.0
        ],
        [
          1707.0,
          836.0
        ],
        [
          1700.0,
          836.0
        ],
        [
          1699.0,
          835.0
        ],
        [
          1694.0,
          835.0
        ],
        [
          1693.0,
          836.0
        ],
        [
          1672.0,
          836.0
        ],
        [
          1671.0,
          837.0
        ],
        [
          1668.0,
          837.0
        ],
        [
          1667.0,
          838.0
        ],
        [
          1665.0,
          838.0
        ],
        [
          1664.0,
          839.0
        ],
        [
          1662.0,
          839.0
        ],
        [
          1661.0,
          840.0
        ],
        [
          1658.0,
          840.0
        ],
        [
          1657.0,
          841.0
        ],
        [
          1654.0,
          841.0
        ],
        [
          1653.0,
          842.0
        ],
        [
          1650.0,
          842.0
        ],
        [
          1649.0,
          843.0
        ],
        [
          1646.0,
          843.0
        ],
        [
          1645.0,
          844.0
        ],
        [
          1643.0,
          844.0
        ],
        [
          1642.0,
          845.0
        ],
        [
          1640.0,
          845.0
        ],
        [
          1639.0,
          846.0
        ],
        [
          1636.0,
          846.0
        ],
        [
          1635.0,
          847.0
        ],
        [
          1633.0,
          847.0
        ],
        [
          1632.0,
          848.0
        ],
        [
          1630.0,
          848.0
        ],
        [
          1629.0,
          849.0
        ],
        [
          1628.0,
          849.0
        ],
        [
          1627.0,
          850.0
        ],
        [
          1626.0,
          850.0
        ],
        [
          1625.0,
          851.0
        ],
        [
          1624.0,
          851.0
        ],
        [
          1619.0,
          856.0
        ],
        [
          1619.0,
          859.0
        ],
        [
          1620.0,
          859.0
        ],
        [
          1621.0,
          860.0
        ],
        [
          1623.0,
          860.0
        ],
        [
          1624.0,
          861.0
        ],
        [
          1631.0,
          861.0
        ],
        [
          1632.0,
          862.0
        ],
        [
          1637.0,
          862.0
        ],
        [
          1638.0,
          863.0
        ],
        [
          1646.0,
          863.0
        ],
        [
          1647.0,
          864.0
        ],
        [
          1655.0,
          864.0
        ],
        [
          1656.0,
          865.0
        ],
        [
          1658.0,
          865.0
        ],
        [
          1659.0,
          866.0
        ],
        [
          1663.0,
          866.0
        ],
        [
          1664.0,
          867.0
        ],
        [
          1684.0,
          867.0
        ],
        [
          1685.0,
          866.0
        ],
        [
          1686.0,
          866.0
        ],
        [
          1687.0,
          865.0
        ],
        [
          1688.0,
          865.0
        ],
        [
          1689.0,
          864.0
        ],
        [
          1690.0,
          864.0
        ],
        [
          1691.0,
          863.0
        ],
        [
          1692.0,
          863.0
        ],
        [
          1693.0,
          862.0
        ],
        [
          1695.0,
          862.0
        ],
        [
          1696.0,
          861.0
        ],
        [
          1698.0,
          861.0
        ],
        [
          1699.0,
          860.0
        ],
        [
          1702.0,
          860.0
        ],
        [
          1703.0,
          859.0
        ],
        [
          1705.0,
          859.0
        ],
        [
          1707.0,
          857.0
        ],
        [
          1708.0,
          857.0
        ],
        [
          1709.0,
          856.0
        ],
        [
          1710.0,
          856.0
        ],
        [
          1711.0,
          855.0
        ],
        [
          1713.0,
          855.0
        ],
        [
          1714.0,
          854.0
        ],
        [
          1715.0,
          854.0
        ],
        [
          1716.0,
          853.0
        ],
        [
          1717.0,
          853.0
        ],
        [
          1718.0,
          852.0
        ],
        [
          1719.0,
          852.0
        ],
        [
          1721.0,
          850.0
        ],
        [
          1721.0,
          848.0
        ],
        [
          1722.0,
          847.0
        ]
      ],
      "group_id": null,
      "description": "",
      "difficult": false,
      "shape_type": "polygon",
      "flags": {},
      "attributes": {},
      "kie_linking": []
    },
    {
      "label": "fish",
      "score": null,
      "points": [
        [
          1544.0,
          879.0
        ],
        [
          1544.0,
          881.0
        ],
        [
          1546.0,
          883.0
        ],
        [
          1547.0,
          883.0
        ],
        [
          1549.0,
          885.0
        ],
        [
          1550.0,
          885.0
        ],
        [
          1551.0,
          886.0
        ],
        [
          1551.0,
          887.0
        ],
        [
          1554.0,
          890.0
        ],
        [
          1555.0,
          890.0
        ],
        [
          1557.0,
          892.0
        ],
        [
          1558.0,
          892.0
        ],
        [
          1559.0,
          893.0
        ],
        [
          1560.0,
          893.0
        ],
        [
          1561.0,
          894.0
        ],
        [
          1562.0,
          894.0
        ],
        [
          1565.0,
          897.0
        ],
        [
          1566.0,
          897.0
        ],
        [
          1569.0,
          900.0
        ],
        [
          1570.0,
          900.0
        ],
        [
          1571.0,
          901.0
        ],
        [
          1574.0,
          901.0
        ],
        [
          1575.0,
          902.0
        ],
        [
          1586.0,
          902.0
        ],
        [
          1587.0,
          901.0
        ],
        [
          1590.0,
          901.0
        ],
        [
          1591.0,
          900.0
        ],
        [
          1592.0,
          900.0
        ],
        [
          1594.0,
          898.0
        ],
        [
          1594.0,
          895.0
        ],
        [
          1593.0,
          894.0
        ],
        [
          1592.0,
          894.0
        ],
        [
          1591.0,
          893.0
        ],
        [
          1589.0,
          893.0
        ],
        [
          1588.0,
          892.0
        ],
        [
          1587.0,
          892.0
        ],
        [
          1586.0,
          891.0
        ],
        [
          1584.0,
          891.0
        ],
        [
          1583.0,
          890.0
        ],
        [
          1579.0,
          890.0
        ],
        [
          1576.0,
          887.0
        ],
        [
          1575.0,
          887.0
        ],
        [
          1573.0,
          885.0
        ],
        [
          1572.0,
          885.0
        ],
        [
          1571.0,
          884.0
        ],
        [
          1568.0,
          884.0
        ],
        [
          1567.0,
          883.0
        ],
        [
          1564.0,
          883.0
        ],
        [
          1563.0,
          882.0
        ],
        [
          1561.0,
          882.0
        ],
        [
          1560.0,
          881.0
        ],
        [
          1559.0,
          881.0
        ],
        [
          1558.0,
          880.0
        ],
        [
          1557.0,
          880.0
        ],
        [
          1556.0,
          879.0
        ],
        [
          1551.0,
          879.0
        ],
        [
          1550.0,
          878.0
        ],
        [
          1546.0,
          878.0
        ],
        [
          1545.0,
          879.0
        ]
      ],
      "group_id": null,
      "description": "",
      "difficult": false,
      "shape_type": "polygon",
      "flags": {},
      "attributes": {},
      "kie_linking": []
    }
  ],
  "imagePath": "frame_000034.jpg",
  "imageData": null,
  "imageHeight": 1080,
  "imageWidth": 1920
}