{
  "version": "3.1.1",
  "flags": {},
  "shapes": [
    {
      "label": "fish",
      "score": null,
      "points": [
        [
          1640.0,
          95.0
        ],
        [
          1636.0,
          95.0
        ],
        [
          1635.0,
          96.0
        ],
        [
          1632.0,
          96.0
        ],
        [
          1629.0,
          98.0
        ],
        [
          1627.0,
          98.0
        ],
        [
          1626.0,
          99.0
        ],
        [
          1625.0,
          99.0
        ],
        [
          1623.0,
          101.0
        ],
        [
          1622.0,
          101.0
        ],
        [
          1620.0,
          103.0
        ],
        [
          1619.0,
          103.0
        ],
        [
          1617.0,
          105.0
        ],
        [
          1616.0,
          105.0
        ],
        [
          1615.0,
          106.0
        ],
        [
          1615.0,
          107.0
        ],
        [
          1613.0,
          109.0
        ],
        [
          1613.0,
          110.0
        ],
        [
          1610.0,
          113.0
        ],
        [
          1609.0,
          113.0
        ],
        [
          1606.0,
          116.0
        ],
        [
          1606.0,
          117.0
        ],
        [
          1605.0,
          118.0
        ],
        [
          1605.0,
          119.0
        ],
        [
          1600.0,
          124.0
        ],
        [
          1600.0,
          125.0
        ],
        [
          1596.0,
          129.0
        ],
        [
          1596.0,
          130.0
        ],
        [
          1594.0,
          132.0
        ],
        [
          1594.0,
          134.0
        ],
        [
          1593.0,
          135.0
        ],
        [
          1593.0,
          136.0
        ],
        [
          1592.0,
          137.0
        ],
        [
          1592.0,
          138.0
        ],
        [
          1591.0,
          139.0
        ],
        [
          1591.0,
          140.0
        ],
        [
          1589.0,
          142.0
        ],
        [
          1589.0,
          143.0
        ],
        [
          1587.0,
          145.0
        ],
        [
          1587.0,
          146.0
        ],
        [
          1585.0,
          148.0
        ],
        [
          1585.0,
          149.0
        ],
        [
          1584.0,
          150.0
        ],
        [
          1584.0,
          151.0
        ],
        [
          1582.0,
          153.0
        ],
        [
          1582.0,
          154.0
        ],
        [
          1581.0,
          155.0
        ],
        [
          1581.0,
          156.0
        ],
        [
          1578.0,
          159.0
        ],
        [
          1578.0,
          160.0
        ],
        [
          1576.0,
          162.0
        ],
        [
          1576.0,
          163.0
        ],
        [
          1575.0,
          164.0
        ],
        [
          1575.0,
          165.0
        ],
        [
          1574.0,
          166.0
        ],
        [
          1574.0,
          167.0
        ],
        [
          1573.0,
          168.0
        ],
        [
          1573.0,
          169.0
        ],
        [
          1572.0,
          170.0
        ],
        [
          1572.0,
          171.0
        ],
        [
          1570.0,
          173.0
        ],
        [
          1570.0,
          174.0
        ],
        [
          1569.0,
          175.0
        ],
        [
          1569.0,
          176.0
        ],
        [
          1568.0,
          177.0
        ],
        [
          1568.0,
          178.0
        ],
        [
          1567.0,
          179.0
        ],
        [
          1567.0,
          180.0
        ],
        [
          1566.0,
          181.0
        ],
        [
          1566.0,
          182.0
        ],
        [
          1565.0,
          183.0
        ],
        [
          1565.0,
          184.0
        ],
        [
          1564.0,
          185.0
        ],
        [
          1564.0,
          186.0
        ],
        [
          1562.0,
          188.0
        ],
        [
          1562.0,
          189.0
        ],
        [
          1561.0,
          190.0
        ],
        [
          1561.0,
          192.0
        ],
        [
          1560.0,
          193.0
        ],
        [
          1560.0,
          196.0
        ],
        [
          1559.0,
          197.0
        ],
        [
          1559.0,
          198.0
        ],
        [
          1561.0,
          200.0
        ],
        [
          1562.0,
          200.0
        ],
        [
          1564.0,
          198.0
        ],
        [
          1564.0,
          197.0
        ],
        [
          1565.0,
          196.0
        ],
        [
          1565.0,
          195.0
        ],
        [
          1566.0,
          194.0
        ],
        [
          1566.0,
          193.0
        ],
        [
          1568.0,
          191.0
        ],
        [
          1569.0,
          191.0
        ],
        [
          1581.0,
          179.0
        ],
        [
          1581.0,
          178.0
        ],
        [
          1587.0,
          172.0
        ],
        [
          1588.0,
          172.0
        ],
        [
          1598.0,
          162.0
        ],
        [
          1599.0,
          162.0
        ],
        [
          1600.0,
          161.0
        ],
        [
          1601.0,
          161.0
        ],
        [
          1603.0,
          159.0
        ],
        [
          1604.0,
          159.0
        ],
        [
          1606.0,
          157.0
        ],
        [
          1607.0,
          157.0
        ],
        [
          1609.0,
          155.0
        ],
        [
          1610.0,
          155.0
        ],
        [
          1612.0,
          153.0
        ],
        [
          1613.0,
          153.0
        ],
        [
          1614.0,
          152.0
        ],
        [
          1615.0,
          152.0
        ],
        [
          1617.0,
          150.0
        ],
        [
          1618.0,
          150.0
        ],
        [
          1623.0,
          145.0
        ],
        [
          1623.0,
          144.0
        ],
        [
          1626.0,
          141.0
        ],
        [
          1626.0,
          140.0
        ],
        [
          1629.0,
          137.0
        ],
        [
          1629.0,
          136.0
        ],
        [
          1631.0,
          134.0
        ],
        [
          1631.0,
          133.0
        ],
        [
          1633.0,
          131.0
        ],
        [
          1633.0,
          130.0
        ],
        [
          1634.0,
          129.0
        ],
        [
          1634.0,
          128.0
        ],
        [
          1636.0,
          126.0
        ],
        [
          1636.0,
          125.0
        ],
        [
          1637.0,
          124.0
        ],
        [
          1637.0,
          123.0
        ],
        [
          1639.0,
          120.0
        ],
        [
          1639.0,
          118.0
        ],
        [
          1640.0,
          117.0
        ],
        [
          1640.0,
          114.0
        ],
        [
          1641.0,
          113.0
        ],
        [
          1641.0,
          111.0
        ],
        [
          1642.0,
          110.0
        ],
        [
          1642.0,
          104.0
        ],
        [
          1643.0,
          103.0
        ],
        [
          1643.0,
          100.0
        ],
        [
          1642.0,
          99.0
        ],
        [
          1642.0,
          97.0
        ]
      ],
      "group_id": null,
      "description": "",
      "difficult": false,
      "shape_type": "polygon",
      "flags": {},
      "attributes": {},
      "kie_linking": []
    },
    {
      "label": "fish",
      "score": null,
      "points": [
        [
          1658.0,
          181.0
        ],
        [
          1657.0,
          182.0
        ],
        [
          1656.0,
          182.0
        ],
        [
          1656.0,
          183.0
        ],
        [
          1654.0,
          185.0
        ],
        [
          1654.0,
          186.0
        ],
        [
          1653.0,
          187.0
        ],
        [
          1653.0,
          188.0
        ],
        [
          1652.0,
          189.0
        ],
        [
          1652.0,
          190.0
        ],
        [
          1651.0,
          191.0
        ],
        [
          1651.0,
          192.0
        ],
        [
          1650.0,
          193.0
        ],
        [
          1650.0,
          194.0
        ],
        [
          1648.0,
          197.0
        ],
        [
          1648.0,
          202.0
        ],
        [
          1649.0,
          203.0
        ],
        [
          1649.0,
          206.0
        ],
        [
          1650.0,
          207.0
        ],
        [
          1651.0,
          210.0
        ],
        [
          1653.0,
          212.0
        ],
        [
          1653.0,
          213.0
        ],
        [
          1656.0,
          216.0
        ],
        [
          1656.0,
          217.0
        ],
        [
          1658.0,
          219.0
        ],
        [
          1658.0,
          222.0
        ],
        [
          1659.0,
          223.0
        ],
        [
          1659.0,
          227.0
        ],
        [
          1665.0,
          236.0
        ],
        [
          1665.0,
          238.0
        ],
        [
          1666.0,
          239.0
        ],
        [
          1666.0,
          240.0
        ],
        [
          1667.0,
          241.0
        ],
        [
          1667.0,
          243.0
        ],
        [
          1668.0,
          244.0
        ],
        [
          1668.0,
          245.0
        ],
        [
          1670.0,
          248.0
        ],
        [
          1670.0,
          250.0
        ],
        [
          1671.0,
          251.0
        ],
        [
          1671.0,
          253.0
        ],
        [
          1672.0,
          254.0
        ],
        [
          1672.0,
          256.0
        ],
        [
          1673.0,
          257.0
        ],
        [
          1673.0,
          260.0
        ],
        [
          1672.0,
          261.0
        ],
        [
          1672.0,
          275.0
        ],
        [
          1671.0,
          276.0
        ],
        [
          1671.0,
          282.0
        ],
        [
          1670.0,
          283.0
        ],
        [
          1670.0,
          286.0
        ],
        [
          1669.0,
          287.0
        ],
        [
          1669.0,
          291.0
        ],
        [
          1668.0,
          292.0
        ],
        [
          1668.0,
          295.0
        ],
        [
          1667.0,
          296.0
        ],
        [
          1667.0,
          298.0
        ],
        [
          1666.0,
          299.0
        ],
        [
          1666.0,
          301.0
        ],
        [
          1665.0,
          302.0
        ],
        [
          1665.0,
          304.0
        ],
        [
          1664.0,
          305.0
        ],
        [
          1664.0,
          306.0
        ],
        [
          1663.0,
          307.0
        ],
        [
          1663.0,
          308.0
        ],
        [
          1661.0,
          311.0
        ],
        [
          1661.0,
          313.0
        ],
        [
          1657.0,
          318.0
        ],
        [
          1657.0,
          320.0
        ],
        [
          1660.0,
          323.0
        ],
        [
          1661.0,
          323.0
        ],
        [
          1664.0,
          321.0
        ],
        [
          1666.0,
          321.0
        ],
        [
          1669.0,
          318.0
        ],
        [
          1669.0,
          316.0
        ],
        [
          1671.0,
          314.0
        ],
        [
          1671.0,
          313.0
        ],
        [
          1672.0,
          312.0
        ],
        [
          1672.0,
          311.0
        ],
        [
          1673.0,
          310.0
        ],
        [
          1674.0,
          307.0
        ],
        [
          1677.0,
          304.0
        ],
        [
          1677.0,
          303.0
        ],
        [
          1679.0,
          301.0
        ],
        [
          1679.0,
          300.0
        ],
        [
          1683.0,
          296.0
        ],
        [
          1683.0,
          295.0
        ],
        [
          1684.0,
          294.0
        ],
        [
          1684.0,
          292.0
        ],
        [
          1685.0,
          291.0
        ],
        [
          1685.0,
          289.0
        ],
        [
          1686.0,
          288.0
        ],
        [
          1686.0,
          284.0
        ],
        [
          1687.0,
          283.0
        ],
        [
          1687.0,
          277.0
        ],
        [
          1688.0,
          276.0
        ],
        [
          1688.0,
          273.0
        ],
        [
          1689.0,
          272.0
        ],
        [
          1689.0,
          268.0
        ],
        [
          1690.0,
          267.0
        ],
        [
          1690.0,
          264.0
        ],
        [
          1691.0,
          263.0
        ],
        [
          1691.0,
          259.0
        ],
        [
          1692.0,
          258.0
        ],
        [
          1692.0,
          253.0
        ],
        [
          1693.0,
          252.0
        ],
        [
          1693.0,
          241.0
        ],
        [
          1692.0,
          240.0
        ],
        [
          1692.0,
          238.0
        ],
        [
          1690.0,
          235.0
        ],
        [
          1690.0,
          233.0
        ],
        [
          1688.0,
          230.0
        ],
        [
          1688.0,
          228.0
        ],
        [
          1687.0,
          227.0
        ],
        [
          1687.0,
          225.0
        ],
        [
          1686.0,
          224.0
        ],
        [
          1686.0,
          221.0
        ],
        [
          1685.0,
          220.0
        ],
        [
          1685.0,
          218.0
        ],
        [
          1684.0,
          217.0
        ],
        [
          1684.0,
          214.0
        ],
        [
          1683.0,
          213.0
        ],
        [
          1683.0,
          211.0
        ],
        [
          1682.0,
          210.0
        ],
        [
          1682.0,
          209.0
        ],
        [
          1681.0,
          208.0
        ],
        [
          1680.0,
          205.0
        ],
        [
          1676.0,
          200.0
        ],
        [
          1675.0,
          197.0
        ],
        [
          1673.0,
          195.0
        ],
        [
          1673.0,
          194.0
        ],
        [
          1672.0,
          193.0
        ],
        [
          1672.0,
          192.0
        ],
        [
          1670.0,
          190.0
        ],
        [
          1669.0,
          187.0
        ],
        [
          1663.0,
          181.0
        ]
      ],
      "group_id": null,
      "description": "",
      "difficult": false,
      "shape_type": "polygon",
      "flags": {},
      "attributes": {},
      "kie_linking": []
    },
    {
      "label": "fish",
      "score": null,
      "points": [
        [
          1629.0,
          423.0
        ],
        [
          1628.0,
          423.0
        ],
        [
          1627.0,
          422.0
        ],
        [
          1625.0,
          422.0
        ],
        [
          1624.0,
          421.0
        ],
        [
          1620.0,
          421.0
        ],
        [
          1619.0,
          422.0
        ],
        [
          1616.0,
          422.0
        ],
        [
          1615.0,
          423.0
        ],
        [
          1614.0,
          423.0
        ],
        [
          1612.0,
          425.0
        ],
        [
          1611.0,
          425.0
        ],
        [
          1610.0,
          426.0
        ],
        [
          1609.0,
          426.0
        ],
        [
          1608.0,
          427.0
        ],
        [
          1605.0,
          428.0
        ],
        [
          1600.0,
          433.0
        ],
        [
          1600.0,
          434.0
        ],
        [
          1598.0,
          436.0
        ],
        [
          1598.0,
          437.0
        ],
        [
          1597.0,
          438.0
        ],
        [
          1596.0,
          441.0
        ],
        [
          1592.0,
          445.0
        ],
        [
          1592.0,
          446.0
        ],
        [
          1591.0,
          447.0
        ],
        [
          1591.0,
          449.0
        ],
        [
          1590.0,
          450.0
        ],
        [
          1590.0,
          451.0
        ],
        [
          1589.0,
          452.0
        ],
        [
          1588.0,
          455.0
        ],
        [
          1585.0,
          458.0
        ],
        [
          1585.0,
          459.0
        ],
        [
          1583.0,
          461.0
        ],
        [
          1583.0,
          462.0
        ],
        [
          1581.0,
          464.0
        ],
        [
          1581.0,
          465.0
        ],
        [
          1577.0,
          469.0
        ],
        [
          1576.0,
          472.0
        ],
        [
          1567.0,
          481.0
        ],
        [
          1567.0,
          482.0
        ],
        [
          1566.0,
          483.0
        ],
        [
          1566.0,
          484.0
        ],
        [
          1565.0,
          485.0
        ],
        [
          1564.0,
          488.0
        ],
        [
          1562.0,
          490.0
        ],
        [
          1562.0,
          491.0
        ],
        [
          1561.0,
          492.0
        ],
        [
          1561.0,
          493.0
        ],
        [
          1560.0,
          494.0
        ],
        [
          1560.0,
          495.0
        ],
        [
          1559.0,
          496.0
        ],
        [
          1558.0,
          499.0
        ],
        [
          1556.0,
          501.0
        ],
        [
          1556.0,
          502.0
        ],
        [
          1555.0,
          503.0
        ],
        [
          1555.0,
          504.0
        ],
        [
          1554.0,
          505.0
        ],
        [
          1554.0,
          506.0
        ],
        [
          1553.0,
          507.0
        ],
        [
          1552.0,
          510.0
        ],
        [
          1550.0,
          512.0
        ],
        [
          1550.0,
          513.0
        ],
        [
          1546.0,
          517.0
        ],
        [
          1546.0,
          518.0
        ],
        [
          1544.0,
          520.0
        ],
        [
          1544.0,
          521.0
        ],
        [
          1541.0,
          524.0
        ],
        [
          1540.0,
          524.0
        ],
        [
          1539.0,
          525.0
        ],
        [
          1531.0,
          525.0
        ],
        [
          1530.0,
          526.0
        ],
        [
          1530.0,
          528.0
        ],
        [
          1532.0,
          530.0
        ],
        [
          1533.0,
          530.0
        ],
        [
          1534.0,
          531.0
        ],
        [
          1537.0,
          532.0
        ],
        [
          1540.0,
          535.0
        ],
        [
          1540.0,
          536.0
        ],
        [
          1541.0,
          537.0
        ],
        [
          1547.0,
          537.0
        ],
        [
          1549.0,
          535.0
        ],
        [
          1549.0,
          534.0
        ],
        [
          1551.0,
          532.0
        ],
        [
          1551.0,
          531.0
        ],
        [
          1555.0,
          527.0
        ],
        [
          1555.0,
          526.0
        ],
        [
          1562.0,
          519.0
        ],
        [
          1563.0,
          519.0
        ],
        [
          1566.0,
          516.0
        ],
        [
          1567.0,
          516.0
        ],
        [
          1574.0,
          509.0
        ],
        [
          1574.0,
          508.0
        ],
        [
          1579.0,
          503.0
        ],
        [
          1581.0,
          503.0
        ],
        [
          1584.0,
          501.0
        ],
        [
          1589.0,
          501.0
        ],
        [
          1592.0,
          504.0
        ],
        [
          1592.0,
          498.0
        ],
        [
          1598.0,
          492.0
        ],
        [
          1599.0,
          492.0
        ],
        [
          1600.0,
          491.0
        ],
        [
          1603.0,
          490.0
        ],
        [
          1605.0,
          488.0
        ],
        [
          1606.0,
          488.0
        ],
        [
          1610.0,
          484.0
        ],
        [
          1610.0,
          483.0
        ],
        [
          1611.0,
          482.0
        ],
        [
          1611.0,
          481.0
        ],
        [
          1612.0,
          480.0
        ],
        [
          1612.0,
          479.0
        ],
        [
          1613.0,
          478.0
        ],
        [
          1613.0,
          477.0
        ],
        [
          1614.0,
          476.0
        ],
        [
          1614.0,
          475.0
        ],
        [
          1617.0,
          470.0
        ],
        [
          1617.0,
          468.0
        ],
        [
          1619.0,
          465.0
        ],
        [
          1619.0,
          463.0
        ],
        [
          1621.0,
          461.0
        ],
        [
          1621.0,
          460.0
        ],
        [
          1622.0,
          459.0
        ],
        [
          1622.0,
          458.0
        ],
        [
          1625.0,
          453.0
        ],
        [
          1625.0,
          451.0
        ],
        [
          1627.0,
          448.0
        ],
        [
          1627.0,
          445.0
        ],
        [
          1628.0,
          444.0
        ],
        [
          1628.0,
          441.0
        ],
        [
          1629.0,
          440.0
        ],
        [
          1629.0,
          436.0
        ],
        [
          1630.0,
          435.0
        ],
        [
          1630.0,
          432.0
        ],
        [
          1631.0,
          431.0
        ],
        [
          1631.0,
          428.0
        ],
        [
          1630.0,
          427.0
        ],
        [
          1630.0,
          424.0
        ]
      ],
      "group_id": null,
      "description": "",
      "difficult": false,
      "shape_type": "polygon",
      "flags": {},
      "attributes": {},
      "kie_linking": []
    },
    {
      "label": "fish",
      "score": null,
      "points": [
        [
          1669.0,
          690.0
        ],
        [
          1668.0,
          691.0
        ],
        [
          1668.0,
          695.0
        ],
        [
          1670.0,
          698.0
        ],
        [
          1670.0,
          714.0
        ],
        [
          1671.0,
          715.0
        ],
        [
          1671.0,
          718.0
        ],
        [
          1672.0,
          719.0
        ],
        [
          1672.0,
          721.0
        ],
        [
          1673.0,
          722.0
        ],
        [
          1673.0,
          724.0
        ],
        [
          1674.0,
          725.0
        ],
        [
          1674.0,
          727.0
        ],
        [
          1675.0,
          728.0
        ],
        [
          1675.0,
          730.0
        ],
        [
          1676.0,
          731.0
        ],
        [
          1676.0,
          732.0
        ],
        [
          1677.0,
          733.0
        ],
        [
          1677.0,
          734.0
        ],
        [
          1678.0,
          735.0
        ],
        [
          1678.0,
          736.0
        ],
        [
          1679.0,
          737.0
        ],
        [
          1679.0,
          738.0
        ],
        [
          1681.0,
          740.0
        ],
        [
          1681.0,
          741.0
        ],
        [
          1683.0,
          743.0
        ],
        [
          1683.0,
          744.0
        ],
        [
          1687.0,
          748.0
        ],
        [
          1687.0,
          749.0
        ],
        [
          1688.0,
          750.0
        ],
        [
          1688.0,
          752.0
        ],
        [
          1689.0,
          753.0
        ],
        [
          1689.0,
          767.0
        ],
        [
          1690.0,
          768.0
        ],
        [
          1690.0,
          777.0
        ],
        [
          1691.0,
          778.0
        ],
        [
          1691.0,
          780.0
        ],
        [
          1692.0,
          781.0
        ],
        [
          1692.0,
          786.0
        ],
        [
          1693.0,
          787.0
        ],
        [
          1693.0,
          797.0
        ],
        [
          1694.0,
          798.0
        ],
        [
          1694.0,
          799.0
        ],
        [
          1698.0,
          803.0
        ],
        [
          1699.0,
          803.0
        ],
        [
          1704.0,
          808.0
        ],
        [
          1705.0,
          808.0
        ],
        [
          1706.0,
          809.0
        ],
        [
          1707.0,
          809.0
        ],
        [
          1710.0,
          811.0
        ],
        [
          1716.0,
          811.0
        ],
        [
          1718.0,
          809.0
        ],
        [
          1718.0,
          808.0
        ],
        [
          1719.0,
          807.0
        ],
        [
          1719.0,
          803.0
        ],
        [
          1718.0,
          802.0
        ],
        [
          1718.0,
          786.0
        ],
        [
          1717.0,
          785.0
        ],
        [
          1717.0,
          776.0
        ],
        [
          1716.0,
          775.0
        ],
        [
          1716.0,
          770.0
        ],
        [
          1715.0,
          769.0
        ],
        [
          1715.0,
          766.0
        ],
        [
          1714.0,
          765.0
        ],
        [
          1714.0,
          762.0
        ],
        [
          1713.0,
          761.0
        ],
        [
          1713.0,
          758.0
        ],
        [
          1712.0,
          757.0
        ],
        [
          1712.0,
          755.0
        ],
        [
          1711.0,
          754.0
        ],
        [
          1711.0,
          752.0
        ],
        [
          1710.0,
          751.0
        ],
        [
          1710.0,
          750.0
        ],
        [
          1709.0,
          749.0
        ],
        [
          1709.0,
          748.0
        ],
        [
          1708.0,
          747.0
        ],
        [
          1708.0,
          746.0
        ],
        [
          1707.0,
          745.0
        ],
        [
          1707.0,
          744.0
        ],
        [
          1703.0,
          740.0
        ],
        [
          1703.0,
          739.0
        ],
        [
          1701.0,
          737.0
        ],
        [
          1701.0,
          736.0
        ],
        [
          1700.0,
          735.0
        ],
        [
          1700.0,
          733.0
        ],
        [
          1699.0,
          732.0
        ],
        [
          1699.0,
          730.0
        ],
        [
          1698.0,
          729.0
        ],
        [
          1698.0,
          726.0
        ],
        [
          1697.0,
          725.0
        ],
        [
          1697.0,
          723.0
        ],
        [
          1696.0,
          722.0
        ],
        [
          1696.0,
          720.0
        ],
        [
          1695.0,
          719.0
        ],
        [
          1695.0,
          718.0
        ],
        [
          1691.0,
          714.0
        ],
        [
          1690.0,
          714.0
        ],
        [
          1686.0,
          710.0
        ],
        [
          1686.0,
          709.0
        ],
        [
          1684.0,
          706.0
        ],
        [
          1684.0,
          704.0
        ],
        [
          1683.0,
          703.0
        ],
        [
          1683.0,
          701.0
        ],
        [
          1682.0,
          700.0
        ],
        [
          1682.0,
          698.0
        ],
        [
          1680.0,
          695.0
        ],
        [
          1680.0,
          693.0
        ],
        [
          1676.0,
          689.0
        ],
        [
          1672.0,
          689.0
        ],
        [
          1671.0,
          690.0
        ]
      ],
      "group_id": null,
      "description": "",
      "difficult": false,
      "shape_type": "polygon",
      "flags": {},
      "attributes": {},
      "kie_linking": []
    }
  ],
  "imagePath": "frame_000051.jpg",
  "imageData": null,
  "imageHeight": 1080,
  "imageWidth": 1920
}