{
  "version": "3.1.1",
  "flags": {},
  "shapes": [
    {
      "label": "fish",
      "score": null,
      "points": [
        [
          1617.0,
          100.0
        ],
        [
          1612.0,
          100.0
        ],
        [
          1611.0,
          101.0
        ],
        [
          1609.0,
          101.0
        ],
        [
          1607.0,
          103.0
        ],
        [
          1606.0,
          103.0
        ],
        [
          1605.0,
          104.0
        ],
        [
          1604.0,
          104.0
        ],
        [
          1602.0,
          106.0
        ],
        [
          1601.0,
          106.0
        ],
        [
          1598.0,
          109.0
        ],
        [
          1598.0,
          110.0
        ],
        [
          1590.0,
          118.0
        ],
        [
          1590.0,
          119.0
        ],
        [
          1586.0,
          123.0
        ],
        [
          1586.0,
          124.0
        ],
        [
          1585.0,
          125.0
        ],
        [
          1585.0,
          126.0
        ],
        [
          1583.0,
          128.0
        ],
        [
          1583.0,
          129.0
        ],
        [
          1580.0,
          132.0
        ],
        [
          1580.0,
          133.0
        ],
        [
          1577.0,
          136.0
        ],
        [
          1577.0,
          137.0
        ],
        [
          1576.0,
          138.0
        ],
        [
          1576.0,
          139.0
        ],
        [
          1574.0,
          141.0
        ],
        [
          1574.0,
          142.0
        ],
        [
          1570.0,
          146.0
        ],
        [
          1570.0,
          147.0
        ],
        [
          1569.0,
          148.0
        ],
        [
          1569.0,
          149.0
        ],
        [
          1568.0,
          150.0
        ],
        [
          1568.0,
          151.0
        ],
        [
          1566.0,
          154.0
        ],
        [
          1566.0,
          156.0
        ],
        [
          1564.0,
          158.0
        ],
        [
          1564.0,
          159.0
        ],
        [
          1562.0,
          161.0
        ],
        [
          1562.0,
          162.0
        ],
        [
          1561.0,
          163.0
        ],
        [
          1561.0,
          165.0
        ],
        [
          1560.0,
          166.0
        ],
        [
          1560.0,
          167.0
        ],
        [
          1559.0,
          168.0
        ],
        [
          1559.0,
          169.0
        ],
        [
          1557.0,
          171.0
        ],
        [
          1557.0,
          172.0
        ],
        [
          1555.0,
          174.0
        ],
        [
          1555.0,
          175.0
        ],
        [
          1554.0,
          176.0
        ],
        [
          1554.0,
          178.0
        ],
        [
          1552.0,
          181.0
        ],
        [
          1552.0,
          183.0
        ],
        [
          1551.0,
          184.0
        ],
        [
          1551.0,
          185.0
        ],
        [
          1549.0,
          187.0
        ],
        [
          1549.0,
          188.0
        ],
        [
          1547.0,
          190.0
        ],
        [
          1547.0,
          191.0
        ],
        [
          1545.0,
          193.0
        ],
        [
          1545.0,
          194.0
        ],
        [
          1543.0,
          196.0
        ],
        [
          1543.0,
          197.0
        ],
        [
          1542.0,
          198.0
        ],
        [
          1542.0,
          199.0
        ],
        [
          1541.0,
          200.0
        ],
        [
          1541.0,
          201.0
        ],
        [
          1538.0,
          204.0
        ],
        [
          1538.0,
          207.0
        ],
        [
          1539.0,
          208.0
        ],
        [
          1541.0,
          208.0
        ],
        [
          1542.0,
          207.0
        ],
        [
          1544.0,
          207.0
        ],
        [
          1545.0,
          206.0
        ],
        [
          1546.0,
          206.0
        ],
        [
          1547.0,
          205.0
        ],
        [
          1548.0,
          205.0
        ],
        [
          1551.0,
          202.0
        ],
        [
          1552.0,
          202.0
        ],
        [
          1556.0,
          198.0
        ],
        [
          1556.0,
          197.0
        ],
        [
          1557.0,
          196.0
        ],
        [
          1557.0,
          195.0
        ],
        [
          1558.0,
          194.0
        ],
        [
          1558.0,
          193.0
        ],
        [
          1559.0,
          192.0
        ],
        [
          1559.0,
          191.0
        ],
        [
          1560.0,
          190.0
        ],
        [
          1560.0,
          189.0
        ],
        [
          1561.0,
          188.0
        ],
        [
          1561.0,
          187.0
        ],
        [
          1563.0,
          185.0
        ],
        [
          1563.0,
          184.0
        ],
        [
          1564.0,
          183.0
        ],
        [
          1564.0,
          182.0
        ],
        [
          1576.0,
          170.0
        ],
        [
          1577.0,
          170.0
        ],
        [
          1581.0,
          166.0
        ],
        [
          1582.0,
          166.0
        ],
        [
          1585.0,
          163.0
        ],
        [
          1586.0,
          163.0
        ],
        [
          1588.0,
          161.0
        ],
        [
          1589.0,
          161.0
        ],
        [
          1591.0,
          159.0
        ],
        [
          1592.0,
          159.0
        ],
        [
          1596.0,
          155.0
        ],
        [
          1597.0,
          155.0
        ],
        [
          1603.0,
          149.0
        ],
        [
          1603.0,
          148.0
        ],
        [
          1608.0,
          143.0
        ],
        [
          1608.0,
          142.0
        ],
        [
          1610.0,
          140.0
        ],
        [
          1610.0,
          139.0
        ],
        [
          1611.0,
          138.0
        ],
        [
          1611.0,
          136.0
        ],
        [
          1612.0,
          135.0
        ],
        [
          1612.0,
          134.0
        ],
        [
          1613.0,
          133.0
        ],
        [
          1613.0,
          132.0
        ],
        [
          1614.0,
          131.0
        ],
        [
          1614.0,
          130.0
        ],
        [
          1616.0,
          128.0
        ],
        [
          1616.0,
          127.0
        ],
        [
          1618.0,
          124.0
        ],
        [
          1618.0,
          122.0
        ],
        [
          1619.0,
          121.0
        ],
        [
          1619.0,
          115.0
        ],
        [
          1620.0,
          114.0
        ],
        [
          1620.0,
          112.0
        ],
        [
          1621.0,
          111.0
        ],
        [
          1621.0,
          109.0
        ],
        [
          1622.0,
          108.0
        ],
        [
          1622.0,
          107.0
        ],
        [
          1621.0,
          106.0
        ],
        [
          1621.0,
          104.0
        ]
      ],
      "group_id": null,
      "description": "",
      "difficult": false,
      "shape_type": "polygon",
      "flags": {},
      "attributes": {},
      "kie_linking": []
    },
    {
      "label": "fish",
      "score": null,
      "points": [
        [
          1457.0,
          222.0
        ],
        [
          1457.0,
          223.0
        ],
        [
          1455.0,
          226.0
        ],
        [
          1455.0,
          230.0
        ],
        [
          1456.0,
          231.0
        ],
        [
          1456.0,
          233.0
        ],
        [
          1457.0,
          234.0
        ],
        [
          1457.0,
          238.0
        ],
        [
          1458.0,
          239.0
        ],
        [
          1458.0,
          244.0
        ],
        [
          1459.0,
          245.0
        ],
        [
          1459.0,
          246.0
        ],
        [
          1465.0,
          252.0
        ],
        [
          1466.0,
          252.0
        ],
        [
          1467.0,
          253.0
        ],
        [
          1470.0,
          254.0
        ],
        [
          1475.0,
          258.0
        ],
        [
          1476.0,
          258.0
        ],
        [
          1477.0,
          259.0
        ],
        [
          1480.0,
          260.0
        ],
        [
          1482.0,
          262.0
        ],
        [
          1483.0,
          262.0
        ],
        [
          1487.0,
          266.0
        ],
        [
          1487.0,
          267.0
        ],
        [
          1496.0,
          276.0
        ],
        [
          1497.0,
          276.0
        ],
        [
          1499.0,
          278.0
        ],
        [
          1500.0,
          278.0
        ],
        [
          1503.0,
          281.0
        ],
        [
          1506.0,
          282.0
        ],
        [
          1508.0,
          284.0
        ],
        [
          1511.0,
          285.0
        ],
        [
          1513.0,
          287.0
        ],
        [
          1514.0,
          287.0
        ],
        [
          1516.0,
          289.0
        ],
        [
          1517.0,
          289.0
        ],
        [
          1519.0,
          291.0
        ],
        [
          1520.0,
          291.0
        ],
        [
          1526.0,
          297.0
        ],
        [
          1527.0,
          297.0
        ],
        [
          1528.0,
          298.0
        ],
        [
          1530.0,
          298.0
        ],
        [
          1531.0,
          299.0
        ],
        [
          1534.0,
          300.0
        ],
        [
          1536.0,
          302.0
        ],
        [
          1537.0,
          302.0
        ],
        [
          1538.0,
          303.0
        ],
        [
          1540.0,
          303.0
        ],
        [
          1543.0,
          305.0
        ],
        [
          1545.0,
          305.0
        ],
        [
          1546.0,
          306.0
        ],
        [
          1548.0,
          306.0
        ],
        [
          1549.0,
          307.0
        ],
        [
          1551.0,
          307.0
        ],
        [
          1557.0,
          311.0
        ],
        [
          1574.0,
          311.0
        ],
        [
          1575.0,
          310.0
        ],
        [
          1577.0,
          310.0
        ],
        [
          1575.0,
          310.0
        ],
        [
          1574.0,
          309.0
        ],
        [
          1567.0,
          309.0
        ],
        [
          1566.0,
          308.0
        ],
        [
          1563.0,
          308.0
        ],
        [
          1562.0,
          307.0
        ],
        [
          1561.0,
          307.0
        ],
        [
          1560.0,
          306.0
        ],
        [
          1559.0,
          303.0
        ],
        [
          1557.0,
          301.0
        ],
        [
          1556.0,
          301.0
        ],
        [
          1554.0,
          299.0
        ],
        [
          1551.0,
          298.0
        ],
        [
          1543.0,
          290.0
        ],
        [
          1542.0,
          290.0
        ],
        [
          1539.0,
          287.0
        ],
        [
          1539.0,
          286.0
        ],
        [
          1538.0,
          285.0
        ],
        [
          1537.0,
          282.0
        ],
        [
          1536.0,
          281.0
        ],
        [
          1535.0,
          281.0
        ],
        [
          1533.0,
          279.0
        ],
        [
          1532.0,
          279.0
        ],
        [
          1528.0,
          275.0
        ],
        [
          1528.0,
          274.0
        ],
        [
          1527.0,
          273.0
        ],
        [
          1527.0,
          272.0
        ],
        [
          1526.0,
          271.0
        ],
        [
          1525.0,
          268.0
        ],
        [
          1523.0,
          266.0
        ],
        [
          1523.0,
          265.0
        ],
        [
          1506.0,
          248.0
        ],
        [
          1505.0,
          248.0
        ],
        [
          1503.0,
          246.0
        ],
        [
          1502.0,
          246.0
        ],
        [
          1497.0,
          241.0
        ],
        [
          1496.0,
          241.0
        ],
        [
          1494.0,
          239.0
        ],
        [
          1493.0,
          239.0
        ],
        [
          1489.0,
          235.0
        ],
        [
          1488.0,
          235.0
        ],
        [
          1486.0,
          233.0
        ],
        [
          1483.0,
          232.0
        ],
        [
          1481.0,
          230.0
        ],
        [
          1478.0,
          229.0
        ],
        [
          1476.0,
          227.0
        ],
        [
          1475.0,
          227.0
        ],
        [
          1474.0,
          226.0
        ],
        [
          1472.0,
          226.0
        ],
        [
          1470.0,
          224.0
        ],
        [
          1469.0,
          224.0
        ],
        [
          1468.0,
          223.0
        ],
        [
          1467.0,
          223.0
        ],
        [
          1464.0,
          221.0
        ],
        [
          1458.0,
          221.0
        ]
      ],
      "group_id": null,
      "description": "",
      "difficult": false,
      "shape_type": "polygon",
      "flags": {},
      "attributes": {},
      "kie_linking": []
    },
    {
      "label": "fish",
      "score": null,
      "points": [
        [
          1729.0,
          393.0
        ],
        [
          1726.0,
          390.0
        ],
        [
          1725.0,
          390.0
        ],
        [
          1724.0,
          389.0
        ],
        [
          1722.0,
          389.0
        ],
        [
          1721.0,
          388.0
        ],
        [
          1714.0,
          388.0
        ],
        [
          1713.0,
          387.0
        ],
        [
          1707.0,
          387.0
        ],
        [
          1706.0,
          388.0
        ],
        [
          1700.0,
          388.0
        ],
        [
          1699.0,
          389.0
        ],
        [
          1696.0,
          389.0
        ],
        [
          1695.0,
          390.0
        ],
        [
          1692.0,
          390.0
        ],
        [
          1691.0,
          391.0
        ],
        [
          1688.0,
          391.0
        ],
        [
          1687.0,
          392.0
        ],
        [
          1685.0,
          392.0
        ],
        [
          1684.0,
          393.0
        ],
        [
          1682.0,
          393.0
        ],
        [
          1681.0,
          394.0
        ],
        [
          1678.0,
          394.0
        ],
        [
          1677.0,
          395.0
        ],
        [
          1675.0,
          395.0
        ],
        [
          1674.0,
          396.0
        ],
        [
          1673.0,
          396.0
        ],
        [
          1672.0,
          397.0
        ],
        [
          1671.0,
          397.0
        ],
        [
          1670.0,
          398.0
        ],
        [
          1669.0,
          398.0
        ],
        [
          1668.0,
          399.0
        ],
        [
          1667.0,
          399.0
        ],
        [
          1666.0,
          400.0
        ],
        [
          1665.0,
          400.0
        ],
        [
          1664.0,
          401.0
        ],
        [
          1663.0,
          401.0
        ],
        [
          1662.0,
          402.0
        ],
        [
          1661.0,
          402.0
        ],
        [
          1660.0,
          403.0
        ],
        [
          1659.0,
          403.0
        ],
        [
          1658.0,
          404.0
        ],
        [
          1657.0,
          404.0
        ],
        [
          1656.0,
          405.0
        ],
        [
          1655.0,
          405.0
        ],
        [
          1654.0,
          406.0
        ],
        [
          1653.0,
          406.0
        ],
        [
          1652.0,
          407.0
        ],
        [
          1651.0,
          407.0
        ],
        [
          1650.0,
          408.0
        ],
        [
          1649.0,
          408.0
        ],
        [
          1646.0,
          410.0
        ],
        [
          1644.0,
          410.0
        ],
        [
          1643.0,
          411.0
        ],
        [
          1642.0,
          411.0
        ],
        [
          1639.0,
          413.0
        ],
        [
          1637.0,
          413.0
        ],
        [
          1636.0,
          414.0
        ],
        [
          1635.0,
          414.0
        ],
        [
          1633.0,
          416.0
        ],
        [
          1632.0,
          416.0
        ],
        [
          1630.0,
          418.0
        ],
        [
          1629.0,
          418.0
        ],
        [
          1626.0,
          420.0
        ],
        [
          1624.0,
          420.0
        ],
        [
          1623.0,
          421.0
        ],
        [
          1621.0,
          421.0
        ],
        [
          1620.0,
          422.0
        ],
        [
          1619.0,
          422.0
        ],
        [
          1617.0,
          424.0
        ],
        [
          1616.0,
          424.0
        ],
        [
          1614.0,
          426.0
        ],
        [
          1613.0,
          426.0
        ],
        [
          1610.0,
          428.0
        ],
        [
          1608.0,
          428.0
        ],
        [
          1607.0,
          429.0
        ],
        [
          1606.0,
          429.0
        ],
        [
          1604.0,
          431.0
        ],
        [
          1604.0,
          432.0
        ],
        [
          1605.0,
          433.0
        ],
        [
          1605.0,
          434.0
        ],
        [
          1607.0,
          436.0
        ],
        [
          1608.0,
          436.0
        ],
        [
          1609.0,
          437.0
        ],
        [
          1613.0,
          437.0
        ],
        [
          1614.0,
          438.0
        ],
        [
          1615.0,
          438.0
        ],
        [
          1616.0,
          437.0
        ],
        [
          1617.0,
          437.0
        ],
        [
          1622.0,
          432.0
        ],
        [
          1622.0,
          431.0
        ],
        [
          1626.0,
          427.0
        ],
        [
          1627.0,
          427.0
        ],
        [
          1628.0,
          426.0
        ],
        [
          1630.0,
          426.0
        ],
        [
          1631.0,
          425.0
        ],
        [
          1633.0,
          425.0
        ],
        [
          1634.0,
          424.0
        ],
        [
          1636.0,
          424.0
        ],
        [
          1637.0,
          423.0
        ],
        [
          1640.0,
          423.0
        ],
        [
          1641.0,
          422.0
        ],
        [
          1645.0,
          422.0
        ],
        [
          1646.0,
          421.0
        ],
        [
          1655.0,
          421.0
        ],
        [
          1656.0,
          422.0
        ],
        [
          1658.0,
          422.0
        ],
        [
          1659.0,
          423.0
        ],
        [
          1660.0,
          423.0
        ],
        [
          1661.0,
          424.0
        ],
        [
          1662.0,
          424.0
        ],
        [
          1663.0,
          423.0
        ],
        [
          1666.0,
          423.0
        ],
        [
          1667.0,
          422.0
        ],
        [
          1668.0,
          422.0
        ],
        [
          1671.0,
          420.0
        ],
        [
          1674.0,
          420.0
        ],
        [
          1675.0,
          419.0
        ],
        [
          1678.0,
          419.0
        ],
        [
          1679.0,
          420.0
        ],
        [
          1683.0,
          420.0
        ],
        [
          1684.0,
          419.0
        ],
        [
          1686.0,
          419.0
        ],
        [
          1687.0,
          418.0
        ],
        [
          1689.0,
          418.0
        ],
        [
          1690.0,
          417.0
        ],
        [
          1694.0,
          417.0
        ],
        [
          1695.0,
          416.0
        ],
        [
          1698.0,
          416.0
        ],
        [
          1699.0,
          415.0
        ],
        [
          1705.0,
          415.0
        ],
        [
          1706.0,
          414.0
        ],
        [
          1708.0,
          414.0
        ],
        [
          1709.0,
          413.0
        ],
        [
          1711.0,
          413.0
        ],
        [
          1712.0,
          412.0
        ],
        [
          1714.0,
          412.0
        ],
        [
          1715.0,
          411.0
        ],
        [
          1717.0,
          411.0
        ],
        [
          1718.0,
          410.0
        ],
        [
          1720.0,
          410.0
        ],
        [
          1721.0,
          409.0
        ],
        [
          1723.0,
          409.0
        ],
        [
          1728.0,
          404.0
        ],
        [
          1728.0,
          403.0
        ],
        [
          1729.0,
          402.0
        ]
      ],
      "group_id": null,
      "description": "",
      "difficult": false,
      "shape_type": "polygon",
      "flags": {},
      "attributes": {},
      "kie_linking": []
    },
    {
      "label": "fish",
      "score": null,
      "points": [
        [
          1649.0,
          789.0
        ],
        [
          1648.0,
          790.0
        ],
        [
          1646.0,
          790.0
        ],
        [
          1646.0,
          792.0
        ],
        [
          1645.0,
          793.0
        ],
        [
          1645.0,
          817.0
        ],
        [
          1644.0,
          818.0
        ],
        [
          1644.0,
          835.0
        ],
        [
          1645.0,
          836.0
        ],
        [
          1645.0,
          847.0
        ],
        [
          1646.0,
          848.0
        ],
        [
          1646.0,
          854.0
        ],
        [
          1647.0,
          855.0
        ],
        [
          1647.0,
          860.0
        ],
        [
          1648.0,
          861.0
        ],
        [
          1648.0,
          866.0
        ],
        [
          1649.0,
          867.0
        ],
        [
          1649.0,
          871.0
        ],
        [
          1650.0,
          872.0
        ],
        [
          1650.0,
          886.0
        ],
        [
          1651.0,
          887.0
        ],
        [
          1651.0,
          889.0
        ],
        [
          1652.0,
          890.0
        ],
        [
          1652.0,
          891.0
        ],
        [
          1658.0,
          897.0
        ],
        [
          1659.0,
          897.0
        ],
        [
          1666.0,
          904.0
        ],
        [
          1669.0,
          904.0
        ],
        [
          1672.0,
          901.0
        ],
        [
          1672.0,
          899.0
        ],
        [
          1673.0,
          898.0
        ],
        [
          1673.0,
          895.0
        ],
        [
          1674.0,
          894.0
        ],
        [
          1674.0,
          886.0
        ],
        [
          1675.0,
          885.0
        ],
        [
          1675.0,
          875.0
        ],
        [
          1676.0,
          874.0
        ],
        [
          1676.0,
          871.0
        ],
        [
          1675.0,
          870.0
        ],
        [
          1675.0,
          859.0
        ],
        [
          1674.0,
          858.0
        ],
        [
          1674.0,
          854.0
        ],
        [
          1673.0,
          853.0
        ],
        [
          1673.0,
          849.0
        ],
        [
          1672.0,
          848.0
        ],
        [
          1672.0,
          844.0
        ],
        [
          1671.0,
          843.0
        ],
        [
          1671.0,
          842.0
        ],
        [
          1670.0,
          841.0
        ],
        [
          1670.0,
          840.0
        ],
        [
          1669.0,
          839.0
        ],
        [
          1669.0,
          837.0
        ],
        [
          1668.0,
          836.0
        ],
        [
          1668.0,
          835.0
        ],
        [
          1667.0,
          834.0
        ],
        [
          1667.0,
          832.0
        ],
        [
          1666.0,
          831.0
        ],
        [
          1666.0,
          829.0
        ],
        [
          1665.0,
          828.0
        ],
        [
          1665.0,
          824.0
        ],
        [
          1664.0,
          823.0
        ],
        [
          1664.0,
          820.0
        ],
        [
          1663.0,
          819.0
        ],
        [
          1663.0,
          817.0
        ],
        [
          1662.0,
          816.0
        ],
        [
          1662.0,
          815.0
        ],
        [
          1661.0,
          814.0
        ],
        [
          1661.0,
          812.0
        ],
        [
          1660.0,
          811.0
        ],
        [
          1660.0,
          809.0
        ],
        [
          1659.0,
          808.0
        ],
        [
          1659.0,
          807.0
        ],
        [
          1658.0,
          806.0
        ],
        [
          1658.0,
          801.0
        ],
        [
          1657.0,
          800.0
        ],
        [
          1657.0,
          794.0
        ],
        [
          1656.0,
          793.0
        ],
        [
          1656.0,
          791.0
        ],
        [
          1654.0,
          789.0
        ]
      ],
      "group_id": null,
      "description": "",
      "difficult": false,
      "shape_type": "polygon",
      "flags": {},
      "attributes": {},
      "kie_linking": []
    }
  ],
  "imagePath": "frame_000053.jpg",
  "imageData": null,
  "imageHeight": 1080,
  "imageWidth": 1920
}