{
  "version": "3.1.1",
  "flags": {},
  "shapes": [
    {
      "label": "fish",
      "score": null,
      "points": [
        [
          1629.0,
          116.0
        ],
        [
          1628.0,
          116.0
        ],
        [
          1625.0,
          114.0
        ],
        [
          1621.0,
          114.0
        ],
        [
          1620.0,
          115.0
        ],
        [
          1618.0,
          115.0
        ],
        [
          1617.0,
          116.0
        ],
        [
          1616.0,
          116.0
        ],
        [
          1615.0,
          117.0
        ],
        [
          1614.0,
          117.0
        ],
        [
          1611.0,
          119.0
        ],
        [
          1609.0,
          119.0
        ],
        [
          1608.0,
          120.0
        ],
        [
          1607.0,
          120.0
        ],
        [
          1605.0,
          122.0
        ],
        [
          1604.0,
          122.0
        ],
        [
          1582.0,
          144.0
        ],
        [
          1582.0,
          145.0
        ],
        [
          1580.0,
          147.0
        ],
        [
          1580.0,
          148.0
        ],
        [
          1576.0,
          152.0
        ],
        [
          1576.0,
          153.0
        ],
        [
          1574.0,
          155.0
        ],
        [
          1574.0,
          156.0
        ],
        [
          1569.0,
          161.0
        ],
        [
          1569.0,
          162.0
        ],
        [
          1568.0,
          163.0
        ],
        [
          1568.0,
          164.0
        ],
        [
          1565.0,
          167.0
        ],
        [
          1565.0,
          168.0
        ],
        [
          1559.0,
          174.0
        ],
        [
          1559.0,
          175.0
        ],
        [
          1552.0,
          182.0
        ],
        [
          1552.0,
          183.0
        ],
        [
          1547.0,
          188.0
        ],
        [
          1546.0,
          188.0
        ],
        [
          1545.0,
          189.0
        ],
        [
          1545.0,
          190.0
        ],
        [
          1544.0,
          191.0
        ],
        [
          1544.0,
          192.0
        ],
        [
          1541.0,
          195.0
        ],
        [
          1540.0,
          195.0
        ],
        [
          1539.0,
          196.0
        ],
        [
          1538.0,
          196.0
        ],
        [
          1535.0,
          199.0
        ],
        [
          1538.0,
          199.0
        ],
        [
          1539.0,
          200.0
        ],
        [
          1540.0,
          199.0
        ],
        [
          1543.0,
          199.0
        ],
        [
          1545.0,
          197.0
        ],
        [
          1546.0,
          197.0
        ],
        [
          1547.0,
          196.0
        ],
        [
          1548.0,
          196.0
        ],
        [
          1549.0,
          195.0
        ],
        [
          1550.0,
          195.0
        ],
        [
          1553.0,
          193.0
        ],
        [
          1555.0,
          193.0
        ],
        [
          1556.0,
          192.0
        ],
        [
          1557.0,
          192.0
        ],
        [
          1559.0,
          190.0
        ],
        [
          1560.0,
          190.0
        ],
        [
          1561.0,
          189.0
        ],
        [
          1562.0,
          189.0
        ],
        [
          1564.0,
          187.0
        ],
        [
          1565.0,
          187.0
        ],
        [
          1566.0,
          186.0
        ],
        [
          1567.0,
          186.0
        ],
        [
          1569.0,
          184.0
        ],
        [
          1570.0,
          184.0
        ],
        [
          1572.0,
          182.0
        ],
        [
          1573.0,
          182.0
        ],
        [
          1575.0,
          180.0
        ],
        [
          1576.0,
          180.0
        ],
        [
          1577.0,
          179.0
        ],
        [
          1578.0,
          179.0
        ],
        [
          1579.0,
          178.0
        ],
        [
          1580.0,
          178.0
        ],
        [
          1581.0,
          177.0
        ],
        [
          1582.0,
          177.0
        ],
        [
          1583.0,
          176.0
        ],
        [
          1584.0,
          176.0
        ],
        [
          1585.0,
          175.0
        ],
        [
          1586.0,
          175.0
        ],
        [
          1588.0,
          173.0
        ],
        [
          1589.0,
          173.0
        ],
        [
          1590.0,
          172.0
        ],
        [
          1592.0,
          172.0
        ],
        [
          1593.0,
          171.0
        ],
        [
          1594.0,
          171.0
        ],
        [
          1596.0,
          169.0
        ],
        [
          1597.0,
          169.0
        ],
        [
          1599.0,
          167.0
        ],
        [
          1600.0,
          167.0
        ],
        [
          1604.0,
          163.0
        ],
        [
          1605.0,
          163.0
        ],
        [
          1611.0,
          157.0
        ],
        [
          1611.0,
          156.0
        ],
        [
          1616.0,
          151.0
        ],
        [
          1616.0,
          150.0
        ],
        [
          1618.0,
          148.0
        ],
        [
          1618.0,
          147.0
        ],
        [
          1619.0,
          146.0
        ],
        [
          1619.0,
          145.0
        ],
        [
          1620.0,
          144.0
        ],
        [
          1620.0,
          143.0
        ],
        [
          1622.0,
          141.0
        ],
        [
          1622.0,
          140.0
        ],
        [
          1624.0,
          138.0
        ],
        [
          1624.0,
          137.0
        ],
        [
          1625.0,
          136.0
        ],
        [
          1625.0,
          135.0
        ],
        [
          1626.0,
          134.0
        ],
        [
          1626.0,
          133.0
        ],
        [
          1627.0,
          132.0
        ],
        [
          1627.0,
          131.0
        ],
        [
          1629.0,
          128.0
        ],
        [
          1629.0,
          126.0
        ],
        [
          1630.0,
          125.0
        ],
        [
          1630.0,
          119.0
        ],
        [
          1629.0,
          118.0
        ]
      ],
      "group_id": null,
      "description": "",
      "difficult": false,
      "shape_type": "polygon",
      "flags": {},
      "attributes": {},
      "kie_linking": []
    },
    {
      "label": "fish",
      "score": null,
      "points": [
        [
          1659.0,
          113.0
        ],
        [
          1658.0,
          114.0
        ],
        [
          1657.0,
          114.0
        ],
        [
          1655.0,
          116.0
        ],
        [
          1655.0,
          117.0
        ],
        [
          1654.0,
          118.0
        ],
        [
          1653.0,
          121.0
        ],
        [
          1651.0,
          123.0
        ],
        [
          1650.0,
          126.0
        ],
        [
          1648.0,
          128.0
        ],
        [
          1648.0,
          130.0
        ],
        [
          1647.0,
          131.0
        ],
        [
          1647.0,
          132.0
        ],
        [
          1648.0,
          133.0
        ],
        [
          1648.0,
          138.0
        ],
        [
          1650.0,
          141.0
        ],
        [
          1650.0,
          144.0
        ],
        [
          1651.0,
          145.0
        ],
        [
          1651.0,
          151.0
        ],
        [
          1652.0,
          152.0
        ],
        [
          1652.0,
          158.0
        ],
        [
          1653.0,
          159.0
        ],
        [
          1653.0,
          161.0
        ],
        [
          1654.0,
          162.0
        ],
        [
          1654.0,
          163.0
        ],
        [
          1656.0,
          166.0
        ],
        [
          1656.0,
          170.0
        ],
        [
          1657.0,
          171.0
        ],
        [
          1657.0,
          186.0
        ],
        [
          1656.0,
          187.0
        ],
        [
          1656.0,
          195.0
        ],
        [
          1657.0,
          196.0
        ],
        [
          1657.0,
          200.0
        ],
        [
          1656.0,
          201.0
        ],
        [
          1656.0,
          209.0
        ],
        [
          1655.0,
          210.0
        ],
        [
          1655.0,
          226.0
        ],
        [
          1656.0,
          227.0
        ],
        [
          1656.0,
          237.0
        ],
        [
          1655.0,
          238.0
        ],
        [
          1655.0,
          241.0
        ],
        [
          1654.0,
          242.0
        ],
        [
          1654.0,
          246.0
        ],
        [
          1653.0,
          247.0
        ],
        [
          1653.0,
          251.0
        ],
        [
          1655.0,
          253.0
        ],
        [
          1658.0,
          253.0
        ],
        [
          1659.0,
          254.0
        ],
        [
          1662.0,
          254.0
        ],
        [
          1663.0,
          253.0
        ],
        [
          1665.0,
          253.0
        ],
        [
          1666.0,
          252.0
        ],
        [
          1666.0,
          244.0
        ],
        [
          1665.0,
          243.0
        ],
        [
          1665.0,
          239.0
        ],
        [
          1664.0,
          238.0
        ],
        [
          1664.0,
          231.0
        ],
        [
          1665.0,
          230.0
        ],
        [
          1665.0,
          227.0
        ],
        [
          1667.0,
          225.0
        ],
        [
          1667.0,
          223.0
        ],
        [
          1668.0,
          222.0
        ],
        [
          1668.0,
          220.0
        ],
        [
          1669.0,
          219.0
        ],
        [
          1669.0,
          216.0
        ],
        [
          1670.0,
          215.0
        ],
        [
          1670.0,
          210.0
        ],
        [
          1671.0,
          209.0
        ],
        [
          1671.0,
          205.0
        ],
        [
          1672.0,
          204.0
        ],
        [
          1672.0,
          201.0
        ],
        [
          1673.0,
          200.0
        ],
        [
          1673.0,
          199.0
        ],
        [
          1674.0,
          198.0
        ],
        [
          1674.0,
          196.0
        ],
        [
          1675.0,
          195.0
        ],
        [
          1675.0,
          194.0
        ],
        [
          1677.0,
          191.0
        ],
        [
          1677.0,
          188.0
        ],
        [
          1678.0,
          187.0
        ],
        [
          1678.0,
          185.0
        ],
        [
          1679.0,
          184.0
        ],
        [
          1679.0,
          181.0
        ],
        [
          1680.0,
          180.0
        ],
        [
          1680.0,
          162.0
        ],
        [
          1679.0,
          161.0
        ],
        [
          1679.0,
          156.0
        ],
        [
          1680.0,
          155.0
        ],
        [
          1680.0,
          153.0
        ],
        [
          1679.0,
          152.0
        ],
        [
          1679.0,
          148.0
        ],
        [
          1678.0,
          147.0
        ],
        [
          1678.0,
          138.0
        ],
        [
          1677.0,
          137.0
        ],
        [
          1677.0,
          135.0
        ],
        [
          1675.0,
          133.0
        ],
        [
          1675.0,
          132.0
        ],
        [
          1672.0,
          129.0
        ],
        [
          1672.0,
          128.0
        ],
        [
          1671.0,
          127.0
        ],
        [
          1671.0,
          126.0
        ],
        [
          1669.0,
          123.0
        ],
        [
          1669.0,
          121.0
        ],
        [
          1668.0,
          120.0
        ],
        [
          1668.0,
          119.0
        ],
        [
          1666.0,
          117.0
        ],
        [
          1666.0,
          116.0
        ],
        [
          1665.0,
          115.0
        ],
        [
          1664.0,
          115.0
        ],
        [
          1661.0,
          113.0
        ]
      ],
      "group_id": null,
      "description": "",
      "difficult": false,
      "shape_type": "polygon",
      "flags": {},
      "attributes": {},
      "kie_linking": []
    },
    {
      "label": "fish",
      "score": null,
      "points": [
        [
          1572.0,
          477.0
        ],
        [
          1568.0,
          477.0
        ],
        [
          1567.0,
          478.0
        ],
        [
          1565.0,
          478.0
        ],
        [
          1564.0,
          479.0
        ],
        [
          1563.0,
          479.0
        ],
        [
          1560.0,
          482.0
        ],
        [
          1559.0,
          482.0
        ],
        [
          1557.0,
          484.0
        ],
        [
          1556.0,
          484.0
        ],
        [
          1554.0,
          486.0
        ],
        [
          1553.0,
          486.0
        ],
        [
          1553.0,
          487.0
        ],
        [
          1550.0,
          491.0
        ],
        [
          1550.0,
          493.0
        ],
        [
          1549.0,
          494.0
        ],
        [
          1549.0,
          496.0
        ],
        [
          1548.0,
          497.0
        ],
        [
          1547.0,
          502.0
        ],
        [
          1545.0,
          505.0
        ],
        [
          1545.0,
          511.0
        ],
        [
          1544.0,
          512.0
        ],
        [
          1544.0,
          515.0
        ],
        [
          1541.0,
          519.0
        ],
        [
          1538.0,
          519.0
        ],
        [
          1537.0,
          518.0
        ],
        [
          1531.0,
          518.0
        ],
        [
          1530.0,
          517.0
        ],
        [
          1525.0,
          516.0
        ],
        [
          1525.0,
          520.0
        ],
        [
          1526.0,
          521.0
        ],
        [
          1529.0,
          522.0
        ],
        [
          1536.0,
          528.0
        ],
        [
          1536.0,
          529.0
        ],
        [
          1538.0,
          532.0
        ],
        [
          1538.0,
          537.0
        ],
        [
          1536.0,
          540.0
        ],
        [
          1536.0,
          542.0
        ],
        [
          1535.0,
          543.0
        ],
        [
          1533.0,
          548.0
        ],
        [
          1524.0,
          556.0
        ],
        [
          1524.0,
          557.0
        ],
        [
          1523.0,
          558.0
        ],
        [
          1523.0,
          560.0
        ],
        [
          1522.0,
          561.0
        ],
        [
          1522.0,
          563.0
        ],
        [
          1521.0,
          564.0
        ],
        [
          1521.0,
          566.0
        ],
        [
          1520.0,
          567.0
        ],
        [
          1520.0,
          568.0
        ],
        [
          1519.0,
          569.0
        ],
        [
          1519.0,
          571.0
        ],
        [
          1517.0,
          574.0
        ],
        [
          1517.0,
          576.0
        ],
        [
          1516.0,
          577.0
        ],
        [
          1516.0,
          580.0
        ],
        [
          1515.0,
          581.0
        ],
        [
          1515.0,
          591.0
        ],
        [
          1514.0,
          592.0
        ],
        [
          1514.0,
          609.0
        ],
        [
          1515.0,
          610.0
        ],
        [
          1515.0,
          612.0
        ],
        [
          1516.0,
          613.0
        ],
        [
          1516.0,
          614.0
        ],
        [
          1521.0,
          619.0
        ],
        [
          1521.0,
          621.0
        ],
        [
          1522.0,
          622.0
        ],
        [
          1522.0,
          626.0
        ],
        [
          1523.0,
          627.0
        ],
        [
          1523.0,
          630.0
        ],
        [
          1524.0,
          631.0
        ],
        [
          1524.0,
          632.0
        ],
        [
          1525.0,
          632.0
        ],
        [
          1526.0,
          631.0
        ],
        [
          1526.0,
          628.0
        ],
        [
          1527.0,
          627.0
        ],
        [
          1527.0,
          623.0
        ],
        [
          1526.0,
          622.0
        ],
        [
          1526.0,
          616.0
        ],
        [
          1525.0,
          615.0
        ],
        [
          1525.0,
          614.0
        ],
        [
          1524.0,
          613.0
        ],
        [
          1524.0,
          611.0
        ],
        [
          1523.0,
          610.0
        ],
        [
          1523.0,
          602.0
        ],
        [
          1524.0,
          601.0
        ],
        [
          1524.0,
          599.0
        ],
        [
          1525.0,
          598.0
        ],
        [
          1528.0,
          591.0
        ],
        [
          1535.0,
          582.0
        ],
        [
          1535.0,
          581.0
        ],
        [
          1536.0,
          580.0
        ],
        [
          1536.0,
          578.0
        ],
        [
          1537.0,
          577.0
        ],
        [
          1538.0,
          574.0
        ],
        [
          1540.0,
          572.0
        ],
        [
          1540.0,
          571.0
        ],
        [
          1541.0,
          570.0
        ],
        [
          1542.0,
          570.0
        ],
        [
          1549.0,
          563.0
        ],
        [
          1549.0,
          562.0
        ],
        [
          1552.0,
          559.0
        ],
        [
          1552.0,
          558.0
        ],
        [
          1559.0,
          551.0
        ],
        [
          1559.0,
          550.0
        ],
        [
          1561.0,
          548.0
        ],
        [
          1561.0,
          547.0
        ],
        [
          1567.0,
          541.0
        ],
        [
          1567.0,
          540.0
        ],
        [
          1570.0,
          535.0
        ],
        [
          1570.0,
          530.0
        ],
        [
          1571.0,
          529.0
        ],
        [
          1571.0,
          526.0
        ],
        [
          1572.0,
          525.0
        ],
        [
          1572.0,
          522.0
        ],
        [
          1573.0,
          521.0
        ],
        [
          1573.0,
          519.0
        ],
        [
          1576.0,
          514.0
        ],
        [
          1576.0,
          511.0
        ],
        [
          1577.0,
          510.0
        ],
        [
          1577.0,
          505.0
        ],
        [
          1578.0,
          504.0
        ],
        [
          1578.0,
          483.0
        ],
        [
          1577.0,
          482.0
        ],
        [
          1577.0,
          481.0
        ]
      ],
      "group_id": null,
      "description": "",
      "difficult": false,
      "shape_type": "polygon",
      "flags": {},
      "attributes": {},
      "kie_linking": []
    },
    {
      "label": "fish",
      "score": null,
      "points": [
        [
          1633.0,
          685.0
        ],
        [
          1633.0,
          686.0
        ],
        [
          1635.0,
          686.0
        ],
        [
          1636.0,
          687.0
        ],
        [
          1637.0,
          687.0
        ],
        [
          1638.0,
          688.0
        ],
        [
          1639.0,
          688.0
        ],
        [
          1641.0,
          690.0
        ],
        [
          1641.0,
          692.0
        ],
        [
          1645.0,
          696.0
        ],
        [
          1646.0,
          696.0
        ],
        [
          1649.0,
          699.0
        ],
        [
          1649.0,
          700.0
        ],
        [
          1652.0,
          703.0
        ],
        [
          1653.0,
          703.0
        ],
        [
          1661.0,
          711.0
        ],
        [
          1662.0,
          711.0
        ],
        [
          1666.0,
          715.0
        ],
        [
          1667.0,
          715.0
        ],
        [
          1676.0,
          724.0
        ],
        [
          1677.0,
          724.0
        ],
        [
          1684.0,
          731.0
        ],
        [
          1685.0,
          731.0
        ],
        [
          1687.0,
          733.0
        ],
        [
          1688.0,
          733.0
        ],
        [
          1690.0,
          735.0
        ],
        [
          1691.0,
          735.0
        ],
        [
          1695.0,
          739.0
        ],
        [
          1696.0,
          739.0
        ],
        [
          1698.0,
          741.0
        ],
        [
          1699.0,
          741.0
        ],
        [
          1700.0,
          742.0
        ],
        [
          1702.0,
          742.0
        ],
        [
          1703.0,
          743.0
        ],
        [
          1704.0,
          743.0
        ],
        [
          1705.0,
          744.0
        ],
        [
          1707.0,
          744.0
        ],
        [
          1708.0,
          745.0
        ],
        [
          1710.0,
          745.0
        ],
        [
          1711.0,
          746.0
        ],
        [
          1716.0,
          746.0
        ],
        [
          1717.0,
          747.0
        ],
        [
          1730.0,
          747.0
        ],
        [
          1733.0,
          744.0
        ],
        [
          1733.0,
          738.0
        ],
        [
          1732.0,
          737.0
        ],
        [
          1732.0,
          736.0
        ],
        [
          1731.0,
          735.0
        ],
        [
          1731.0,
          734.0
        ],
        [
          1719.0,
          722.0
        ],
        [
          1718.0,
          722.0
        ],
        [
          1714.0,
          718.0
        ],
        [
          1713.0,
          718.0
        ],
        [
          1712.0,
          717.0
        ],
        [
          1711.0,
          717.0
        ],
        [
          1710.0,
          716.0
        ],
        [
          1707.0,
          716.0
        ],
        [
          1706.0,
          715.0
        ],
        [
          1705.0,
          715.0
        ],
        [
          1704.0,
          714.0
        ],
        [
          1703.0,
          714.0
        ],
        [
          1702.0,
          713.0
        ],
        [
          1701.0,
          713.0
        ],
        [
          1700.0,
          712.0
        ],
        [
          1699.0,
          712.0
        ],
        [
          1698.0,
          711.0
        ],
        [
          1696.0,
          711.0
        ],
        [
          1695.0,
          710.0
        ],
        [
          1693.0,
          710.0
        ],
        [
          1692.0,
          709.0
        ],
        [
          1690.0,
          709.0
        ],
        [
          1689.0,
          708.0
        ],
        [
          1685.0,
          708.0
        ],
        [
          1684.0,
          707.0
        ],
        [
          1682.0,
          707.0
        ],
        [
          1681.0,
          706.0
        ],
        [
          1679.0,
          706.0
        ],
        [
          1678.0,
          705.0
        ],
        [
          1677.0,
          705.0
        ],
        [
          1676.0,
          704.0
        ],
        [
          1675.0,
          704.0
        ],
        [
          1674.0,
          703.0
        ],
        [
          1672.0,
          703.0
        ],
        [
          1671.0,
          702.0
        ],
        [
          1669.0,
          702.0
        ],
        [
          1668.0,
          701.0
        ],
        [
          1667.0,
          701.0
        ],
        [
          1666.0,
          700.0
        ],
        [
          1665.0,
          700.0
        ],
        [
          1664.0,
          699.0
        ],
        [
          1663.0,
          699.0
        ],
        [
          1662.0,
          698.0
        ],
        [
          1659.0,
          698.0
        ],
        [
          1658.0,
          697.0
        ],
        [
          1657.0,
          697.0
        ],
        [
          1656.0,
          696.0
        ],
        [
          1655.0,
          696.0
        ],
        [
          1651.0,
          692.0
        ],
        [
          1650.0,
          692.0
        ],
        [
          1644.0,
          686.0
        ],
        [
          1642.0,
          686.0
        ],
        [
          1641.0,
          685.0
        ],
        [
          1640.0,
          685.0
        ],
        [
          1639.0,
          684.0
        ],
        [
          1636.0,
          684.0
        ],
        [
          1635.0,
          685.0
        ]
      ],
      "group_id": null,
      "description": "",
      "difficult": false,
      "shape_type": "polygon",
      "flags": {},
      "attributes": {},
      "kie_linking": []
    }
  ],
  "imagePath": "frame_000050.jpg",
  "imageData": null,
  "imageHeight": 1080,
  "imageWidth": 1920
}