{
  "version": "3.1.1",
  "flags": {},
  "shapes": [
    {
      "label": "fish",
      "score": null,
      "points": [
        [
          1147.0,
          723.0
        ],
        [
          1143.0,
          723.0
        ],
        [
          1140.0,
          726.0
        ],
        [
          1139.0,
          726.0
        ],
        [
          1138.0,
          727.0
        ],
        [
          1135.0,
          727.0
        ],
        [
          1134.0,
          728.0
        ],
        [
          1131.0,
          728.0
        ],
        [
          1130.0,
          729.0
        ],
        [
          1129.0,
          729.0
        ],
        [
          1126.0,
          731.0
        ],
        [
          1124.0,
          731.0
        ],
        [
          1121.0,
          733.0
        ],
        [
          1119.0,
          733.0
        ],
        [
          1118.0,
          734.0
        ],
        [
          1117.0,
          734.0
        ],
        [
          1115.0,
          736.0
        ],
        [
          1114.0,
          736.0
        ],
        [
          1109.0,
          741.0
        ],
        [
          1108.0,
          741.0
        ],
        [
          1106.0,
          743.0
        ],
        [
          1104.0,
          743.0
        ],
        [
          1102.0,
          745.0
        ],
        [
          1101.0,
          745.0
        ],
        [
          1099.0,
          747.0
        ],
        [
          1098.0,
          747.0
        ],
        [
          1097.0,
          748.0
        ],
        [
          1096.0,
          748.0
        ],
        [
          1093.0,
          750.0
        ],
        [
          1091.0,
          750.0
        ],
        [
          1090.0,
          751.0
        ],
        [
          1088.0,
          751.0
        ],
        [
          1087.0,
          752.0
        ],
        [
          1085.0,
          752.0
        ],
        [
          1084.0,
          753.0
        ],
        [
          1083.0,
          753.0
        ],
        [
          1082.0,
          754.0
        ],
        [
          1081.0,
          754.0
        ],
        [
          1080.0,
          755.0
        ],
        [
          1079.0,
          755.0
        ],
        [
          1076.0,
          757.0
        ],
        [
          1074.0,
          757.0
        ],
        [
          1073.0,
          758.0
        ],
        [
          1071.0,
          758.0
        ],
        [
          1070.0,
          759.0
        ],
        [
          1069.0,
          759.0
        ],
        [
          1065.0,
          763.0
        ],
        [
          1064.0,
          763.0
        ],
        [
          1063.0,
          764.0
        ],
        [
          1062.0,
          764.0
        ],
        [
          1061.0,
          765.0
        ],
        [
          1060.0,
          765.0
        ],
        [
          1058.0,
          767.0
        ],
        [
          1057.0,
          767.0
        ],
        [
          1054.0,
          770.0
        ],
        [
          1053.0,
          770.0
        ],
        [
          1052.0,
          771.0
        ],
        [
          1051.0,
          771.0
        ],
        [
          1049.0,
          773.0
        ],
        [
          1047.0,
          773.0
        ],
        [
          1046.0,
          774.0
        ],
        [
          1045.0,
          774.0
        ],
        [
          1042.0,
          777.0
        ],
        [
          1042.0,
          778.0
        ],
        [
          1041.0,
          779.0
        ],
        [
          1041.0,
          780.0
        ],
        [
          1039.0,
          782.0
        ],
        [
          1039.0,
          783.0
        ],
        [
          1037.0,
          785.0
        ],
        [
          1037.0,
          786.0
        ],
        [
          1035.0,
          788.0
        ],
        [
          1035.0,
          789.0
        ],
        [
          1033.0,
          792.0
        ],
        [
          1033.0,
          796.0
        ],
        [
          1032.0,
          797.0
        ],
        [
          1033.0,
          798.0
        ],
        [
          1033.0,
          799.0
        ],
        [
          1035.0,
          801.0
        ],
        [
          1036.0,
          801.0
        ],
        [
          1037.0,
          802.0
        ],
        [
          1043.0,
          802.0
        ],
        [
          1044.0,
          803.0
        ],
        [
          1045.0,
          802.0
        ],
        [
          1049.0,
          802.0
        ],
        [
          1050.0,
          801.0
        ],
        [
          1052.0,
          801.0
        ],
        [
          1053.0,
          800.0
        ],
        [
          1055.0,
          800.0
        ],
        [
          1058.0,
          798.0
        ],
        [
          1060.0,
          798.0
        ],
        [
          1061.0,
          797.0
        ],
        [
          1063.0,
          797.0
        ],
        [
          1064.0,
          796.0
        ],
        [
          1066.0,
          796.0
        ],
        [
          1067.0,
          795.0
        ],
        [
          1068.0,
          795.0
        ],
        [
          1069.0,
          794.0
        ],
        [
          1070.0,
          794.0
        ],
        [
          1071.0,
          793.0
        ],
        [
          1072.0,
          793.0
        ],
        [
          1073.0,
          792.0
        ],
        [
          1074.0,
          792.0
        ],
        [
          1075.0,
          791.0
        ],
        [
          1076.0,
          791.0
        ],
        [
          1078.0,
          789.0
        ],
        [
          1079.0,
          789.0
        ],
        [
          1081.0,
          787.0
        ],
        [
          1083.0,
          787.0
        ],
        [
          1085.0,
          785.0
        ],
        [
          1086.0,
          785.0
        ],
        [
          1088.0,
          783.0
        ],
        [
          1089.0,
          783.0
        ],
        [
          1091.0,
          781.0
        ],
        [
          1092.0,
          781.0
        ],
        [
          1094.0,
          779.0
        ],
        [
          1095.0,
          779.0
        ],
        [
          1103.0,
          771.0
        ],
        [
          1104.0,
          771.0
        ],
        [
          1108.0,
          767.0
        ],
        [
          1108.0,
          766.0
        ],
        [
          1111.0,
          763.0
        ],
        [
          1111.0,
          762.0
        ],
        [
          1119.0,
          754.0
        ],
        [
          1120.0,
          754.0
        ],
        [
          1123.0,
          751.0
        ],
        [
          1124.0,
          751.0
        ],
        [
          1128.0,
          747.0
        ],
        [
          1128.0,
          746.0
        ],
        [
          1141.0,
          733.0
        ],
        [
          1142.0,
          733.0
        ],
        [
          1144.0,
          731.0
        ],
        [
          1144.0,
          730.0
        ],
        [
          1145.0,
          729.0
        ],
        [
          1145.0,
          726.0
        ],
        [
          1147.0,
          724.0
        ]
      ],
      "group_id": null,
      "description": "",
      "difficult": false,
      "shape_type": "polygon",
      "flags": {},
      "attributes": {},
      "kie_linking": []
    },
    {
      "label": "fish",
      "score": null,
      "points": [
        [
          1736.0,
          579.0
        ],
        [
          1735.0,
          579.0
        ],
        [
          1734.0,
          578.0
        ],
        [
          1731.0,
          578.0
        ],
        [
          1730.0,
          577.0
        ],
        [
          1727.0,
          577.0
        ],
        [
          1726.0,
          578.0
        ],
        [
          1725.0,
          578.0
        ],
        [
          1724.0,
          579.0
        ],
        [
          1723.0,
          579.0
        ],
        [
          1720.0,
          581.0
        ],
        [
          1718.0,
          581.0
        ],
        [
          1716.0,
          583.0
        ],
        [
          1715.0,
          583.0
        ],
        [
          1711.0,
          587.0
        ],
        [
          1711.0,
          588.0
        ],
        [
          1710.0,
          589.0
        ],
        [
          1710.0,
          590.0
        ],
        [
          1709.0,
          591.0
        ],
        [
          1709.0,
          592.0
        ],
        [
          1706.0,
          595.0
        ],
        [
          1706.0,
          596.0
        ],
        [
          1705.0,
          597.0
        ],
        [
          1705.0,
          598.0
        ],
        [
          1704.0,
          599.0
        ],
        [
          1704.0,
          600.0
        ],
        [
          1703.0,
          601.0
        ],
        [
          1703.0,
          602.0
        ],
        [
          1702.0,
          603.0
        ],
        [
          1702.0,
          604.0
        ],
        [
          1701.0,
          605.0
        ],
        [
          1701.0,
          606.0
        ],
        [
          1699.0,
          608.0
        ],
        [
          1699.0,
          609.0
        ],
        [
          1698.0,
          610.0
        ],
        [
          1698.0,
          614.0
        ],
        [
          1699.0,
          615.0
        ],
        [
          1699.0,
          619.0
        ],
        [
          1698.0,
          620.0
        ],
        [
          1698.0,
          622.0
        ],
        [
          1697.0,
          623.0
        ],
        [
          1697.0,
          625.0
        ],
        [
          1696.0,
          626.0
        ],
        [
          1696.0,
          629.0
        ],
        [
          1695.0,
          630.0
        ],
        [
          1695.0,
          633.0
        ],
        [
          1694.0,
          634.0
        ],
        [
          1694.0,
          636.0
        ],
        [
          1693.0,
          637.0
        ],
        [
          1693.0,
          638.0
        ],
        [
          1691.0,
          641.0
        ],
        [
          1691.0,
          643.0
        ],
        [
          1690.0,
          644.0
        ],
        [
          1690.0,
          648.0
        ],
        [
          1689.0,
          649.0
        ],
        [
          1689.0,
          651.0
        ],
        [
          1687.0,
          653.0
        ],
        [
          1687.0,
          654.0
        ],
        [
          1683.0,
          658.0
        ],
        [
          1682.0,
          658.0
        ],
        [
          1680.0,
          660.0
        ],
        [
          1679.0,
          660.0
        ],
        [
          1678.0,
          661.0
        ],
        [
          1677.0,
          661.0
        ],
        [
          1671.0,
          667.0
        ],
        [
          1670.0,
          667.0
        ],
        [
          1669.0,
          668.0
        ],
        [
          1668.0,
          668.0
        ],
        [
          1667.0,
          669.0
        ],
        [
          1666.0,
          669.0
        ],
        [
          1665.0,
          670.0
        ],
        [
          1664.0,
          670.0
        ],
        [
          1663.0,
          671.0
        ],
        [
          1663.0,
          673.0
        ],
        [
          1664.0,
          674.0
        ],
        [
          1664.0,
          675.0
        ],
        [
          1665.0,
          675.0
        ],
        [
          1666.0,
          676.0
        ],
        [
          1679.0,
          676.0
        ],
        [
          1680.0,
          675.0
        ],
        [
          1682.0,
          675.0
        ],
        [
          1683.0,
          674.0
        ],
        [
          1684.0,
          674.0
        ],
        [
          1687.0,
          671.0
        ],
        [
          1687.0,
          670.0
        ],
        [
          1690.0,
          667.0
        ],
        [
          1690.0,
          666.0
        ],
        [
          1692.0,
          664.0
        ],
        [
          1692.0,
          663.0
        ],
        [
          1694.0,
          661.0
        ],
        [
          1694.0,
          660.0
        ],
        [
          1696.0,
          658.0
        ],
        [
          1697.0,
          658.0
        ],
        [
          1699.0,
          656.0
        ],
        [
          1699.0,
          655.0
        ],
        [
          1701.0,
          653.0
        ],
        [
          1701.0,
          652.0
        ],
        [
          1707.0,
          646.0
        ],
        [
          1707.0,
          645.0
        ],
        [
          1709.0,
          643.0
        ],
        [
          1709.0,
          642.0
        ],
        [
          1711.0,
          640.0
        ],
        [
          1711.0,
          639.0
        ],
        [
          1713.0,
          636.0
        ],
        [
          1713.0,
          634.0
        ],
        [
          1714.0,
          633.0
        ],
        [
          1714.0,
          632.0
        ],
        [
          1715.0,
          631.0
        ],
        [
          1715.0,
          630.0
        ],
        [
          1717.0,
          628.0
        ],
        [
          1717.0,
          627.0
        ],
        [
          1720.0,
          624.0
        ],
        [
          1720.0,
          623.0
        ],
        [
          1721.0,
          622.0
        ],
        [
          1721.0,
          621.0
        ],
        [
          1722.0,
          620.0
        ],
        [
          1722.0,
          619.0
        ],
        [
          1723.0,
          618.0
        ],
        [
          1723.0,
          617.0
        ],
        [
          1724.0,
          616.0
        ],
        [
          1724.0,
          615.0
        ],
        [
          1725.0,
          614.0
        ],
        [
          1725.0,
          613.0
        ],
        [
          1726.0,
          612.0
        ],
        [
          1726.0,
          611.0
        ],
        [
          1727.0,
          610.0
        ],
        [
          1727.0,
          609.0
        ],
        [
          1729.0,
          606.0
        ],
        [
          1729.0,
          604.0
        ],
        [
          1730.0,
          603.0
        ],
        [
          1730.0,
          602.0
        ],
        [
          1732.0,
          600.0
        ],
        [
          1732.0,
          599.0
        ],
        [
          1733.0,
          598.0
        ],
        [
          1733.0,
          597.0
        ],
        [
          1734.0,
          596.0
        ],
        [
          1734.0,
          595.0
        ],
        [
          1736.0,
          592.0
        ],
        [
          1736.0,
          590.0
        ],
        [
          1737.0,
          589.0
        ],
        [
          1737.0,
          580.0
        ]
      ],
      "group_id": null,
      "description": "",
      "difficult": false,
      "shape_type": "polygon",
      "flags": {},
      "attributes": {},
      "kie_linking": []
    },
    {
      "label": "fish",
      "score": null,
      "points": [
        [
          1512.0,
          825.0
        ],
        [
          1509.0,
          825.0
        ],
        [
          1507.0,
          827.0
        ],
        [
          1506.0,
          827.0
        ],
        [
          1503.0,
          830.0
        ],
        [
          1489.0,
          830.0
        ],
        [
          1488.0,
          831.0
        ],
        [
          1488.0,
          832.0
        ],
        [
          1487.0,
          833.0
        ],
        [
          1487.0,
          835.0
        ],
        [
          1486.0,
          836.0
        ],
        [
          1486.0,
          839.0
        ],
        [
          1485.0,
          840.0
        ],
        [
          1485.0,
          844.0
        ],
        [
          1484.0,
          845.0
        ],
        [
          1484.0,
          849.0
        ],
        [
          1483.0,
          850.0
        ],
        [
          1483.0,
          873.0
        ],
        [
          1484.0,
          874.0
        ],
        [
          1484.0,
          880.0
        ],
        [
          1485.0,
          881.0
        ],
        [
          1485.0,
          886.0
        ],
        [
          1486.0,
          887.0
        ],
        [
          1486.0,
          897.0
        ],
        [
          1487.0,
          898.0
        ],
        [
          1487.0,
          913.0
        ],
        [
          1486.0,
          914.0
        ],
        [
          1486.0,
          918.0
        ],
        [
          1488.0,
          920.0
        ],
        [
          1489.0,
          920.0
        ],
        [
          1490.0,
          921.0
        ],
        [
          1491.0,
          921.0
        ],
        [
          1492.0,
          922.0
        ],
        [
          1494.0,
          922.0
        ],
        [
          1495.0,
          923.0
        ],
        [
          1496.0,
          923.0
        ],
        [
          1497.0,
          922.0
        ],
        [
          1510.0,
          922.0
        ],
        [
          1511.0,
          921.0
        ],
        [
          1512.0,
          921.0
        ],
        [
          1513.0,
          920.0
        ],
        [
          1514.0,
          920.0
        ],
        [
          1517.0,
          917.0
        ],
        [
          1517.0,
          912.0
        ],
        [
          1518.0,
          911.0
        ],
        [
          1518.0,
          903.0
        ],
        [
          1517.0,
          902.0
        ],
        [
          1517.0,
          896.0
        ],
        [
          1516.0,
          895.0
        ],
        [
          1516.0,
          893.0
        ],
        [
          1515.0,
          892.0
        ],
        [
          1515.0,
          891.0
        ],
        [
          1514.0,
          890.0
        ],
        [
          1514.0,
          888.0
        ],
        [
          1513.0,
          887.0
        ],
        [
          1513.0,
          885.0
        ],
        [
          1512.0,
          884.0
        ],
        [
          1512.0,
          883.0
        ],
        [
          1511.0,
          882.0
        ],
        [
          1511.0,
          881.0
        ],
        [
          1510.0,
          880.0
        ],
        [
          1510.0,
          879.0
        ],
        [
          1508.0,
          877.0
        ],
        [
          1508.0,
          876.0
        ],
        [
          1507.0,
          875.0
        ],
        [
          1507.0,
          874.0
        ],
        [
          1506.0,
          873.0
        ],
        [
          1506.0,
          871.0
        ],
        [
          1505.0,
          870.0
        ],
        [
          1505.0,
          867.0
        ],
        [
          1504.0,
          866.0
        ],
        [
          1504.0,
          858.0
        ],
        [
          1503.0,
          857.0
        ],
        [
          1503.0,
          847.0
        ],
        [
          1504.0,
          846.0
        ],
        [
          1504.0,
          844.0
        ],
        [
          1505.0,
          843.0
        ],
        [
          1505.0,
          842.0
        ],
        [
          1506.0,
          841.0
        ],
        [
          1507.0,
          841.0
        ],
        [
          1508.0,
          840.0
        ],
        [
          1509.0,
          840.0
        ],
        [
          1510.0,
          839.0
        ],
        [
          1511.0,
          839.0
        ],
        [
          1514.0,
          836.0
        ],
        [
          1514.0,
          835.0
        ],
        [
          1515.0,
          834.0
        ],
        [
          1515.0,
          827.0
        ],
        [
          1514.0,
          826.0
        ],
        [
          1513.0,
          826.0
        ]
      ],
      "group_id": null,
      "description": "",
      "difficult": false,
      "shape_type": "polygon",
      "flags": {},
      "attributes": {},
      "kie_linking": []
    },
    {
      "label": "fish",
      "score": null,
      "points": [
        [
          1561.0,
          847.0
        ],
        [
          1558.0,
          850.0
        ],
        [
          1558.0,
          851.0
        ],
        [
          1559.0,
          852.0
        ],
        [
          1559.0,
          856.0
        ],
        [
          1560.0,
          857.0
        ],
        [
          1560.0,
          862.0
        ],
        [
          1561.0,
          863.0
        ],
        [
          1561.0,
          867.0
        ],
        [
          1562.0,
          868.0
        ],
        [
          1562.0,
          870.0
        ],
        [
          1563.0,
          871.0
        ],
        [
          1563.0,
          872.0
        ],
        [
          1564.0,
          873.0
        ],
        [
          1564.0,
          875.0
        ],
        [
          1565.0,
          876.0
        ],
        [
          1565.0,
          877.0
        ],
        [
          1566.0,
          878.0
        ],
        [
          1566.0,
          879.0
        ],
        [
          1567.0,
          880.0
        ],
        [
          1567.0,
          881.0
        ],
        [
          1568.0,
          882.0
        ],
        [
          1568.0,
          883.0
        ],
        [
          1569.0,
          884.0
        ],
        [
          1569.0,
          885.0
        ],
        [
          1570.0,
          886.0
        ],
        [
          1570.0,
          887.0
        ],
        [
          1571.0,
          888.0
        ],
        [
          1571.0,
          889.0
        ],
        [
          1572.0,
          890.0
        ],
        [
          1572.0,
          891.0
        ],
        [
          1573.0,
          892.0
        ],
        [
          1573.0,
          893.0
        ],
        [
          1574.0,
          894.0
        ],
        [
          1574.0,
          895.0
        ],
        [
          1575.0,
          896.0
        ],
        [
          1575.0,
          897.0
        ],
        [
          1576.0,
          898.0
        ],
        [
          1576.0,
          899.0
        ],
        [
          1577.0,
          900.0
        ],
        [
          1577.0,
          901.0
        ],
        [
          1578.0,
          902.0
        ],
        [
          1578.0,
          903.0
        ],
        [
          1580.0,
          905.0
        ],
        [
          1580.0,
          906.0
        ],
        [
          1581.0,
          907.0
        ],
        [
          1581.0,
          908.0
        ],
        [
          1583.0,
          910.0
        ],
        [
          1583.0,
          911.0
        ],
        [
          1585.0,
          913.0
        ],
        [
          1587.0,
          913.0
        ],
        [
          1588.0,
          914.0
        ],
        [
          1598.0,
          914.0
        ],
        [
          1599.0,
          913.0
        ],
        [
          1607.0,
          913.0
        ],
        [
          1608.0,
          912.0
        ],
        [
          1611.0,
          912.0
        ],
        [
          1612.0,
          911.0
        ],
        [
          1613.0,
          911.0
        ],
        [
          1613.0,
          909.0
        ],
        [
          1610.0,
          906.0
        ],
        [
          1610.0,
          905.0
        ],
        [
          1609.0,
          904.0
        ],
        [
          1609.0,
          903.0
        ],
        [
          1605.0,
          899.0
        ],
        [
          1605.0,
          898.0
        ],
        [
          1604.0,
          897.0
        ],
        [
          1604.0,
          896.0
        ],
        [
          1588.0,
          880.0
        ],
        [
          1587.0,
          880.0
        ],
        [
          1586.0,
          879.0
        ],
        [
          1585.0,
          879.0
        ],
        [
          1580.0,
          874.0
        ],
        [
          1580.0,
          872.0
        ],
        [
          1579.0,
          871.0
        ],
        [
          1579.0,
          868.0
        ],
        [
          1578.0,
          867.0
        ],
        [
          1578.0,
          866.0
        ],
        [
          1577.0,
          865.0
        ],
        [
          1577.0,
          864.0
        ],
        [
          1572.0,
          859.0
        ],
        [
          1572.0,
          858.0
        ],
        [
          1565.0,
          851.0
        ],
        [
          1565.0,
          850.0
        ],
        [
          1562.0,
          847.0
        ]
      ],
      "group_id": null,
      "description": "",
      "difficult": false,
      "shape_type": "polygon",
      "flags": {},
      "attributes": {},
      "kie_linking": []
    }
  ],
  "imagePath": "frame_000031.jpg",
  "imageData": null,
  "imageHeight": 1080,
  "imageWidth": 1920
}