{
  "version": "3.1.1",
  "flags": {},
  "shapes": [
    {
      "label": "fish",
      "score": null,
      "points": [
        [
          1510.0,
          515.0
        ],
        [
          1509.0,
          516.0
        ],
        [
          1506.0,
          517.0
        ],
        [
          1504.0,
          520.0
        ],
        [
          1504.0,
          522.0
        ],
        [
          1503.0,
          523.0
        ],
        [
          1503.0,
          525.0
        ],
        [
          1502.0,
          526.0
        ],
        [
          1502.0,
          528.0
        ],
        [
          1501.0,
          529.0
        ],
        [
          1501.0,
          532.0
        ],
        [
          1500.0,
          533.0
        ],
        [
          1500.0,
          537.0
        ],
        [
          1501.0,
          538.0
        ],
        [
          1501.0,
          540.0
        ],
        [
          1502.0,
          541.0
        ],
        [
          1502.0,
          543.0
        ],
        [
          1503.0,
          544.0
        ],
        [
          1503.0,
          546.0
        ],
        [
          1504.0,
          547.0
        ],
        [
          1504.0,
          549.0
        ],
        [
          1505.0,
          550.0
        ],
        [
          1505.0,
          551.0
        ],
        [
          1506.0,
          552.0
        ],
        [
          1506.0,
          553.0
        ],
        [
          1508.0,
          556.0
        ],
        [
          1508.0,
          558.0
        ],
        [
          1509.0,
          559.0
        ],
        [
          1509.0,
          561.0
        ],
        [
          1510.0,
          562.0
        ],
        [
          1510.0,
          564.0
        ],
        [
          1511.0,
          565.0
        ],
        [
          1511.0,
          567.0
        ],
        [
          1512.0,
          568.0
        ],
        [
          1512.0,
          569.0
        ],
        [
          1514.0,
          572.0
        ],
        [
          1514.0,
          574.0
        ],
        [
          1515.0,
          575.0
        ],
        [
          1515.0,
          577.0
        ],
        [
          1516.0,
          578.0
        ],
        [
          1516.0,
          579.0
        ],
        [
          1517.0,
          580.0
        ],
        [
          1518.0,
          583.0
        ],
        [
          1520.0,
          585.0
        ],
        [
          1520.0,
          586.0
        ],
        [
          1521.0,
          587.0
        ],
        [
          1521.0,
          588.0
        ],
        [
          1522.0,
          589.0
        ],
        [
          1522.0,
          590.0
        ],
        [
          1523.0,
          591.0
        ],
        [
          1523.0,
          592.0
        ],
        [
          1524.0,
          593.0
        ],
        [
          1524.0,
          594.0
        ],
        [
          1526.0,
          597.0
        ],
        [
          1526.0,
          600.0
        ],
        [
          1527.0,
          601.0
        ],
        [
          1527.0,
          603.0
        ],
        [
          1528.0,
          604.0
        ],
        [
          1528.0,
          605.0
        ],
        [
          1530.0,
          608.0
        ],
        [
          1530.0,
          610.0
        ],
        [
          1532.0,
          613.0
        ],
        [
          1532.0,
          615.0
        ],
        [
          1533.0,
          616.0
        ],
        [
          1533.0,
          617.0
        ],
        [
          1535.0,
          620.0
        ],
        [
          1535.0,
          622.0
        ],
        [
          1536.0,
          623.0
        ],
        [
          1536.0,
          624.0
        ],
        [
          1538.0,
          627.0
        ],
        [
          1538.0,
          629.0
        ],
        [
          1540.0,
          632.0
        ],
        [
          1540.0,
          634.0
        ],
        [
          1541.0,
          635.0
        ],
        [
          1541.0,
          640.0
        ],
        [
          1542.0,
          641.0
        ],
        [
          1542.0,
          645.0
        ],
        [
          1543.0,
          646.0
        ],
        [
          1544.0,
          649.0
        ],
        [
          1546.0,
          651.0
        ],
        [
          1549.0,
          651.0
        ],
        [
          1551.0,
          648.0
        ],
        [
          1551.0,
          645.0
        ],
        [
          1552.0,
          644.0
        ],
        [
          1552.0,
          630.0
        ],
        [
          1553.0,
          629.0
        ],
        [
          1553.0,
          619.0
        ],
        [
          1552.0,
          618.0
        ],
        [
          1552.0,
          615.0
        ],
        [
          1551.0,
          614.0
        ],
        [
          1551.0,
          610.0
        ],
        [
          1550.0,
          609.0
        ],
        [
          1550.0,
          577.0
        ],
        [
          1549.0,
          576.0
        ],
        [
          1549.0,
          573.0
        ],
        [
          1548.0,
          572.0
        ],
        [
          1548.0,
          570.0
        ],
        [
          1547.0,
          569.0
        ],
        [
          1547.0,
          567.0
        ],
        [
          1546.0,
          566.0
        ],
        [
          1546.0,
          565.0
        ],
        [
          1545.0,
          564.0
        ],
        [
          1545.0,
          563.0
        ],
        [
          1544.0,
          562.0
        ],
        [
          1544.0,
          561.0
        ],
        [
          1543.0,
          560.0
        ],
        [
          1542.0,
          557.0
        ],
        [
          1540.0,
          555.0
        ],
        [
          1540.0,
          554.0
        ],
        [
          1538.0,
          551.0
        ],
        [
          1538.0,
          549.0
        ],
        [
          1537.0,
          548.0
        ],
        [
          1537.0,
          546.0
        ],
        [
          1535.0,
          543.0
        ],
        [
          1535.0,
          541.0
        ],
        [
          1534.0,
          540.0
        ],
        [
          1534.0,
          539.0
        ],
        [
          1532.0,
          537.0
        ],
        [
          1531.0,
          534.0
        ],
        [
          1529.0,
          532.0
        ],
        [
          1529.0,
          531.0
        ],
        [
          1528.0,
          530.0
        ],
        [
          1527.0,
          527.0
        ],
        [
          1521.0,
          521.0
        ],
        [
          1521.0,
          520.0
        ],
        [
          1518.0,
          517.0
        ],
        [
          1517.0,
          517.0
        ],
        [
          1516.0,
          516.0
        ],
        [
          1513.0,
          516.0
        ],
        [
          1512.0,
          515.0
        ]
      ],
      "group_id": null,
      "description": "",
      "difficult": false,
      "shape_type": "polygon",
      "flags": {},
      "attributes": {},
      "kie_linking": []
    },
    {
      "label": "fish",
      "score": null,
      "points": [
        [
          1545.0,
          70.0
        ],
        [
          1530.0,
          70.0
        ],
        [
          1529.0,
          71.0
        ],
        [
          1527.0,
          71.0
        ],
        [
          1525.0,
          74.0
        ],
        [
          1525.0,
          86.0
        ],
        [
          1524.0,
          87.0
        ],
        [
          1524.0,
          93.0
        ],
        [
          1523.0,
          94.0
        ],
        [
          1523.0,
          97.0
        ],
        [
          1522.0,
          98.0
        ],
        [
          1522.0,
          102.0
        ],
        [
          1521.0,
          103.0
        ],
        [
          1521.0,
          107.0
        ],
        [
          1520.0,
          108.0
        ],
        [
          1520.0,
          110.0
        ],
        [
          1519.0,
          111.0
        ],
        [
          1519.0,
          113.0
        ],
        [
          1518.0,
          114.0
        ],
        [
          1518.0,
          119.0
        ],
        [
          1519.0,
          120.0
        ],
        [
          1519.0,
          125.0
        ],
        [
          1518.0,
          126.0
        ],
        [
          1518.0,
          129.0
        ],
        [
          1517.0,
          130.0
        ],
        [
          1517.0,
          132.0
        ],
        [
          1516.0,
          133.0
        ],
        [
          1516.0,
          136.0
        ],
        [
          1515.0,
          137.0
        ],
        [
          1515.0,
          140.0
        ],
        [
          1514.0,
          141.0
        ],
        [
          1514.0,
          143.0
        ],
        [
          1513.0,
          144.0
        ],
        [
          1513.0,
          149.0
        ],
        [
          1512.0,
          150.0
        ],
        [
          1512.0,
          153.0
        ],
        [
          1511.0,
          154.0
        ],
        [
          1511.0,
          159.0
        ],
        [
          1510.0,
          160.0
        ],
        [
          1510.0,
          163.0
        ],
        [
          1509.0,
          164.0
        ],
        [
          1509.0,
          169.0
        ],
        [
          1508.0,
          170.0
        ],
        [
          1508.0,
          174.0
        ],
        [
          1507.0,
          175.0
        ],
        [
          1507.0,
          179.0
        ],
        [
          1506.0,
          180.0
        ],
        [
          1506.0,
          185.0
        ],
        [
          1505.0,
          186.0
        ],
        [
          1505.0,
          189.0
        ],
        [
          1507.0,
          191.0
        ],
        [
          1510.0,
          191.0
        ],
        [
          1512.0,
          189.0
        ],
        [
          1512.0,
          188.0
        ],
        [
          1513.0,
          187.0
        ],
        [
          1513.0,
          186.0
        ],
        [
          1515.0,
          183.0
        ],
        [
          1515.0,
          180.0
        ],
        [
          1516.0,
          179.0
        ],
        [
          1516.0,
          177.0
        ],
        [
          1517.0,
          176.0
        ],
        [
          1517.0,
          175.0
        ],
        [
          1518.0,
          174.0
        ],
        [
          1518.0,
          173.0
        ],
        [
          1521.0,
          170.0
        ],
        [
          1521.0,
          169.0
        ],
        [
          1523.0,
          167.0
        ],
        [
          1523.0,
          166.0
        ],
        [
          1525.0,
          164.0
        ],
        [
          1525.0,
          163.0
        ],
        [
          1527.0,
          160.0
        ],
        [
          1527.0,
          158.0
        ],
        [
          1528.0,
          157.0
        ],
        [
          1528.0,
          155.0
        ],
        [
          1529.0,
          154.0
        ],
        [
          1529.0,
          151.0
        ],
        [
          1530.0,
          150.0
        ],
        [
          1530.0,
          147.0
        ],
        [
          1531.0,
          146.0
        ],
        [
          1531.0,
          144.0
        ],
        [
          1533.0,
          142.0
        ],
        [
          1533.0,
          141.0
        ],
        [
          1534.0,
          140.0
        ],
        [
          1534.0,
          139.0
        ],
        [
          1536.0,
          137.0
        ],
        [
          1536.0,
          136.0
        ],
        [
          1537.0,
          135.0
        ],
        [
          1537.0,
          134.0
        ],
        [
          1539.0,
          132.0
        ],
        [
          1539.0,
          131.0
        ],
        [
          1540.0,
          130.0
        ],
        [
          1540.0,
          129.0
        ],
        [
          1541.0,
          128.0
        ],
        [
          1541.0,
          127.0
        ],
        [
          1543.0,
          124.0
        ],
        [
          1543.0,
          122.0
        ],
        [
          1544.0,
          121.0
        ],
        [
          1544.0,
          119.0
        ],
        [
          1545.0,
          118.0
        ],
        [
          1545.0,
          116.0
        ],
        [
          1546.0,
          115.0
        ],
        [
          1546.0,
          113.0
        ],
        [
          1547.0,
          112.0
        ],
        [
          1547.0,
          109.0
        ],
        [
          1548.0,
          108.0
        ],
        [
          1548.0,
          102.0
        ],
        [
          1549.0,
          101.0
        ],
        [
          1549.0,
          92.0
        ],
        [
          1550.0,
          91.0
        ],
        [
          1550.0,
          77.0
        ],
        [
          1549.0,
          76.0
        ],
        [
          1549.0,
          73.0
        ],
        [
          1547.0,
          71.0
        ],
        [
          1546.0,
          71.0
        ]
      ],
      "group_id": null,
      "description": "",
      "difficult": false,
      "shape_type": "polygon",
      "flags": {},
      "attributes": {},
      "kie_linking": []
    },
    {
      "label": "fish",
      "score": null,
      "points": [
        [
          1149.0,
          834.0
        ],
        [
          1149.0,
          835.0
        ],
        [
          1154.0,
          840.0
        ],
        [
          1154.0,
          842.0
        ],
        [
          1155.0,
          843.0
        ],
        [
          1155.0,
          844.0
        ],
        [
          1156.0,
          844.0
        ],
        [
          1163.0,
          851.0
        ],
        [
          1163.0,
          852.0
        ],
        [
          1169.0,
          858.0
        ],
        [
          1169.0,
          859.0
        ],
        [
          1177.0,
          867.0
        ],
        [
          1177.0,
          868.0
        ],
        [
          1191.0,
          882.0
        ],
        [
          1192.0,
          882.0
        ],
        [
          1195.0,
          885.0
        ],
        [
          1197.0,
          885.0
        ],
        [
          1198.0,
          886.0
        ],
        [
          1200.0,
          886.0
        ],
        [
          1201.0,
          887.0
        ],
        [
          1204.0,
          887.0
        ],
        [
          1205.0,
          888.0
        ],
        [
          1206.0,
          888.0
        ],
        [
          1207.0,
          889.0
        ],
        [
          1209.0,
          889.0
        ],
        [
          1210.0,
          890.0
        ],
        [
          1211.0,
          890.0
        ],
        [
          1212.0,
          891.0
        ],
        [
          1213.0,
          891.0
        ],
        [
          1214.0,
          892.0
        ],
        [
          1215.0,
          892.0
        ],
        [
          1216.0,
          893.0
        ],
        [
          1217.0,
          893.0
        ],
        [
          1218.0,
          894.0
        ],
        [
          1220.0,
          894.0
        ],
        [
          1221.0,
          895.0
        ],
        [
          1223.0,
          895.0
        ],
        [
          1224.0,
          896.0
        ],
        [
          1226.0,
          896.0
        ],
        [
          1227.0,
          897.0
        ],
        [
          1228.0,
          897.0
        ],
        [
          1229.0,
          898.0
        ],
        [
          1231.0,
          898.0
        ],
        [
          1232.0,
          899.0
        ],
        [
          1237.0,
          899.0
        ],
        [
          1238.0,
          898.0
        ],
        [
          1242.0,
          898.0
        ],
        [
          1243.0,
          897.0
        ],
        [
          1247.0,
          897.0
        ],
        [
          1248.0,
          896.0
        ],
        [
          1249.0,
          896.0
        ],
        [
          1250.0,
          895.0
        ],
        [
          1251.0,
          895.0
        ],
        [
          1254.0,
          892.0
        ],
        [
          1254.0,
          891.0
        ],
        [
          1255.0,
          890.0
        ],
        [
          1255.0,
          887.0
        ],
        [
          1254.0,
          886.0
        ],
        [
          1254.0,
          885.0
        ],
        [
          1253.0,
          884.0
        ],
        [
          1253.0,
          883.0
        ],
        [
          1251.0,
          881.0
        ],
        [
          1251.0,
          880.0
        ],
        [
          1249.0,
          878.0
        ],
        [
          1248.0,
          878.0
        ],
        [
          1244.0,
          874.0
        ],
        [
          1244.0,
          873.0
        ],
        [
          1242.0,
          871.0
        ],
        [
          1241.0,
          871.0
        ],
        [
          1240.0,
          870.0
        ],
        [
          1239.0,
          870.0
        ],
        [
          1238.0,
          869.0
        ],
        [
          1236.0,
          869.0
        ],
        [
          1235.0,
          868.0
        ],
        [
          1234.0,
          868.0
        ],
        [
          1233.0,
          867.0
        ],
        [
          1232.0,
          867.0
        ],
        [
          1231.0,
          866.0
        ],
        [
          1230.0,
          866.0
        ],
        [
          1229.0,
          865.0
        ],
        [
          1227.0,
          865.0
        ],
        [
          1226.0,
          864.0
        ],
        [
          1225.0,
          864.0
        ],
        [
          1224.0,
          863.0
        ],
        [
          1222.0,
          863.0
        ],
        [
          1221.0,
          862.0
        ],
        [
          1219.0,
          862.0
        ],
        [
          1218.0,
          861.0
        ],
        [
          1217.0,
          861.0
        ],
        [
          1216.0,
          860.0
        ],
        [
          1214.0,
          860.0
        ],
        [
          1213.0,
          859.0
        ],
        [
          1212.0,
          859.0
        ],
        [
          1211.0,
          858.0
        ],
        [
          1209.0,
          858.0
        ],
        [
          1208.0,
          857.0
        ],
        [
          1206.0,
          857.0
        ],
        [
          1205.0,
          856.0
        ],
        [
          1203.0,
          856.0
        ],
        [
          1202.0,
          855.0
        ],
        [
          1200.0,
          855.0
        ],
        [
          1199.0,
          854.0
        ],
        [
          1197.0,
          854.0
        ],
        [
          1196.0,
          853.0
        ],
        [
          1194.0,
          853.0
        ],
        [
          1193.0,
          852.0
        ],
        [
          1191.0,
          852.0
        ],
        [
          1190.0,
          851.0
        ],
        [
          1189.0,
          851.0
        ],
        [
          1188.0,
          850.0
        ],
        [
          1186.0,
          850.0
        ],
        [
          1185.0,
          849.0
        ],
        [
          1183.0,
          849.0
        ],
        [
          1182.0,
          848.0
        ],
        [
          1180.0,
          848.0
        ],
        [
          1179.0,
          847.0
        ],
        [
          1178.0,
          847.0
        ],
        [
          1177.0,
          846.0
        ],
        [
          1176.0,
          846.0
        ],
        [
          1175.0,
          845.0
        ],
        [
          1174.0,
          845.0
        ],
        [
          1173.0,
          844.0
        ],
        [
          1172.0,
          844.0
        ],
        [
          1170.0,
          842.0
        ],
        [
          1169.0,
          842.0
        ],
        [
          1168.0,
          841.0
        ],
        [
          1167.0,
          841.0
        ],
        [
          1166.0,
          840.0
        ],
        [
          1164.0,
          840.0
        ],
        [
          1163.0,
          839.0
        ],
        [
          1161.0,
          839.0
        ],
        [
          1159.0,
          837.0
        ],
        [
          1158.0,
          837.0
        ],
        [
          1157.0,
          836.0
        ],
        [
          1155.0,
          836.0
        ],
        [
          1154.0,
          835.0
        ],
        [
          1153.0,
          835.0
        ],
        [
          1152.0,
          834.0
        ]
      ],
      "group_id": null,
      "description": "",
      "difficult": false,
      "shape_type": "polygon",
      "flags": {},
      "attributes": {},
      "kie_linking": []
    },
    {
      "label": "fish",
      "score": null,
      "points": [
        [
          1678.0,
          734.0
        ],
        [
          1675.0,
          734.0
        ],
        [
          1674.0,
          735.0
        ],
        [
          1673.0,
          735.0
        ],
        [
          1662.0,
          746.0
        ],
        [
          1662.0,
          748.0
        ],
        [
          1661.0,
          749.0
        ],
        [
          1661.0,
          751.0
        ],
        [
          1660.0,
          752.0
        ],
        [
          1660.0,
          754.0
        ],
        [
          1661.0,
          755.0
        ],
        [
          1661.0,
          760.0
        ],
        [
          1662.0,
          761.0
        ],
        [
          1662.0,
          775.0
        ],
        [
          1661.0,
          776.0
        ],
        [
          1661.0,
          780.0
        ],
        [
          1660.0,
          781.0
        ],
        [
          1660.0,
          783.0
        ],
        [
          1659.0,
          784.0
        ],
        [
          1659.0,
          786.0
        ],
        [
          1658.0,
          787.0
        ],
        [
          1658.0,
          788.0
        ],
        [
          1655.0,
          791.0
        ],
        [
          1655.0,
          792.0
        ],
        [
          1654.0,
          793.0
        ],
        [
          1654.0,
          795.0
        ],
        [
          1653.0,
          796.0
        ],
        [
          1653.0,
          798.0
        ],
        [
          1652.0,
          799.0
        ],
        [
          1652.0,
          807.0
        ],
        [
          1653.0,
          808.0
        ],
        [
          1653.0,
          811.0
        ],
        [
          1654.0,
          812.0
        ],
        [
          1654.0,
          824.0
        ],
        [
          1655.0,
          825.0
        ],
        [
          1655.0,
          837.0
        ],
        [
          1656.0,
          838.0
        ],
        [
          1656.0,
          843.0
        ],
        [
          1657.0,
          844.0
        ],
        [
          1657.0,
          850.0
        ],
        [
          1658.0,
          851.0
        ],
        [
          1658.0,
          874.0
        ],
        [
          1659.0,
          875.0
        ],
        [
          1659.0,
          882.0
        ],
        [
          1660.0,
          883.0
        ],
        [
          1661.0,
          886.0
        ],
        [
          1663.0,
          886.0
        ],
        [
          1664.0,
          885.0
        ],
        [
          1667.0,
          885.0
        ],
        [
          1667.0,
          884.0
        ],
        [
          1669.0,
          881.0
        ],
        [
          1669.0,
          865.0
        ],
        [
          1670.0,
          864.0
        ],
        [
          1670.0,
          855.0
        ],
        [
          1671.0,
          854.0
        ],
        [
          1671.0,
          850.0
        ],
        [
          1672.0,
          849.0
        ],
        [
          1672.0,
          844.0
        ],
        [
          1673.0,
          843.0
        ],
        [
          1673.0,
          841.0
        ],
        [
          1674.0,
          840.0
        ],
        [
          1675.0,
          837.0
        ],
        [
          1677.0,
          835.0
        ],
        [
          1678.0,
          835.0
        ],
        [
          1682.0,
          831.0
        ],
        [
          1683.0,
          831.0
        ],
        [
          1683.0,
          830.0
        ],
        [
          1685.0,
          828.0
        ],
        [
          1685.0,
          826.0
        ],
        [
          1686.0,
          825.0
        ],
        [
          1686.0,
          820.0
        ],
        [
          1688.0,
          817.0
        ],
        [
          1688.0,
          815.0
        ],
        [
          1690.0,
          812.0
        ],
        [
          1690.0,
          810.0
        ],
        [
          1691.0,
          809.0
        ],
        [
          1691.0,
          807.0
        ],
        [
          1692.0,
          806.0
        ],
        [
          1692.0,
          783.0
        ],
        [
          1691.0,
          782.0
        ],
        [
          1691.0,
          771.0
        ],
        [
          1690.0,
          770.0
        ],
        [
          1690.0,
          765.0
        ],
        [
          1689.0,
          764.0
        ],
        [
          1689.0,
          759.0
        ],
        [
          1688.0,
          758.0
        ],
        [
          1688.0,
          754.0
        ],
        [
          1687.0,
          753.0
        ],
        [
          1687.0,
          750.0
        ],
        [
          1686.0,
          749.0
        ],
        [
          1686.0,
          746.0
        ],
        [
          1685.0,
          745.0
        ],
        [
          1685.0,
          742.0
        ],
        [
          1684.0,
          741.0
        ],
        [
          1684.0,
          738.0
        ],
        [
          1682.0,
          735.0
        ],
        [
          1679.0,
          735.0
        ]
      ],
      "group_id": null,
      "description": "",
      "difficult": false,
      "shape_type": "polygon",
      "flags": {},
      "attributes": {},
      "kie_linking": []
    }
  ],
  "imagePath": "frame_000041.jpg",
  "imageData": null,
  "imageHeight": 1080,
  "imageWidth": 1920
}