{
  "version": "3.1.1",
  "flags": {},
  "shapes": [
    {
      "label": "fish",
      "score": null,
      "points": [
        [
          1429.0,
          251.0
        ],
        [
          1425.0,
          251.0
        ],
        [
          1424.0,
          252.0
        ],
        [
          1422.0,
          252.0
        ],
        [
          1421.0,
          253.0
        ],
        [
          1420.0,
          253.0
        ],
        [
          1417.0,
          256.0
        ],
        [
          1417.0,
          257.0
        ],
        [
          1415.0,
          259.0
        ],
        [
          1415.0,
          260.0
        ],
        [
          1410.0,
          265.0
        ],
        [
          1410.0,
          266.0
        ],
        [
          1404.0,
          272.0
        ],
        [
          1404.0,
          273.0
        ],
        [
          1403.0,
          274.0
        ],
        [
          1403.0,
          281.0
        ],
        [
          1402.0,
          282.0
        ],
        [
          1402.0,
          285.0
        ],
        [
          1401.0,
          286.0
        ],
        [
          1401.0,
          288.0
        ],
        [
          1400.0,
          289.0
        ],
        [
          1400.0,
          291.0
        ],
        [
          1397.0,
          296.0
        ],
        [
          1397.0,
          298.0
        ],
        [
          1395.0,
          301.0
        ],
        [
          1395.0,
          307.0
        ],
        [
          1396.0,
          308.0
        ],
        [
          1396.0,
          311.0
        ],
        [
          1395.0,
          312.0
        ],
        [
          1395.0,
          317.0
        ],
        [
          1394.0,
          318.0
        ],
        [
          1394.0,
          321.0
        ],
        [
          1393.0,
          322.0
        ],
        [
          1393.0,
          325.0
        ],
        [
          1392.0,
          326.0
        ],
        [
          1392.0,
          330.0
        ],
        [
          1391.0,
          331.0
        ],
        [
          1391.0,
          335.0
        ],
        [
          1390.0,
          336.0
        ],
        [
          1390.0,
          341.0
        ],
        [
          1389.0,
          342.0
        ],
        [
          1389.0,
          350.0
        ],
        [
          1388.0,
          351.0
        ],
        [
          1388.0,
          359.0
        ],
        [
          1387.0,
          360.0
        ],
        [
          1387.0,
          367.0
        ],
        [
          1386.0,
          368.0
        ],
        [
          1386.0,
          384.0
        ],
        [
          1385.0,
          385.0
        ],
        [
          1385.0,
          390.0
        ],
        [
          1384.0,
          391.0
        ],
        [
          1384.0,
          398.0
        ],
        [
          1383.0,
          399.0
        ],
        [
          1383.0,
          403.0
        ],
        [
          1384.0,
          404.0
        ],
        [
          1384.0,
          409.0
        ],
        [
          1389.0,
          412.0
        ],
        [
          1391.0,
          412.0
        ],
        [
          1392.0,
          411.0
        ],
        [
          1395.0,
          410.0
        ],
        [
          1395.0,
          409.0
        ],
        [
          1396.0,
          408.0
        ],
        [
          1396.0,
          406.0
        ],
        [
          1395.0,
          405.0
        ],
        [
          1395.0,
          381.0
        ],
        [
          1396.0,
          380.0
        ],
        [
          1396.0,
          377.0
        ],
        [
          1397.0,
          376.0
        ],
        [
          1397.0,
          374.0
        ],
        [
          1398.0,
          373.0
        ],
        [
          1398.0,
          371.0
        ],
        [
          1399.0,
          370.0
        ],
        [
          1399.0,
          368.0
        ],
        [
          1400.0,
          367.0
        ],
        [
          1400.0,
          365.0
        ],
        [
          1401.0,
          364.0
        ],
        [
          1401.0,
          362.0
        ],
        [
          1402.0,
          361.0
        ],
        [
          1402.0,
          358.0
        ],
        [
          1403.0,
          357.0
        ],
        [
          1403.0,
          355.0
        ],
        [
          1404.0,
          354.0
        ],
        [
          1404.0,
          353.0
        ],
        [
          1405.0,
          352.0
        ],
        [
          1405.0,
          351.0
        ],
        [
          1406.0,
          350.0
        ],
        [
          1406.0,
          349.0
        ],
        [
          1407.0,
          348.0
        ],
        [
          1409.0,
          343.0
        ],
        [
          1411.0,
          341.0
        ],
        [
          1411.0,
          340.0
        ],
        [
          1413.0,
          338.0
        ],
        [
          1413.0,
          337.0
        ],
        [
          1416.0,
          334.0
        ],
        [
          1416.0,
          333.0
        ],
        [
          1418.0,
          331.0
        ],
        [
          1418.0,
          330.0
        ],
        [
          1421.0,
          327.0
        ],
        [
          1421.0,
          326.0
        ],
        [
          1423.0,
          324.0
        ],
        [
          1423.0,
          323.0
        ],
        [
          1426.0,
          318.0
        ],
        [
          1426.0,
          315.0
        ],
        [
          1427.0,
          314.0
        ],
        [
          1427.0,
          304.0
        ],
        [
          1428.0,
          303.0
        ],
        [
          1428.0,
          297.0
        ],
        [
          1429.0,
          296.0
        ],
        [
          1429.0,
          285.0
        ],
        [
          1430.0,
          284.0
        ],
        [
          1430.0,
          278.0
        ],
        [
          1431.0,
          277.0
        ],
        [
          1431.0,
          269.0
        ],
        [
          1432.0,
          268.0
        ],
        [
          1432.0,
          255.0
        ],
        [
          1431.0,
          254.0
        ],
        [
          1431.0,
          253.0
        ]
      ],
      "group_id": null,
      "description": "",
      "difficult": false,
      "shape_type": "polygon",
      "flags": {},
      "attributes": {},
      "kie_linking": []
    },
    {
      "label": "fish",
      "score": null,
      "points": [
        [
          1532.0,
          87.0
        ],
        [
          1530.0,
          89.0
        ],
        [
          1530.0,
          90.0
        ],
        [
          1528.0,
          93.0
        ],
        [
          1528.0,
          98.0
        ],
        [
          1527.0,
          99.0
        ],
        [
          1527.0,
          101.0
        ],
        [
          1528.0,
          102.0
        ],
        [
          1528.0,
          105.0
        ],
        [
          1529.0,
          106.0
        ],
        [
          1529.0,
          108.0
        ],
        [
          1530.0,
          109.0
        ],
        [
          1530.0,
          111.0
        ],
        [
          1531.0,
          112.0
        ],
        [
          1533.0,
          117.0
        ],
        [
          1537.0,
          121.0
        ],
        [
          1537.0,
          122.0
        ],
        [
          1543.0,
          128.0
        ],
        [
          1543.0,
          129.0
        ],
        [
          1545.0,
          131.0
        ],
        [
          1545.0,
          132.0
        ],
        [
          1549.0,
          136.0
        ],
        [
          1549.0,
          137.0
        ],
        [
          1569.0,
          157.0
        ],
        [
          1569.0,
          158.0
        ],
        [
          1573.0,
          162.0
        ],
        [
          1573.0,
          164.0
        ],
        [
          1576.0,
          169.0
        ],
        [
          1576.0,
          171.0
        ],
        [
          1577.0,
          172.0
        ],
        [
          1577.0,
          174.0
        ],
        [
          1578.0,
          175.0
        ],
        [
          1579.0,
          178.0
        ],
        [
          1583.0,
          183.0
        ],
        [
          1584.0,
          186.0
        ],
        [
          1589.0,
          191.0
        ],
        [
          1589.0,
          192.0
        ],
        [
          1590.0,
          193.0
        ],
        [
          1590.0,
          194.0
        ],
        [
          1591.0,
          195.0
        ],
        [
          1593.0,
          200.0
        ],
        [
          1595.0,
          202.0
        ],
        [
          1596.0,
          202.0
        ],
        [
          1602.0,
          208.0
        ],
        [
          1603.0,
          208.0
        ],
        [
          1606.0,
          210.0
        ],
        [
          1617.0,
          210.0
        ],
        [
          1622.0,
          213.0
        ],
        [
          1624.0,
          213.0
        ],
        [
          1625.0,
          214.0
        ],
        [
          1627.0,
          214.0
        ],
        [
          1628.0,
          215.0
        ],
        [
          1631.0,
          215.0
        ],
        [
          1632.0,
          216.0
        ],
        [
          1634.0,
          216.0
        ],
        [
          1637.0,
          218.0
        ],
        [
          1639.0,
          218.0
        ],
        [
          1639.0,
          216.0
        ],
        [
          1640.0,
          215.0
        ],
        [
          1639.0,
          212.0
        ],
        [
          1638.0,
          212.0
        ],
        [
          1637.0,
          211.0
        ],
        [
          1634.0,
          211.0
        ],
        [
          1633.0,
          210.0
        ],
        [
          1631.0,
          210.0
        ],
        [
          1625.0,
          204.0
        ],
        [
          1625.0,
          203.0
        ],
        [
          1620.0,
          197.0
        ],
        [
          1618.0,
          192.0
        ],
        [
          1616.0,
          190.0
        ],
        [
          1616.0,
          189.0
        ],
        [
          1612.0,
          184.0
        ],
        [
          1611.0,
          181.0
        ],
        [
          1609.0,
          179.0
        ],
        [
          1609.0,
          178.0
        ],
        [
          1607.0,
          176.0
        ],
        [
          1607.0,
          175.0
        ],
        [
          1602.0,
          169.0
        ],
        [
          1602.0,
          168.0
        ],
        [
          1601.0,
          167.0
        ],
        [
          1601.0,
          161.0
        ],
        [
          1600.0,
          160.0
        ],
        [
          1600.0,
          156.0
        ],
        [
          1599.0,
          155.0
        ],
        [
          1599.0,
          152.0
        ],
        [
          1598.0,
          151.0
        ],
        [
          1598.0,
          149.0
        ],
        [
          1597.0,
          148.0
        ],
        [
          1597.0,
          146.0
        ],
        [
          1596.0,
          145.0
        ],
        [
          1596.0,
          142.0
        ],
        [
          1595.0,
          141.0
        ],
        [
          1595.0,
          139.0
        ],
        [
          1594.0,
          138.0
        ],
        [
          1592.0,
          133.0
        ],
        [
          1590.0,
          131.0
        ],
        [
          1590.0,
          130.0
        ],
        [
          1580.0,
          120.0
        ],
        [
          1579.0,
          120.0
        ],
        [
          1577.0,
          118.0
        ],
        [
          1576.0,
          118.0
        ],
        [
          1570.0,
          111.0
        ],
        [
          1570.0,
          110.0
        ],
        [
          1568.0,
          108.0
        ],
        [
          1568.0,
          107.0
        ],
        [
          1554.0,
          93.0
        ],
        [
          1553.0,
          93.0
        ],
        [
          1550.0,
          90.0
        ],
        [
          1549.0,
          90.0
        ],
        [
          1546.0,
          88.0
        ],
        [
          1544.0,
          88.0
        ],
        [
          1541.0,
          86.0
        ],
        [
          1534.0,
          86.0
        ],
        [
          1533.0,
          87.0
        ]
      ],
      "group_id": null,
      "description": "",
      "difficult": false,
      "shape_type": "polygon",
      "flags": {},
      "attributes": {},
      "kie_linking": []
    },
    {
      "label": "fish",
      "score": null,
      "points": [
        [
          1604.0,
          261.0
        ],
        [
          1604.0,
          265.0
        ],
        [
          1607.0,
          268.0
        ],
        [
          1608.0,
          268.0
        ],
        [
          1609.0,
          269.0
        ],
        [
          1610.0,
          269.0
        ],
        [
          1612.0,
          271.0
        ],
        [
          1613.0,
          271.0
        ],
        [
          1619.0,
          277.0
        ],
        [
          1620.0,
          277.0
        ],
        [
          1623.0,
          280.0
        ],
        [
          1624.0,
          280.0
        ],
        [
          1628.0,
          284.0
        ],
        [
          1629.0,
          284.0
        ],
        [
          1630.0,
          285.0
        ],
        [
          1631.0,
          285.0
        ],
        [
          1633.0,
          287.0
        ],
        [
          1634.0,
          287.0
        ],
        [
          1637.0,
          289.0
        ],
        [
          1639.0,
          289.0
        ],
        [
          1640.0,
          290.0
        ],
        [
          1642.0,
          290.0
        ],
        [
          1645.0,
          292.0
        ],
        [
          1647.0,
          292.0
        ],
        [
          1648.0,
          293.0
        ],
        [
          1650.0,
          293.0
        ],
        [
          1651.0,
          294.0
        ],
        [
          1652.0,
          294.0
        ],
        [
          1655.0,
          296.0
        ],
        [
          1657.0,
          296.0
        ],
        [
          1658.0,
          297.0
        ],
        [
          1659.0,
          297.0
        ],
        [
          1662.0,
          299.0
        ],
        [
          1664.0,
          299.0
        ],
        [
          1665.0,
          300.0
        ],
        [
          1667.0,
          300.0
        ],
        [
          1668.0,
          301.0
        ],
        [
          1669.0,
          301.0
        ],
        [
          1670.0,
          302.0
        ],
        [
          1671.0,
          302.0
        ],
        [
          1673.0,
          304.0
        ],
        [
          1674.0,
          304.0
        ],
        [
          1677.0,
          306.0
        ],
        [
          1679.0,
          306.0
        ],
        [
          1680.0,
          307.0
        ],
        [
          1683.0,
          307.0
        ],
        [
          1684.0,
          308.0
        ],
        [
          1686.0,
          308.0
        ],
        [
          1687.0,
          309.0
        ],
        [
          1689.0,
          309.0
        ],
        [
          1690.0,
          310.0
        ],
        [
          1692.0,
          310.0
        ],
        [
          1693.0,
          311.0
        ],
        [
          1696.0,
          311.0
        ],
        [
          1697.0,
          312.0
        ],
        [
          1700.0,
          312.0
        ],
        [
          1701.0,
          313.0
        ],
        [
          1704.0,
          313.0
        ],
        [
          1705.0,
          314.0
        ],
        [
          1706.0,
          314.0
        ],
        [
          1707.0,
          313.0
        ],
        [
          1710.0,
          313.0
        ],
        [
          1711.0,
          312.0
        ],
        [
          1715.0,
          312.0
        ],
        [
          1716.0,
          311.0
        ],
        [
          1721.0,
          311.0
        ],
        [
          1722.0,
          310.0
        ],
        [
          1724.0,
          310.0
        ],
        [
          1726.0,
          308.0
        ],
        [
          1727.0,
          308.0
        ],
        [
          1727.0,
          307.0
        ],
        [
          1729.0,
          305.0
        ],
        [
          1729.0,
          302.0
        ],
        [
          1728.0,
          301.0
        ],
        [
          1728.0,
          300.0
        ],
        [
          1721.0,
          293.0
        ],
        [
          1720.0,
          293.0
        ],
        [
          1718.0,
          291.0
        ],
        [
          1717.0,
          291.0
        ],
        [
          1715.0,
          289.0
        ],
        [
          1714.0,
          289.0
        ],
        [
          1712.0,
          287.0
        ],
        [
          1711.0,
          287.0
        ],
        [
          1710.0,
          286.0
        ],
        [
          1709.0,
          286.0
        ],
        [
          1707.0,
          284.0
        ],
        [
          1706.0,
          284.0
        ],
        [
          1704.0,
          282.0
        ],
        [
          1703.0,
          282.0
        ],
        [
          1700.0,
          280.0
        ],
        [
          1698.0,
          280.0
        ],
        [
          1697.0,
          279.0
        ],
        [
          1695.0,
          279.0
        ],
        [
          1694.0,
          278.0
        ],
        [
          1692.0,
          278.0
        ],
        [
          1691.0,
          277.0
        ],
        [
          1689.0,
          277.0
        ],
        [
          1688.0,
          276.0
        ],
        [
          1686.0,
          276.0
        ],
        [
          1685.0,
          275.0
        ],
        [
          1684.0,
          275.0
        ],
        [
          1681.0,
          273.0
        ],
        [
          1678.0,
          273.0
        ],
        [
          1677.0,
          272.0
        ],
        [
          1673.0,
          272.0
        ],
        [
          1672.0,
          271.0
        ],
        [
          1668.0,
          271.0
        ],
        [
          1667.0,
          270.0
        ],
        [
          1666.0,
          270.0
        ],
        [
          1665.0,
          271.0
        ],
        [
          1656.0,
          271.0
        ],
        [
          1655.0,
          272.0
        ],
        [
          1646.0,
          272.0
        ],
        [
          1645.0,
          271.0
        ],
        [
          1642.0,
          271.0
        ],
        [
          1641.0,
          270.0
        ],
        [
          1638.0,
          270.0
        ],
        [
          1637.0,
          269.0
        ],
        [
          1635.0,
          269.0
        ],
        [
          1632.0,
          267.0
        ],
        [
          1630.0,
          267.0
        ],
        [
          1629.0,
          266.0
        ],
        [
          1628.0,
          266.0
        ],
        [
          1625.0,
          264.0
        ],
        [
          1623.0,
          264.0
        ],
        [
          1622.0,
          263.0
        ],
        [
          1618.0,
          263.0
        ],
        [
          1617.0,
          262.0
        ],
        [
          1611.0,
          262.0
        ],
        [
          1610.0,
          261.0
        ]
      ],
      "group_id": null,
      "description": "",
      "difficult": false,
      "shape_type": "polygon",
      "flags": {},
      "attributes": {},
      "kie_linking": []
    },
    {
      "label": "fish",
      "score": null,
      "points": [
        [
          1580.0,
          377.0
        ],
        [
          1582.0,
          379.0
        ],
        [
          1583.0,
          379.0
        ],
        [
          1584.0,
          380.0
        ],
        [
          1585.0,
          380.0
        ],
        [
          1586.0,
          381.0
        ],
        [
          1588.0,
          381.0
        ],
        [
          1589.0,
          382.0
        ],
        [
          1590.0,
          382.0
        ],
        [
          1591.0,
          383.0
        ],
        [
          1592.0,
          383.0
        ],
        [
          1593.0,
          384.0
        ],
        [
          1594.0,
          384.0
        ],
        [
          1595.0,
          385.0
        ],
        [
          1596.0,
          385.0
        ],
        [
          1599.0,
          388.0
        ],
        [
          1600.0,
          388.0
        ],
        [
          1601.0,
          389.0
        ],
        [
          1602.0,
          389.0
        ],
        [
          1603.0,
          390.0
        ],
        [
          1604.0,
          390.0
        ],
        [
          1605.0,
          391.0
        ],
        [
          1607.0,
          391.0
        ],
        [
          1609.0,
          393.0
        ],
        [
          1610.0,
          393.0
        ],
        [
          1614.0,
          397.0
        ],
        [
          1615.0,
          397.0
        ],
        [
          1621.0,
          403.0
        ],
        [
          1621.0,
          404.0
        ],
        [
          1628.0,
          411.0
        ],
        [
          1629.0,
          411.0
        ],
        [
          1635.0,
          417.0
        ],
        [
          1635.0,
          418.0
        ],
        [
          1636.0,
          419.0
        ],
        [
          1636.0,
          420.0
        ],
        [
          1639.0,
          423.0
        ],
        [
          1639.0,
          424.0
        ],
        [
          1640.0,
          425.0
        ],
        [
          1641.0,
          425.0
        ],
        [
          1645.0,
          429.0
        ],
        [
          1646.0,
          429.0
        ],
        [
          1648.0,
          431.0
        ],
        [
          1650.0,
          431.0
        ],
        [
          1651.0,
          432.0
        ],
        [
          1652.0,
          432.0
        ],
        [
          1653.0,
          433.0
        ],
        [
          1655.0,
          433.0
        ],
        [
          1656.0,
          434.0
        ],
        [
          1657.0,
          434.0
        ],
        [
          1658.0,
          435.0
        ],
        [
          1665.0,
          435.0
        ],
        [
          1666.0,
          434.0
        ],
        [
          1667.0,
          434.0
        ],
        [
          1668.0,
          433.0
        ],
        [
          1669.0,
          433.0
        ],
        [
          1669.0,
          432.0
        ],
        [
          1670.0,
          431.0
        ],
        [
          1670.0,
          423.0
        ],
        [
          1669.0,
          422.0
        ],
        [
          1669.0,
          421.0
        ],
        [
          1668.0,
          420.0
        ],
        [
          1668.0,
          419.0
        ],
        [
          1667.0,
          418.0
        ],
        [
          1667.0,
          417.0
        ],
        [
          1666.0,
          416.0
        ],
        [
          1666.0,
          415.0
        ],
        [
          1664.0,
          413.0
        ],
        [
          1664.0,
          412.0
        ],
        [
          1663.0,
          411.0
        ],
        [
          1663.0,
          410.0
        ],
        [
          1662.0,
          409.0
        ],
        [
          1662.0,
          408.0
        ],
        [
          1661.0,
          407.0
        ],
        [
          1661.0,
          406.0
        ],
        [
          1657.0,
          402.0
        ],
        [
          1657.0,
          401.0
        ],
        [
          1654.0,
          398.0
        ],
        [
          1654.0,
          397.0
        ],
        [
          1652.0,
          395.0
        ],
        [
          1652.0,
          394.0
        ],
        [
          1650.0,
          392.0
        ],
        [
          1650.0,
          391.0
        ],
        [
          1646.0,
          387.0
        ],
        [
          1645.0,
          387.0
        ],
        [
          1644.0,
          386.0
        ],
        [
          1643.0,
          386.0
        ],
        [
          1642.0,
          385.0
        ],
        [
          1640.0,
          385.0
        ],
        [
          1639.0,
          384.0
        ],
        [
          1637.0,
          384.0
        ],
        [
          1636.0,
          383.0
        ],
        [
          1633.0,
          383.0
        ],
        [
          1632.0,
          382.0
        ],
        [
          1628.0,
          382.0
        ],
        [
          1627.0,
          381.0
        ],
        [
          1625.0,
          381.0
        ],
        [
          1624.0,
          380.0
        ],
        [
          1619.0,
          380.0
        ],
        [
          1618.0,
          379.0
        ],
        [
          1613.0,
          379.0
        ],
        [
          1612.0,
          378.0
        ],
        [
          1611.0,
          378.0
        ],
        [
          1610.0,
          377.0
        ],
        [
          1608.0,
          377.0
        ],
        [
          1607.0,
          376.0
        ],
        [
          1605.0,
          376.0
        ],
        [
          1604.0,
          375.0
        ],
        [
          1599.0,
          375.0
        ],
        [
          1598.0,
          374.0
        ],
        [
          1583.0,
          374.0
        ]
      ],
      "group_id": null,
      "description": "",
      "difficult": false,
      "shape_type": "polygon",
      "flags": {},
      "attributes": {},
      "kie_linking": []
    }
  ],
  "imagePath": "frame_000008.jpg",
  "imageData": null,
  "imageHeight": 1080,
  "imageWidth": 1920
}