{
  "version": "3.1.1",
  "flags": {},
  "shapes": [
    {
      "label": "fish",
      "score": null,
      "points": [
        [
          1558.0,
          341.0
        ],
        [
          1551.0,
          341.0
        ],
        [
          1550.0,
          342.0
        ],
        [
          1549.0,
          342.0
        ],
        [
          1548.0,
          343.0
        ],
        [
          1548.0,
          344.0
        ],
        [
          1546.0,
          346.0
        ],
        [
          1546.0,
          347.0
        ],
        [
          1545.0,
          348.0
        ],
        [
          1545.0,
          349.0
        ],
        [
          1544.0,
          350.0
        ],
        [
          1544.0,
          351.0
        ],
        [
          1542.0,
          353.0
        ],
        [
          1542.0,
          354.0
        ],
        [
          1541.0,
          355.0
        ],
        [
          1541.0,
          357.0
        ],
        [
          1543.0,
          359.0
        ],
        [
          1543.0,
          360.0
        ],
        [
          1545.0,
          362.0
        ],
        [
          1545.0,
          363.0
        ],
        [
          1547.0,
          365.0
        ],
        [
          1547.0,
          366.0
        ],
        [
          1549.0,
          369.0
        ],
        [
          1549.0,
          371.0
        ],
        [
          1550.0,
          372.0
        ],
        [
          1550.0,
          375.0
        ],
        [
          1551.0,
          376.0
        ],
        [
          1551.0,
          378.0
        ],
        [
          1552.0,
          379.0
        ],
        [
          1552.0,
          381.0
        ],
        [
          1553.0,
          382.0
        ],
        [
          1553.0,
          384.0
        ],
        [
          1554.0,
          385.0
        ],
        [
          1554.0,
          388.0
        ],
        [
          1556.0,
          391.0
        ],
        [
          1556.0,
          402.0
        ],
        [
          1555.0,
          403.0
        ],
        [
          1555.0,
          405.0
        ],
        [
          1549.0,
          411.0
        ],
        [
          1548.0,
          411.0
        ],
        [
          1546.0,
          413.0
        ],
        [
          1545.0,
          413.0
        ],
        [
          1538.0,
          420.0
        ],
        [
          1538.0,
          421.0
        ],
        [
          1529.0,
          430.0
        ],
        [
          1529.0,
          431.0
        ],
        [
          1528.0,
          432.0
        ],
        [
          1528.0,
          433.0
        ],
        [
          1526.0,
          436.0
        ],
        [
          1526.0,
          439.0
        ],
        [
          1528.0,
          441.0
        ],
        [
          1529.0,
          441.0
        ],
        [
          1530.0,
          442.0
        ],
        [
          1534.0,
          442.0
        ],
        [
          1535.0,
          441.0
        ],
        [
          1536.0,
          441.0
        ],
        [
          1538.0,
          439.0
        ],
        [
          1539.0,
          439.0
        ],
        [
          1541.0,
          437.0
        ],
        [
          1543.0,
          437.0
        ],
        [
          1544.0,
          436.0
        ],
        [
          1546.0,
          436.0
        ],
        [
          1547.0,
          435.0
        ],
        [
          1549.0,
          435.0
        ],
        [
          1550.0,
          434.0
        ],
        [
          1552.0,
          434.0
        ],
        [
          1553.0,
          433.0
        ],
        [
          1555.0,
          433.0
        ],
        [
          1556.0,
          432.0
        ],
        [
          1557.0,
          432.0
        ],
        [
          1560.0,
          429.0
        ],
        [
          1561.0,
          429.0
        ],
        [
          1563.0,
          427.0
        ],
        [
          1563.0,
          426.0
        ],
        [
          1565.0,
          424.0
        ],
        [
          1565.0,
          423.0
        ],
        [
          1566.0,
          422.0
        ],
        [
          1566.0,
          421.0
        ],
        [
          1567.0,
          420.0
        ],
        [
          1567.0,
          419.0
        ],
        [
          1570.0,
          416.0
        ],
        [
          1570.0,
          415.0
        ],
        [
          1573.0,
          412.0
        ],
        [
          1573.0,
          411.0
        ],
        [
          1578.0,
          406.0
        ],
        [
          1578.0,
          405.0
        ],
        [
          1581.0,
          402.0
        ],
        [
          1581.0,
          396.0
        ],
        [
          1580.0,
          395.0
        ],
        [
          1580.0,
          392.0
        ],
        [
          1579.0,
          391.0
        ],
        [
          1579.0,
          385.0
        ],
        [
          1578.0,
          384.0
        ],
        [
          1578.0,
          375.0
        ],
        [
          1577.0,
          374.0
        ],
        [
          1577.0,
          370.0
        ],
        [
          1576.0,
          369.0
        ],
        [
          1576.0,
          368.0
        ],
        [
          1575.0,
          367.0
        ],
        [
          1575.0,
          365.0
        ],
        [
          1574.0,
          364.0
        ],
        [
          1574.0,
          363.0
        ],
        [
          1573.0,
          362.0
        ],
        [
          1573.0,
          361.0
        ],
        [
          1572.0,
          360.0
        ],
        [
          1572.0,
          359.0
        ],
        [
          1571.0,
          358.0
        ],
        [
          1571.0,
          357.0
        ],
        [
          1570.0,
          356.0
        ],
        [
          1570.0,
          355.0
        ],
        [
          1568.0,
          352.0
        ],
        [
          1568.0,
          350.0
        ],
        [
          1567.0,
          349.0
        ],
        [
          1567.0,
          348.0
        ],
        [
          1566.0,
          347.0
        ],
        [
          1566.0,
          346.0
        ],
        [
          1564.0,
          344.0
        ],
        [
          1563.0,
          344.0
        ],
        [
          1562.0,
          343.0
        ],
        [
          1561.0,
          343.0
        ]
      ],
      "group_id": null,
      "description": "",
      "difficult": false,
      "shape_type": "polygon",
      "flags": {},
      "attributes": {},
      "kie_linking": []
    },
    {
      "label": "fish",
      "score": null,
      "points": [
        [
          1073.0,
          793.0
        ],
        [
          1073.0,
          799.0
        ],
        [
          1075.0,
          801.0
        ],
        [
          1075.0,
          802.0
        ],
        [
          1077.0,
          804.0
        ],
        [
          1077.0,
          805.0
        ],
        [
          1079.0,
          807.0
        ],
        [
          1079.0,
          808.0
        ],
        [
          1080.0,
          809.0
        ],
        [
          1080.0,
          811.0
        ],
        [
          1081.0,
          812.0
        ],
        [
          1081.0,
          814.0
        ],
        [
          1082.0,
          815.0
        ],
        [
          1082.0,
          816.0
        ],
        [
          1084.0,
          818.0
        ],
        [
          1084.0,
          819.0
        ],
        [
          1085.0,
          820.0
        ],
        [
          1085.0,
          821.0
        ],
        [
          1086.0,
          822.0
        ],
        [
          1086.0,
          823.0
        ],
        [
          1088.0,
          825.0
        ],
        [
          1088.0,
          827.0
        ],
        [
          1089.0,
          828.0
        ],
        [
          1089.0,
          829.0
        ],
        [
          1093.0,
          833.0
        ],
        [
          1093.0,
          834.0
        ],
        [
          1094.0,
          835.0
        ],
        [
          1094.0,
          836.0
        ],
        [
          1095.0,
          837.0
        ],
        [
          1095.0,
          838.0
        ],
        [
          1097.0,
          841.0
        ],
        [
          1097.0,
          843.0
        ],
        [
          1098.0,
          844.0
        ],
        [
          1098.0,
          845.0
        ],
        [
          1100.0,
          848.0
        ],
        [
          1100.0,
          850.0
        ],
        [
          1102.0,
          853.0
        ],
        [
          1102.0,
          855.0
        ],
        [
          1103.0,
          856.0
        ],
        [
          1103.0,
          857.0
        ],
        [
          1104.0,
          858.0
        ],
        [
          1104.0,
          859.0
        ],
        [
          1106.0,
          861.0
        ],
        [
          1106.0,
          862.0
        ],
        [
          1109.0,
          865.0
        ],
        [
          1109.0,
          866.0
        ],
        [
          1120.0,
          877.0
        ],
        [
          1121.0,
          877.0
        ],
        [
          1123.0,
          879.0
        ],
        [
          1124.0,
          879.0
        ],
        [
          1127.0,
          882.0
        ],
        [
          1128.0,
          882.0
        ],
        [
          1129.0,
          883.0
        ],
        [
          1130.0,
          883.0
        ],
        [
          1132.0,
          885.0
        ],
        [
          1133.0,
          885.0
        ],
        [
          1135.0,
          887.0
        ],
        [
          1136.0,
          887.0
        ],
        [
          1137.0,
          888.0
        ],
        [
          1138.0,
          888.0
        ],
        [
          1140.0,
          890.0
        ],
        [
          1141.0,
          890.0
        ],
        [
          1142.0,
          891.0
        ],
        [
          1143.0,
          891.0
        ],
        [
          1146.0,
          893.0
        ],
        [
          1148.0,
          893.0
        ],
        [
          1151.0,
          895.0
        ],
        [
          1153.0,
          895.0
        ],
        [
          1154.0,
          896.0
        ],
        [
          1156.0,
          896.0
        ],
        [
          1157.0,
          897.0
        ],
        [
          1159.0,
          897.0
        ],
        [
          1160.0,
          896.0
        ],
        [
          1162.0,
          896.0
        ],
        [
          1164.0,
          894.0
        ],
        [
          1164.0,
          887.0
        ],
        [
          1162.0,
          885.0
        ],
        [
          1162.0,
          884.0
        ],
        [
          1161.0,
          883.0
        ],
        [
          1161.0,
          882.0
        ],
        [
          1159.0,
          880.0
        ],
        [
          1159.0,
          878.0
        ],
        [
          1158.0,
          877.0
        ],
        [
          1158.0,
          876.0
        ],
        [
          1153.0,
          871.0
        ],
        [
          1152.0,
          871.0
        ],
        [
          1150.0,
          869.0
        ],
        [
          1149.0,
          869.0
        ],
        [
          1146.0,
          866.0
        ],
        [
          1146.0,
          865.0
        ],
        [
          1144.0,
          863.0
        ],
        [
          1144.0,
          862.0
        ],
        [
          1133.0,
          851.0
        ],
        [
          1132.0,
          851.0
        ],
        [
          1130.0,
          849.0
        ],
        [
          1129.0,
          849.0
        ],
        [
          1127.0,
          847.0
        ],
        [
          1126.0,
          847.0
        ],
        [
          1119.0,
          840.0
        ],
        [
          1118.0,
          840.0
        ],
        [
          1117.0,
          839.0
        ],
        [
          1117.0,
          838.0
        ],
        [
          1114.0,
          835.0
        ],
        [
          1114.0,
          834.0
        ],
        [
          1113.0,
          834.0
        ],
        [
          1111.0,
          832.0
        ],
        [
          1110.0,
          832.0
        ],
        [
          1104.0,
          826.0
        ],
        [
          1103.0,
          826.0
        ],
        [
          1101.0,
          824.0
        ],
        [
          1100.0,
          824.0
        ],
        [
          1091.0,
          815.0
        ],
        [
          1091.0,
          814.0
        ],
        [
          1086.0,
          809.0
        ],
        [
          1086.0,
          808.0
        ],
        [
          1085.0,
          807.0
        ],
        [
          1085.0,
          805.0
        ],
        [
          1084.0,
          804.0
        ],
        [
          1084.0,
          803.0
        ],
        [
          1082.0,
          801.0
        ],
        [
          1082.0,
          800.0
        ],
        [
          1078.0,
          796.0
        ],
        [
          1078.0,
          795.0
        ],
        [
          1076.0,
          793.0
        ]
      ],
      "group_id": null,
      "description": "",
      "difficult": false,
      "shape_type": "polygon",
      "flags": {},
      "attributes": {},
      "kie_linking": []
    },
    {
      "label": "fish",
      "score": null,
      "points": [
        [
          1632.0,
          781.0
        ],
        [
          1628.0,
          785.0
        ],
        [
          1628.0,
          786.0
        ],
        [
          1625.0,
          789.0
        ],
        [
          1625.0,
          790.0
        ],
        [
          1624.0,
          791.0
        ],
        [
          1624.0,
          792.0
        ],
        [
          1623.0,
          793.0
        ],
        [
          1623.0,
          795.0
        ],
        [
          1622.0,
          796.0
        ],
        [
          1622.0,
          798.0
        ],
        [
          1623.0,
          799.0
        ],
        [
          1623.0,
          800.0
        ],
        [
          1624.0,
          801.0
        ],
        [
          1625.0,
          801.0
        ],
        [
          1630.0,
          806.0
        ],
        [
          1631.0,
          806.0
        ],
        [
          1635.0,
          810.0
        ],
        [
          1636.0,
          810.0
        ],
        [
          1640.0,
          814.0
        ],
        [
          1641.0,
          814.0
        ],
        [
          1644.0,
          817.0
        ],
        [
          1644.0,
          818.0
        ],
        [
          1647.0,
          821.0
        ],
        [
          1648.0,
          821.0
        ],
        [
          1653.0,
          826.0
        ],
        [
          1654.0,
          826.0
        ],
        [
          1658.0,
          830.0
        ],
        [
          1658.0,
          831.0
        ],
        [
          1659.0,
          832.0
        ],
        [
          1659.0,
          833.0
        ],
        [
          1661.0,
          835.0
        ],
        [
          1661.0,
          838.0
        ],
        [
          1662.0,
          839.0
        ],
        [
          1662.0,
          841.0
        ],
        [
          1663.0,
          842.0
        ],
        [
          1663.0,
          843.0
        ],
        [
          1665.0,
          845.0
        ],
        [
          1665.0,
          846.0
        ],
        [
          1667.0,
          848.0
        ],
        [
          1670.0,
          848.0
        ],
        [
          1672.0,
          846.0
        ],
        [
          1673.0,
          846.0
        ],
        [
          1677.0,
          842.0
        ],
        [
          1677.0,
          841.0
        ],
        [
          1678.0,
          840.0
        ],
        [
          1678.0,
          839.0
        ],
        [
          1679.0,
          838.0
        ],
        [
          1679.0,
          835.0
        ],
        [
          1680.0,
          834.0
        ],
        [
          1680.0,
          827.0
        ],
        [
          1679.0,
          826.0
        ],
        [
          1679.0,
          824.0
        ],
        [
          1678.0,
          823.0
        ],
        [
          1678.0,
          821.0
        ],
        [
          1677.0,
          820.0
        ],
        [
          1677.0,
          818.0
        ],
        [
          1676.0,
          817.0
        ],
        [
          1676.0,
          815.0
        ],
        [
          1675.0,
          814.0
        ],
        [
          1675.0,
          813.0
        ],
        [
          1671.0,
          809.0
        ],
        [
          1671.0,
          808.0
        ],
        [
          1670.0,
          807.0
        ],
        [
          1670.0,
          806.0
        ],
        [
          1669.0,
          805.0
        ],
        [
          1669.0,
          804.0
        ],
        [
          1665.0,
          800.0
        ],
        [
          1665.0,
          799.0
        ],
        [
          1661.0,
          795.0
        ],
        [
          1660.0,
          795.0
        ],
        [
          1656.0,
          791.0
        ],
        [
          1655.0,
          791.0
        ],
        [
          1653.0,
          789.0
        ],
        [
          1652.0,
          789.0
        ],
        [
          1644.0,
          781.0
        ],
        [
          1643.0,
          781.0
        ],
        [
          1642.0,
          780.0
        ],
        [
          1641.0,
          780.0
        ],
        [
          1640.0,
          779.0
        ],
        [
          1636.0,
          779.0
        ],
        [
          1635.0,
          780.0
        ],
        [
          1634.0,
          780.0
        ],
        [
          1633.0,
          781.0
        ]
      ],
      "group_id": null,
      "description": "",
      "difficult": false,
      "shape_type": "polygon",
      "flags": {},
      "attributes": {},
      "kie_linking": []
    },
    {
      "label": "fish",
      "score": null,
      "points": [
        [
          1720.0,
          858.0
        ],
        [
          1719.0,
          857.0
        ],
        [
          1718.0,
          857.0
        ],
        [
          1717.0,
          856.0
        ],
        [
          1715.0,
          856.0
        ],
        [
          1714.0,
          855.0
        ],
        [
          1710.0,
          855.0
        ],
        [
          1709.0,
          854.0
        ],
        [
          1701.0,
          854.0
        ],
        [
          1700.0,
          855.0
        ],
        [
          1697.0,
          855.0
        ],
        [
          1696.0,
          856.0
        ],
        [
          1694.0,
          856.0
        ],
        [
          1693.0,
          857.0
        ],
        [
          1692.0,
          857.0
        ],
        [
          1691.0,
          858.0
        ],
        [
          1690.0,
          858.0
        ],
        [
          1689.0,
          859.0
        ],
        [
          1688.0,
          859.0
        ],
        [
          1687.0,
          860.0
        ],
        [
          1686.0,
          860.0
        ],
        [
          1683.0,
          862.0
        ],
        [
          1681.0,
          862.0
        ],
        [
          1680.0,
          863.0
        ],
        [
          1676.0,
          863.0
        ],
        [
          1675.0,
          864.0
        ],
        [
          1671.0,
          864.0
        ],
        [
          1670.0,
          865.0
        ],
        [
          1668.0,
          865.0
        ],
        [
          1667.0,
          866.0
        ],
        [
          1666.0,
          866.0
        ],
        [
          1665.0,
          867.0
        ],
        [
          1664.0,
          867.0
        ],
        [
          1663.0,
          868.0
        ],
        [
          1662.0,
          868.0
        ],
        [
          1660.0,
          870.0
        ],
        [
          1659.0,
          870.0
        ],
        [
          1654.0,
          875.0
        ],
        [
          1653.0,
          875.0
        ],
        [
          1652.0,
          876.0
        ],
        [
          1651.0,
          876.0
        ],
        [
          1650.0,
          877.0
        ],
        [
          1649.0,
          877.0
        ],
        [
          1647.0,
          879.0
        ],
        [
          1646.0,
          879.0
        ],
        [
          1642.0,
          883.0
        ],
        [
          1641.0,
          883.0
        ],
        [
          1639.0,
          885.0
        ],
        [
          1638.0,
          885.0
        ],
        [
          1637.0,
          886.0
        ],
        [
          1636.0,
          886.0
        ],
        [
          1635.0,
          887.0
        ],
        [
          1634.0,
          887.0
        ],
        [
          1632.0,
          889.0
        ],
        [
          1631.0,
          889.0
        ],
        [
          1630.0,
          890.0
        ],
        [
          1629.0,
          890.0
        ],
        [
          1628.0,
          891.0
        ],
        [
          1627.0,
          891.0
        ],
        [
          1624.0,
          893.0
        ],
        [
          1622.0,
          893.0
        ],
        [
          1621.0,
          894.0
        ],
        [
          1620.0,
          894.0
        ],
        [
          1618.0,
          896.0
        ],
        [
          1617.0,
          896.0
        ],
        [
          1612.0,
          901.0
        ],
        [
          1611.0,
          901.0
        ],
        [
          1611.0,
          902.0
        ],
        [
          1609.0,
          904.0
        ],
        [
          1609.0,
          905.0
        ],
        [
          1606.0,
          908.0
        ],
        [
          1605.0,
          908.0
        ],
        [
          1604.0,
          909.0
        ],
        [
          1602.0,
          909.0
        ],
        [
          1600.0,
          911.0
        ],
        [
          1601.0,
          911.0
        ],
        [
          1602.0,
          912.0
        ],
        [
          1609.0,
          912.0
        ],
        [
          1610.0,
          911.0
        ],
        [
          1613.0,
          911.0
        ],
        [
          1614.0,
          910.0
        ],
        [
          1619.0,
          910.0
        ],
        [
          1620.0,
          911.0
        ],
        [
          1627.0,
          911.0
        ],
        [
          1628.0,
          910.0
        ],
        [
          1637.0,
          910.0
        ],
        [
          1638.0,
          909.0
        ],
        [
          1651.0,
          909.0
        ],
        [
          1652.0,
          908.0
        ],
        [
          1661.0,
          908.0
        ],
        [
          1662.0,
          907.0
        ],
        [
          1667.0,
          907.0
        ],
        [
          1668.0,
          906.0
        ],
        [
          1677.0,
          906.0
        ],
        [
          1678.0,
          905.0
        ],
        [
          1682.0,
          905.0
        ],
        [
          1683.0,
          904.0
        ],
        [
          1685.0,
          904.0
        ],
        [
          1686.0,
          903.0
        ],
        [
          1688.0,
          903.0
        ],
        [
          1689.0,
          902.0
        ],
        [
          1690.0,
          902.0
        ],
        [
          1696.0,
          896.0
        ],
        [
          1696.0,
          895.0
        ],
        [
          1700.0,
          891.0
        ],
        [
          1700.0,
          890.0
        ],
        [
          1701.0,
          889.0
        ],
        [
          1701.0,
          888.0
        ],
        [
          1703.0,
          886.0
        ],
        [
          1703.0,
          885.0
        ],
        [
          1706.0,
          882.0
        ],
        [
          1706.0,
          881.0
        ],
        [
          1710.0,
          877.0
        ],
        [
          1710.0,
          876.0
        ],
        [
          1718.0,
          868.0
        ],
        [
          1718.0,
          867.0
        ],
        [
          1719.0,
          866.0
        ],
        [
          1719.0,
          864.0
        ],
        [
          1720.0,
          863.0
        ]
      ],
      "group_id": null,
      "description": "",
      "difficult": false,
      "shape_type": "polygon",
      "flags": {},
      "attributes": {},
      "kie_linking": []
    }
  ],
  "imagePath": "frame_000037.jpg",
  "imageData": null,
  "imageHeight": 1080,
  "imageWidth": 1920
}