{
  "version": "3.1.1",
  "flags": {},
  "shapes": [
    {
      "label": "fish",
      "score": null,
      "points": [
        [
          1638.0,
          487.0
        ],
        [
          1636.0,
          489.0
        ],
        [
          1636.0,
          490.0
        ],
        [
          1635.0,
          491.0
        ],
        [
          1635.0,
          493.0
        ],
        [
          1633.0,
          495.0
        ],
        [
          1633.0,
          496.0
        ],
        [
          1631.0,
          498.0
        ],
        [
          1631.0,
          501.0
        ],
        [
          1630.0,
          502.0
        ],
        [
          1630.0,
          507.0
        ],
        [
          1633.0,
          510.0
        ],
        [
          1633.0,
          511.0
        ],
        [
          1635.0,
          513.0
        ],
        [
          1635.0,
          514.0
        ],
        [
          1636.0,
          515.0
        ],
        [
          1636.0,
          516.0
        ],
        [
          1637.0,
          517.0
        ],
        [
          1637.0,
          518.0
        ],
        [
          1638.0,
          519.0
        ],
        [
          1638.0,
          520.0
        ],
        [
          1640.0,
          522.0
        ],
        [
          1640.0,
          523.0
        ],
        [
          1642.0,
          525.0
        ],
        [
          1642.0,
          526.0
        ],
        [
          1643.0,
          527.0
        ],
        [
          1643.0,
          528.0
        ],
        [
          1644.0,
          529.0
        ],
        [
          1644.0,
          530.0
        ],
        [
          1646.0,
          532.0
        ],
        [
          1646.0,
          533.0
        ],
        [
          1648.0,
          535.0
        ],
        [
          1648.0,
          536.0
        ],
        [
          1650.0,
          538.0
        ],
        [
          1650.0,
          539.0
        ],
        [
          1651.0,
          540.0
        ],
        [
          1651.0,
          541.0
        ],
        [
          1653.0,
          543.0
        ],
        [
          1653.0,
          545.0
        ],
        [
          1654.0,
          546.0
        ],
        [
          1654.0,
          547.0
        ],
        [
          1655.0,
          548.0
        ],
        [
          1655.0,
          549.0
        ],
        [
          1656.0,
          550.0
        ],
        [
          1656.0,
          552.0
        ],
        [
          1657.0,
          553.0
        ],
        [
          1657.0,
          554.0
        ],
        [
          1658.0,
          555.0
        ],
        [
          1658.0,
          557.0
        ],
        [
          1659.0,
          558.0
        ],
        [
          1659.0,
          560.0
        ],
        [
          1663.0,
          564.0
        ],
        [
          1663.0,
          565.0
        ],
        [
          1665.0,
          567.0
        ],
        [
          1665.0,
          568.0
        ],
        [
          1667.0,
          570.0
        ],
        [
          1667.0,
          571.0
        ],
        [
          1668.0,
          572.0
        ],
        [
          1668.0,
          573.0
        ],
        [
          1670.0,
          575.0
        ],
        [
          1670.0,
          576.0
        ],
        [
          1671.0,
          577.0
        ],
        [
          1671.0,
          578.0
        ],
        [
          1672.0,
          579.0
        ],
        [
          1672.0,
          580.0
        ],
        [
          1673.0,
          581.0
        ],
        [
          1673.0,
          582.0
        ],
        [
          1675.0,
          584.0
        ],
        [
          1675.0,
          585.0
        ],
        [
          1676.0,
          586.0
        ],
        [
          1681.0,
          586.0
        ],
        [
          1683.0,
          584.0
        ],
        [
          1683.0,
          582.0
        ],
        [
          1684.0,
          581.0
        ],
        [
          1684.0,
          580.0
        ],
        [
          1683.0,
          579.0
        ],
        [
          1683.0,
          577.0
        ],
        [
          1682.0,
          576.0
        ],
        [
          1682.0,
          573.0
        ],
        [
          1681.0,
          572.0
        ],
        [
          1681.0,
          570.0
        ],
        [
          1680.0,
          569.0
        ],
        [
          1680.0,
          566.0
        ],
        [
          1679.0,
          565.0
        ],
        [
          1679.0,
          554.0
        ],
        [
          1680.0,
          553.0
        ],
        [
          1680.0,
          549.0
        ],
        [
          1681.0,
          548.0
        ],
        [
          1681.0,
          541.0
        ],
        [
          1679.0,
          539.0
        ],
        [
          1679.0,
          537.0
        ],
        [
          1678.0,
          536.0
        ],
        [
          1678.0,
          535.0
        ],
        [
          1677.0,
          534.0
        ],
        [
          1677.0,
          533.0
        ],
        [
          1676.0,
          532.0
        ],
        [
          1676.0,
          531.0
        ],
        [
          1675.0,
          530.0
        ],
        [
          1675.0,
          529.0
        ],
        [
          1674.0,
          528.0
        ],
        [
          1674.0,
          527.0
        ],
        [
          1673.0,
          526.0
        ],
        [
          1673.0,
          525.0
        ],
        [
          1672.0,
          524.0
        ],
        [
          1672.0,
          523.0
        ],
        [
          1671.0,
          522.0
        ],
        [
          1671.0,
          521.0
        ],
        [
          1670.0,
          520.0
        ],
        [
          1670.0,
          518.0
        ],
        [
          1669.0,
          517.0
        ],
        [
          1669.0,
          515.0
        ],
        [
          1668.0,
          514.0
        ],
        [
          1668.0,
          513.0
        ],
        [
          1666.0,
          511.0
        ],
        [
          1666.0,
          510.0
        ],
        [
          1664.0,
          508.0
        ],
        [
          1664.0,
          507.0
        ],
        [
          1661.0,
          504.0
        ],
        [
          1661.0,
          503.0
        ],
        [
          1656.0,
          498.0
        ],
        [
          1656.0,
          497.0
        ],
        [
          1653.0,
          494.0
        ],
        [
          1653.0,
          493.0
        ],
        [
          1649.0,
          489.0
        ],
        [
          1649.0,
          488.0
        ],
        [
          1648.0,
          488.0
        ],
        [
          1646.0,
          486.0
        ],
        [
          1641.0,
          486.0
        ],
        [
          1640.0,
          487.0
        ]
      ],
      "group_id": null,
      "description": "",
      "difficult": false,
      "shape_type": "polygon",
      "flags": {},
      "attributes": {},
      "kie_linking": []
    },
    {
      "label": "fish",
      "score": null,
      "points": [
        [
          1579.0,
          734.0
        ],
        [
          1578.0,
          735.0
        ],
        [
          1578.0,
          737.0
        ],
        [
          1577.0,
          738.0
        ],
        [
          1577.0,
          741.0
        ],
        [
          1576.0,
          742.0
        ],
        [
          1576.0,
          744.0
        ],
        [
          1575.0,
          745.0
        ],
        [
          1575.0,
          747.0
        ],
        [
          1571.0,
          754.0
        ],
        [
          1571.0,
          756.0
        ],
        [
          1570.0,
          757.0
        ],
        [
          1570.0,
          759.0
        ],
        [
          1569.0,
          760.0
        ],
        [
          1569.0,
          763.0
        ],
        [
          1568.0,
          764.0
        ],
        [
          1568.0,
          767.0
        ],
        [
          1567.0,
          768.0
        ],
        [
          1566.0,
          771.0
        ],
        [
          1560.0,
          777.0
        ],
        [
          1560.0,
          778.0
        ],
        [
          1557.0,
          783.0
        ],
        [
          1557.0,
          787.0
        ],
        [
          1556.0,
          788.0
        ],
        [
          1556.0,
          809.0
        ],
        [
          1555.0,
          810.0
        ],
        [
          1555.0,
          821.0
        ],
        [
          1556.0,
          822.0
        ],
        [
          1556.0,
          856.0
        ],
        [
          1557.0,
          857.0
        ],
        [
          1557.0,
          876.0
        ],
        [
          1558.0,
          877.0
        ],
        [
          1558.0,
          881.0
        ],
        [
          1559.0,
          882.0
        ],
        [
          1561.0,
          887.0
        ],
        [
          1565.0,
          891.0
        ],
        [
          1565.0,
          892.0
        ],
        [
          1566.0,
          893.0
        ],
        [
          1566.0,
          894.0
        ],
        [
          1567.0,
          895.0
        ],
        [
          1569.0,
          900.0
        ],
        [
          1572.0,
          903.0
        ],
        [
          1578.0,
          903.0
        ],
        [
          1581.0,
          900.0
        ],
        [
          1581.0,
          899.0
        ],
        [
          1583.0,
          896.0
        ],
        [
          1583.0,
          894.0
        ],
        [
          1587.0,
          887.0
        ],
        [
          1587.0,
          885.0
        ],
        [
          1588.0,
          884.0
        ],
        [
          1588.0,
          882.0
        ],
        [
          1589.0,
          881.0
        ],
        [
          1589.0,
          878.0
        ],
        [
          1590.0,
          877.0
        ],
        [
          1590.0,
          873.0
        ],
        [
          1591.0,
          872.0
        ],
        [
          1591.0,
          866.0
        ],
        [
          1592.0,
          865.0
        ],
        [
          1592.0,
          855.0
        ],
        [
          1593.0,
          854.0
        ],
        [
          1593.0,
          848.0
        ],
        [
          1594.0,
          847.0
        ],
        [
          1594.0,
          840.0
        ],
        [
          1595.0,
          839.0
        ],
        [
          1595.0,
          832.0
        ],
        [
          1594.0,
          831.0
        ],
        [
          1594.0,
          825.0
        ],
        [
          1593.0,
          824.0
        ],
        [
          1593.0,
          821.0
        ],
        [
          1592.0,
          820.0
        ],
        [
          1592.0,
          817.0
        ],
        [
          1591.0,
          816.0
        ],
        [
          1591.0,
          813.0
        ],
        [
          1590.0,
          812.0
        ],
        [
          1590.0,
          810.0
        ],
        [
          1589.0,
          809.0
        ],
        [
          1589.0,
          806.0
        ],
        [
          1588.0,
          805.0
        ],
        [
          1588.0,
          803.0
        ],
        [
          1586.0,
          800.0
        ],
        [
          1586.0,
          797.0
        ],
        [
          1585.0,
          796.0
        ],
        [
          1585.0,
          786.0
        ],
        [
          1584.0,
          785.0
        ],
        [
          1584.0,
          780.0
        ],
        [
          1583.0,
          779.0
        ],
        [
          1583.0,
          756.0
        ],
        [
          1584.0,
          755.0
        ],
        [
          1584.0,
          744.0
        ],
        [
          1583.0,
          743.0
        ],
        [
          1583.0,
          741.0
        ]
      ],
      "group_id": null,
      "description": "",
      "difficult": false,
      "shape_type": "polygon",
      "flags": {},
      "attributes": {},
      "kie_linking": []
    },
    {
      "label": "fish",
      "score": null,
      "points": [
        [
          1691.0,
          754.0
        ],
        [
          1689.0,
          754.0
        ],
        [
          1688.0,
          755.0
        ],
        [
          1688.0,
          756.0
        ],
        [
          1686.0,
          758.0
        ],
        [
          1686.0,
          759.0
        ],
        [
          1684.0,
          761.0
        ],
        [
          1684.0,
          763.0
        ],
        [
          1683.0,
          764.0
        ],
        [
          1683.0,
          767.0
        ],
        [
          1682.0,
          768.0
        ],
        [
          1682.0,
          770.0
        ],
        [
          1681.0,
          771.0
        ],
        [
          1681.0,
          772.0
        ],
        [
          1679.0,
          775.0
        ],
        [
          1679.0,
          777.0
        ],
        [
          1678.0,
          778.0
        ],
        [
          1678.0,
          779.0
        ],
        [
          1676.0,
          782.0
        ],
        [
          1676.0,
          784.0
        ],
        [
          1675.0,
          785.0
        ],
        [
          1675.0,
          786.0
        ],
        [
          1674.0,
          787.0
        ],
        [
          1674.0,
          788.0
        ],
        [
          1673.0,
          789.0
        ],
        [
          1673.0,
          790.0
        ],
        [
          1672.0,
          791.0
        ],
        [
          1672.0,
          792.0
        ],
        [
          1671.0,
          793.0
        ],
        [
          1671.0,
          794.0
        ],
        [
          1665.0,
          800.0
        ],
        [
          1665.0,
          801.0
        ],
        [
          1662.0,
          804.0
        ],
        [
          1662.0,
          805.0
        ],
        [
          1661.0,
          806.0
        ],
        [
          1661.0,
          809.0
        ],
        [
          1660.0,
          810.0
        ],
        [
          1660.0,
          812.0
        ],
        [
          1659.0,
          813.0
        ],
        [
          1659.0,
          815.0
        ],
        [
          1658.0,
          816.0
        ],
        [
          1658.0,
          817.0
        ],
        [
          1657.0,
          818.0
        ],
        [
          1657.0,
          819.0
        ],
        [
          1656.0,
          820.0
        ],
        [
          1656.0,
          821.0
        ],
        [
          1655.0,
          822.0
        ],
        [
          1655.0,
          823.0
        ],
        [
          1653.0,
          825.0
        ],
        [
          1653.0,
          826.0
        ],
        [
          1652.0,
          827.0
        ],
        [
          1652.0,
          828.0
        ],
        [
          1651.0,
          829.0
        ],
        [
          1651.0,
          830.0
        ],
        [
          1650.0,
          831.0
        ],
        [
          1650.0,
          832.0
        ],
        [
          1648.0,
          835.0
        ],
        [
          1648.0,
          837.0
        ],
        [
          1646.0,
          840.0
        ],
        [
          1646.0,
          842.0
        ],
        [
          1645.0,
          843.0
        ],
        [
          1645.0,
          845.0
        ],
        [
          1643.0,
          848.0
        ],
        [
          1643.0,
          850.0
        ],
        [
          1642.0,
          851.0
        ],
        [
          1642.0,
          853.0
        ],
        [
          1641.0,
          854.0
        ],
        [
          1641.0,
          855.0
        ],
        [
          1639.0,
          857.0
        ],
        [
          1639.0,
          858.0
        ],
        [
          1638.0,
          859.0
        ],
        [
          1638.0,
          860.0
        ],
        [
          1637.0,
          861.0
        ],
        [
          1637.0,
          862.0
        ],
        [
          1635.0,
          865.0
        ],
        [
          1635.0,
          866.0
        ],
        [
          1636.0,
          867.0
        ],
        [
          1642.0,
          867.0
        ],
        [
          1644.0,
          865.0
        ],
        [
          1649.0,
          865.0
        ],
        [
          1653.0,
          869.0
        ],
        [
          1653.0,
          870.0
        ],
        [
          1654.0,
          871.0
        ],
        [
          1654.0,
          872.0
        ],
        [
          1656.0,
          874.0
        ],
        [
          1660.0,
          874.0
        ],
        [
          1662.0,
          872.0
        ],
        [
          1662.0,
          870.0
        ],
        [
          1664.0,
          868.0
        ],
        [
          1665.0,
          868.0
        ],
        [
          1666.0,
          867.0
        ],
        [
          1667.0,
          867.0
        ],
        [
          1668.0,
          866.0
        ],
        [
          1669.0,
          866.0
        ],
        [
          1669.0,
          865.0
        ],
        [
          1670.0,
          864.0
        ],
        [
          1670.0,
          863.0
        ],
        [
          1673.0,
          860.0
        ],
        [
          1674.0,
          860.0
        ],
        [
          1676.0,
          858.0
        ],
        [
          1676.0,
          855.0
        ],
        [
          1677.0,
          854.0
        ],
        [
          1677.0,
          852.0
        ],
        [
          1678.0,
          851.0
        ],
        [
          1678.0,
          850.0
        ],
        [
          1681.0,
          847.0
        ],
        [
          1682.0,
          847.0
        ],
        [
          1683.0,
          846.0
        ],
        [
          1683.0,
          845.0
        ],
        [
          1684.0,
          844.0
        ],
        [
          1684.0,
          843.0
        ],
        [
          1685.0,
          842.0
        ],
        [
          1685.0,
          841.0
        ],
        [
          1691.0,
          835.0
        ],
        [
          1691.0,
          834.0
        ],
        [
          1692.0,
          833.0
        ],
        [
          1692.0,
          832.0
        ],
        [
          1694.0,
          829.0
        ],
        [
          1694.0,
          827.0
        ],
        [
          1695.0,
          826.0
        ],
        [
          1695.0,
          822.0
        ],
        [
          1696.0,
          821.0
        ],
        [
          1696.0,
          818.0
        ],
        [
          1697.0,
          817.0
        ],
        [
          1697.0,
          811.0
        ],
        [
          1698.0,
          810.0
        ],
        [
          1698.0,
          807.0
        ],
        [
          1699.0,
          806.0
        ],
        [
          1699.0,
          794.0
        ],
        [
          1698.0,
          793.0
        ],
        [
          1698.0,
          787.0
        ],
        [
          1697.0,
          786.0
        ],
        [
          1697.0,
          779.0
        ],
        [
          1696.0,
          778.0
        ],
        [
          1696.0,
          767.0
        ],
        [
          1695.0,
          766.0
        ],
        [
          1695.0,
          763.0
        ],
        [
          1694.0,
          762.0
        ],
        [
          1694.0,
          760.0
        ],
        [
          1693.0,
          759.0
        ],
        [
          1693.0,
          758.0
        ],
        [
          1692.0,
          757.0
        ],
        [
          1692.0,
          756.0
        ],
        [
          1691.0,
          755.0
        ]
      ],
      "group_id": null,
      "description": "",
      "difficult": false,
      "shape_type": "polygon",
      "flags": {},
      "attributes": {},
      "kie_linking": []
    },
    {
      "label": "fish",
      "score": null,
      "points": [
        [
          1647.0,
          842.0
        ],
        [
          1646.0,
          842.0
        ],
        [
          1646.0,
          843.0
        ],
        [
          1645.0,
          844.0
        ],
        [
          1645.0,
          847.0
        ],
        [
          1644.0,
          848.0
        ],
        [
          1644.0,
          850.0
        ],
        [
          1643.0,
          851.0
        ],
        [
          1643.0,
          853.0
        ],
        [
          1641.0,
          855.0
        ],
        [
          1640.0,
          855.0
        ],
        [
          1639.0,
          856.0
        ],
        [
          1638.0,
          856.0
        ],
        [
          1637.0,
          857.0
        ],
        [
          1637.0,
          858.0
        ],
        [
          1636.0,
          859.0
        ],
        [
          1636.0,
          860.0
        ],
        [
          1635.0,
          861.0
        ],
        [
          1635.0,
          862.0
        ],
        [
          1633.0,
          864.0
        ],
        [
          1633.0,
          865.0
        ],
        [
          1632.0,
          866.0
        ],
        [
          1632.0,
          867.0
        ],
        [
          1631.0,
          868.0
        ],
        [
          1631.0,
          869.0
        ],
        [
          1630.0,
          870.0
        ],
        [
          1630.0,
          871.0
        ],
        [
          1629.0,
          872.0
        ],
        [
          1629.0,
          873.0
        ],
        [
          1628.0,
          874.0
        ],
        [
          1628.0,
          876.0
        ],
        [
          1624.0,
          880.0
        ],
        [
          1624.0,
          881.0
        ],
        [
          1622.0,
          883.0
        ],
        [
          1622.0,
          884.0
        ],
        [
          1621.0,
          885.0
        ],
        [
          1621.0,
          886.0
        ],
        [
          1620.0,
          887.0
        ],
        [
          1620.0,
          889.0
        ],
        [
          1619.0,
          890.0
        ],
        [
          1619.0,
          891.0
        ],
        [
          1612.0,
          898.0
        ],
        [
          1612.0,
          899.0
        ],
        [
          1608.0,
          903.0
        ],
        [
          1608.0,
          906.0
        ],
        [
          1607.0,
          907.0
        ],
        [
          1607.0,
          912.0
        ],
        [
          1606.0,
          913.0
        ],
        [
          1606.0,
          915.0
        ],
        [
          1605.0,
          916.0
        ],
        [
          1605.0,
          918.0
        ],
        [
          1604.0,
          919.0
        ],
        [
          1604.0,
          921.0
        ],
        [
          1603.0,
          922.0
        ],
        [
          1603.0,
          923.0
        ],
        [
          1602.0,
          924.0
        ],
        [
          1602.0,
          926.0
        ],
        [
          1605.0,
          929.0
        ],
        [
          1606.0,
          929.0
        ],
        [
          1607.0,
          930.0
        ],
        [
          1622.0,
          930.0
        ],
        [
          1623.0,
          929.0
        ],
        [
          1626.0,
          929.0
        ],
        [
          1627.0,
          928.0
        ],
        [
          1629.0,
          928.0
        ],
        [
          1630.0,
          927.0
        ],
        [
          1631.0,
          927.0
        ],
        [
          1632.0,
          926.0
        ],
        [
          1632.0,
          925.0
        ],
        [
          1633.0,
          924.0
        ],
        [
          1633.0,
          923.0
        ],
        [
          1635.0,
          921.0
        ],
        [
          1635.0,
          920.0
        ],
        [
          1637.0,
          918.0
        ],
        [
          1637.0,
          916.0
        ],
        [
          1638.0,
          915.0
        ],
        [
          1638.0,
          914.0
        ],
        [
          1639.0,
          913.0
        ],
        [
          1639.0,
          911.0
        ],
        [
          1640.0,
          910.0
        ],
        [
          1640.0,
          907.0
        ],
        [
          1641.0,
          906.0
        ],
        [
          1641.0,
          903.0
        ],
        [
          1642.0,
          902.0
        ],
        [
          1642.0,
          899.0
        ],
        [
          1643.0,
          898.0
        ],
        [
          1643.0,
          895.0
        ],
        [
          1644.0,
          894.0
        ],
        [
          1644.0,
          891.0
        ],
        [
          1645.0,
          890.0
        ],
        [
          1645.0,
          887.0
        ],
        [
          1646.0,
          886.0
        ],
        [
          1646.0,
          885.0
        ],
        [
          1647.0,
          884.0
        ],
        [
          1647.0,
          883.0
        ],
        [
          1648.0,
          882.0
        ],
        [
          1648.0,
          880.0
        ],
        [
          1649.0,
          879.0
        ],
        [
          1648.0,
          878.0
        ],
        [
          1648.0,
          874.0
        ],
        [
          1647.0,
          873.0
        ],
        [
          1647.0,
          870.0
        ],
        [
          1646.0,
          869.0
        ],
        [
          1646.0,
          859.0
        ],
        [
          1647.0,
          858.0
        ],
        [
          1647.0,
          854.0
        ],
        [
          1648.0,
          853.0
        ],
        [
          1648.0,
          843.0
        ]
      ],
      "group_id": null,
      "description": "",
      "difficult": false,
      "shape_type": "polygon",
      "flags": {},
      "attributes": {},
      "kie_linking": []
    }
  ],
  "imagePath": "frame_000024.jpg",
  "imageData": null,
  "imageHeight": 1080,
  "imageWidth": 1920
}