{
  "version": "3.1.1",
  "flags": {},
  "shapes": [
    {
      "label": "fish",
      "score": null,
      "points": [
        [
          1480.0,
          84.0
        ],
        [
          1472.0,
          84.0
        ],
        [
          1469.0,
          87.0
        ],
        [
          1468.0,
          87.0
        ],
        [
          1462.0,
          93.0
        ],
        [
          1462.0,
          94.0
        ],
        [
          1461.0,
          95.0
        ],
        [
          1460.0,
          98.0
        ],
        [
          1458.0,
          100.0
        ],
        [
          1458.0,
          102.0
        ],
        [
          1457.0,
          103.0
        ],
        [
          1457.0,
          106.0
        ],
        [
          1456.0,
          107.0
        ],
        [
          1456.0,
          111.0
        ],
        [
          1455.0,
          112.0
        ],
        [
          1455.0,
          116.0
        ],
        [
          1454.0,
          117.0
        ],
        [
          1454.0,
          121.0
        ],
        [
          1453.0,
          122.0
        ],
        [
          1453.0,
          124.0
        ],
        [
          1450.0,
          129.0
        ],
        [
          1450.0,
          143.0
        ],
        [
          1451.0,
          144.0
        ],
        [
          1451.0,
          146.0
        ],
        [
          1450.0,
          147.0
        ],
        [
          1450.0,
          149.0
        ],
        [
          1449.0,
          150.0
        ],
        [
          1449.0,
          155.0
        ],
        [
          1448.0,
          156.0
        ],
        [
          1448.0,
          160.0
        ],
        [
          1447.0,
          161.0
        ],
        [
          1447.0,
          168.0
        ],
        [
          1446.0,
          169.0
        ],
        [
          1446.0,
          174.0
        ],
        [
          1445.0,
          175.0
        ],
        [
          1445.0,
          178.0
        ],
        [
          1444.0,
          179.0
        ],
        [
          1444.0,
          183.0
        ],
        [
          1443.0,
          184.0
        ],
        [
          1443.0,
          188.0
        ],
        [
          1442.0,
          189.0
        ],
        [
          1442.0,
          193.0
        ],
        [
          1441.0,
          194.0
        ],
        [
          1441.0,
          198.0
        ],
        [
          1440.0,
          199.0
        ],
        [
          1440.0,
          202.0
        ],
        [
          1439.0,
          203.0
        ],
        [
          1439.0,
          206.0
        ],
        [
          1438.0,
          207.0
        ],
        [
          1438.0,
          212.0
        ],
        [
          1437.0,
          213.0
        ],
        [
          1437.0,
          216.0
        ],
        [
          1436.0,
          217.0
        ],
        [
          1436.0,
          219.0
        ],
        [
          1435.0,
          220.0
        ],
        [
          1435.0,
          222.0
        ],
        [
          1434.0,
          223.0
        ],
        [
          1434.0,
          225.0
        ],
        [
          1433.0,
          226.0
        ],
        [
          1433.0,
          228.0
        ],
        [
          1432.0,
          229.0
        ],
        [
          1432.0,
          233.0
        ],
        [
          1431.0,
          234.0
        ],
        [
          1430.0,
          234.0
        ],
        [
          1429.0,
          235.0
        ],
        [
          1429.0,
          236.0
        ],
        [
          1430.0,
          236.0
        ],
        [
          1431.0,
          235.0
        ],
        [
          1435.0,
          235.0
        ],
        [
          1436.0,
          234.0
        ],
        [
          1438.0,
          234.0
        ],
        [
          1440.0,
          232.0
        ],
        [
          1441.0,
          232.0
        ],
        [
          1441.0,
          231.0
        ],
        [
          1444.0,
          226.0
        ],
        [
          1444.0,
          224.0
        ],
        [
          1447.0,
          219.0
        ],
        [
          1447.0,
          215.0
        ],
        [
          1448.0,
          214.0
        ],
        [
          1448.0,
          208.0
        ],
        [
          1449.0,
          207.0
        ],
        [
          1449.0,
          204.0
        ],
        [
          1450.0,
          203.0
        ],
        [
          1450.0,
          202.0
        ],
        [
          1451.0,
          201.0
        ],
        [
          1451.0,
          199.0
        ],
        [
          1452.0,
          198.0
        ],
        [
          1452.0,
          197.0
        ],
        [
          1453.0,
          196.0
        ],
        [
          1453.0,
          195.0
        ],
        [
          1456.0,
          190.0
        ],
        [
          1456.0,
          188.0
        ],
        [
          1457.0,
          187.0
        ],
        [
          1457.0,
          185.0
        ],
        [
          1459.0,
          182.0
        ],
        [
          1459.0,
          180.0
        ],
        [
          1461.0,
          177.0
        ],
        [
          1461.0,
          175.0
        ],
        [
          1462.0,
          174.0
        ],
        [
          1463.0,
          171.0
        ],
        [
          1465.0,
          169.0
        ],
        [
          1465.0,
          168.0
        ],
        [
          1466.0,
          167.0
        ],
        [
          1467.0,
          164.0
        ],
        [
          1469.0,
          162.0
        ],
        [
          1469.0,
          161.0
        ],
        [
          1470.0,
          160.0
        ],
        [
          1470.0,
          159.0
        ],
        [
          1471.0,
          158.0
        ],
        [
          1471.0,
          157.0
        ],
        [
          1472.0,
          156.0
        ],
        [
          1472.0,
          155.0
        ],
        [
          1473.0,
          154.0
        ],
        [
          1473.0,
          153.0
        ],
        [
          1474.0,
          152.0
        ],
        [
          1474.0,
          151.0
        ],
        [
          1477.0,
          146.0
        ],
        [
          1477.0,
          144.0
        ],
        [
          1478.0,
          143.0
        ],
        [
          1478.0,
          142.0
        ],
        [
          1481.0,
          137.0
        ],
        [
          1481.0,
          134.0
        ],
        [
          1482.0,
          133.0
        ],
        [
          1482.0,
          129.0
        ],
        [
          1483.0,
          128.0
        ],
        [
          1483.0,
          126.0
        ],
        [
          1484.0,
          125.0
        ],
        [
          1484.0,
          115.0
        ],
        [
          1485.0,
          114.0
        ],
        [
          1485.0,
          94.0
        ],
        [
          1484.0,
          93.0
        ],
        [
          1484.0,
          90.0
        ],
        [
          1483.0,
          89.0
        ],
        [
          1483.0,
          87.0
        ]
      ],
      "group_id": null,
      "description": "",
      "difficult": false,
      "shape_type": "polygon",
      "flags": {},
      "attributes": {},
      "kie_linking": []
    },
    {
      "label": "fish",
      "score": null,
      "points": [
        [
          1519.0,
          66.0
        ],
        [
          1517.0,
          68.0
        ],
        [
          1517.0,
          78.0
        ],
        [
          1520.0,
          82.0
        ],
        [
          1520.0,
          83.0
        ],
        [
          1522.0,
          86.0
        ],
        [
          1522.0,
          88.0
        ],
        [
          1523.0,
          89.0
        ],
        [
          1523.0,
          97.0
        ],
        [
          1522.0,
          98.0
        ],
        [
          1522.0,
          105.0
        ],
        [
          1529.0,
          112.0
        ],
        [
          1529.0,
          113.0
        ],
        [
          1531.0,
          115.0
        ],
        [
          1531.0,
          116.0
        ],
        [
          1535.0,
          123.0
        ],
        [
          1535.0,
          125.0
        ],
        [
          1539.0,
          130.0
        ],
        [
          1539.0,
          136.0
        ],
        [
          1538.0,
          137.0
        ],
        [
          1539.0,
          138.0
        ],
        [
          1539.0,
          139.0
        ],
        [
          1540.0,
          140.0
        ],
        [
          1540.0,
          142.0
        ],
        [
          1544.0,
          149.0
        ],
        [
          1545.0,
          154.0
        ],
        [
          1551.0,
          165.0
        ],
        [
          1551.0,
          167.0
        ],
        [
          1552.0,
          168.0
        ],
        [
          1554.0,
          173.0
        ],
        [
          1556.0,
          175.0
        ],
        [
          1556.0,
          176.0
        ],
        [
          1558.0,
          178.0
        ],
        [
          1558.0,
          179.0
        ],
        [
          1560.0,
          182.0
        ],
        [
          1560.0,
          184.0
        ],
        [
          1561.0,
          185.0
        ],
        [
          1561.0,
          187.0
        ],
        [
          1562.0,
          188.0
        ],
        [
          1562.0,
          190.0
        ],
        [
          1564.0,
          193.0
        ],
        [
          1564.0,
          195.0
        ],
        [
          1565.0,
          196.0
        ],
        [
          1565.0,
          197.0
        ],
        [
          1578.0,
          210.0
        ],
        [
          1580.0,
          210.0
        ],
        [
          1581.0,
          211.0
        ],
        [
          1586.0,
          212.0
        ],
        [
          1587.0,
          213.0
        ],
        [
          1594.0,
          216.0
        ],
        [
          1599.0,
          221.0
        ],
        [
          1605.0,
          221.0
        ],
        [
          1606.0,
          220.0
        ],
        [
          1606.0,
          219.0
        ],
        [
          1605.0,
          218.0
        ],
        [
          1605.0,
          214.0
        ],
        [
          1604.0,
          213.0
        ],
        [
          1604.0,
          212.0
        ],
        [
          1602.0,
          210.0
        ],
        [
          1599.0,
          209.0
        ],
        [
          1588.0,
          199.0
        ],
        [
          1588.0,
          198.0
        ],
        [
          1586.0,
          196.0
        ],
        [
          1586.0,
          195.0
        ],
        [
          1583.0,
          192.0
        ],
        [
          1583.0,
          191.0
        ],
        [
          1579.0,
          184.0
        ],
        [
          1579.0,
          181.0
        ],
        [
          1578.0,
          180.0
        ],
        [
          1578.0,
          178.0
        ],
        [
          1577.0,
          177.0
        ],
        [
          1577.0,
          174.0
        ],
        [
          1576.0,
          173.0
        ],
        [
          1576.0,
          170.0
        ],
        [
          1575.0,
          169.0
        ],
        [
          1575.0,
          167.0
        ],
        [
          1574.0,
          166.0
        ],
        [
          1573.0,
          161.0
        ],
        [
          1571.0,
          158.0
        ],
        [
          1570.0,
          153.0
        ],
        [
          1567.0,
          148.0
        ],
        [
          1567.0,
          133.0
        ],
        [
          1568.0,
          132.0
        ],
        [
          1568.0,
          120.0
        ],
        [
          1567.0,
          119.0
        ],
        [
          1567.0,
          112.0
        ],
        [
          1566.0,
          111.0
        ],
        [
          1566.0,
          106.0
        ],
        [
          1565.0,
          105.0
        ],
        [
          1565.0,
          103.0
        ],
        [
          1564.0,
          102.0
        ],
        [
          1564.0,
          100.0
        ],
        [
          1563.0,
          99.0
        ],
        [
          1563.0,
          98.0
        ],
        [
          1559.0,
          94.0
        ],
        [
          1559.0,
          93.0
        ],
        [
          1553.0,
          85.0
        ],
        [
          1553.0,
          84.0
        ],
        [
          1550.0,
          79.0
        ],
        [
          1550.0,
          77.0
        ],
        [
          1549.0,
          76.0
        ],
        [
          1549.0,
          75.0
        ],
        [
          1545.0,
          71.0
        ],
        [
          1545.0,
          70.0
        ],
        [
          1543.0,
          67.0
        ],
        [
          1542.0,
          67.0
        ],
        [
          1539.0,
          65.0
        ],
        [
          1536.0,
          65.0
        ],
        [
          1535.0,
          64.0
        ],
        [
          1524.0,
          64.0
        ],
        [
          1523.0,
          65.0
        ],
        [
          1521.0,
          65.0
        ],
        [
          1520.0,
          66.0
        ]
      ],
      "group_id": null,
      "description": "",
      "difficult": false,
      "shape_type": "polygon",
      "flags": {},
      "attributes": {},
      "kie_linking": []
    },
    {
      "label": "fish",
      "score": null,
      "points": [
        [
          1779.0,
          304.0
        ],
        [
          1779.0,
          302.0
        ],
        [
          1777.0,
          300.0
        ],
        [
          1776.0,
          300.0
        ],
        [
          1775.0,
          299.0
        ],
        [
          1774.0,
          299.0
        ],
        [
          1773.0,
          298.0
        ],
        [
          1771.0,
          298.0
        ],
        [
          1770.0,
          297.0
        ],
        [
          1769.0,
          297.0
        ],
        [
          1768.0,
          296.0
        ],
        [
          1766.0,
          296.0
        ],
        [
          1765.0,
          295.0
        ],
        [
          1764.0,
          295.0
        ],
        [
          1763.0,
          294.0
        ],
        [
          1762.0,
          294.0
        ],
        [
          1761.0,
          293.0
        ],
        [
          1760.0,
          293.0
        ],
        [
          1759.0,
          292.0
        ],
        [
          1757.0,
          292.0
        ],
        [
          1756.0,
          291.0
        ],
        [
          1754.0,
          291.0
        ],
        [
          1753.0,
          290.0
        ],
        [
          1752.0,
          290.0
        ],
        [
          1751.0,
          289.0
        ],
        [
          1749.0,
          289.0
        ],
        [
          1748.0,
          288.0
        ],
        [
          1747.0,
          288.0
        ],
        [
          1746.0,
          287.0
        ],
        [
          1745.0,
          287.0
        ],
        [
          1744.0,
          286.0
        ],
        [
          1743.0,
          286.0
        ],
        [
          1742.0,
          285.0
        ],
        [
          1739.0,
          285.0
        ],
        [
          1738.0,
          284.0
        ],
        [
          1735.0,
          284.0
        ],
        [
          1734.0,
          283.0
        ],
        [
          1732.0,
          283.0
        ],
        [
          1731.0,
          282.0
        ],
        [
          1728.0,
          282.0
        ],
        [
          1727.0,
          281.0
        ],
        [
          1719.0,
          281.0
        ],
        [
          1718.0,
          282.0
        ],
        [
          1716.0,
          282.0
        ],
        [
          1715.0,
          283.0
        ],
        [
          1714.0,
          283.0
        ],
        [
          1713.0,
          284.0
        ],
        [
          1708.0,
          284.0
        ],
        [
          1707.0,
          285.0
        ],
        [
          1704.0,
          285.0
        ],
        [
          1703.0,
          286.0
        ],
        [
          1701.0,
          286.0
        ],
        [
          1700.0,
          287.0
        ],
        [
          1698.0,
          287.0
        ],
        [
          1697.0,
          288.0
        ],
        [
          1695.0,
          288.0
        ],
        [
          1694.0,
          289.0
        ],
        [
          1691.0,
          289.0
        ],
        [
          1690.0,
          290.0
        ],
        [
          1685.0,
          290.0
        ],
        [
          1684.0,
          291.0
        ],
        [
          1680.0,
          291.0
        ],
        [
          1679.0,
          290.0
        ],
        [
          1675.0,
          290.0
        ],
        [
          1674.0,
          291.0
        ],
        [
          1671.0,
          291.0
        ],
        [
          1670.0,
          292.0
        ],
        [
          1667.0,
          292.0
        ],
        [
          1666.0,
          293.0
        ],
        [
          1663.0,
          293.0
        ],
        [
          1662.0,
          294.0
        ],
        [
          1659.0,
          294.0
        ],
        [
          1658.0,
          295.0
        ],
        [
          1657.0,
          295.0
        ],
        [
          1656.0,
          296.0
        ],
        [
          1657.0,
          297.0
        ],
        [
          1659.0,
          297.0
        ],
        [
          1660.0,
          298.0
        ],
        [
          1662.0,
          298.0
        ],
        [
          1663.0,
          299.0
        ],
        [
          1666.0,
          299.0
        ],
        [
          1667.0,
          300.0
        ],
        [
          1670.0,
          300.0
        ],
        [
          1671.0,
          301.0
        ],
        [
          1673.0,
          301.0
        ],
        [
          1674.0,
          302.0
        ],
        [
          1677.0,
          302.0
        ],
        [
          1678.0,
          303.0
        ],
        [
          1681.0,
          303.0
        ],
        [
          1682.0,
          304.0
        ],
        [
          1685.0,
          304.0
        ],
        [
          1686.0,
          305.0
        ],
        [
          1689.0,
          305.0
        ],
        [
          1690.0,
          306.0
        ],
        [
          1693.0,
          306.0
        ],
        [
          1694.0,
          307.0
        ],
        [
          1698.0,
          307.0
        ],
        [
          1699.0,
          308.0
        ],
        [
          1702.0,
          308.0
        ],
        [
          1703.0,
          309.0
        ],
        [
          1706.0,
          309.0
        ],
        [
          1707.0,
          310.0
        ],
        [
          1710.0,
          310.0
        ],
        [
          1711.0,
          311.0
        ],
        [
          1718.0,
          311.0
        ],
        [
          1719.0,
          312.0
        ],
        [
          1726.0,
          312.0
        ],
        [
          1727.0,
          313.0
        ],
        [
          1735.0,
          313.0
        ],
        [
          1736.0,
          314.0
        ],
        [
          1744.0,
          314.0
        ],
        [
          1745.0,
          313.0
        ],
        [
          1749.0,
          313.0
        ],
        [
          1750.0,
          312.0
        ],
        [
          1753.0,
          312.0
        ],
        [
          1754.0,
          311.0
        ],
        [
          1757.0,
          311.0
        ],
        [
          1758.0,
          310.0
        ],
        [
          1761.0,
          310.0
        ],
        [
          1762.0,
          309.0
        ],
        [
          1767.0,
          309.0
        ],
        [
          1768.0,
          308.0
        ],
        [
          1774.0,
          308.0
        ],
        [
          1775.0,
          307.0
        ],
        [
          1776.0,
          307.0
        ]
      ],
      "group_id": null,
      "description": "",
      "difficult": false,
      "shape_type": "polygon",
      "flags": {},
      "attributes": {},
      "kie_linking": []
    },
    {
      "label": "fish",
      "score": null,
      "points": [
        [
          1652.0,
          431.0
        ],
        [
          1652.0,
          436.0
        ],
        [
          1653.0,
          437.0
        ],
        [
          1653.0,
          438.0
        ],
        [
          1654.0,
          439.0
        ],
        [
          1654.0,
          440.0
        ],
        [
          1656.0,
          442.0
        ],
        [
          1656.0,
          443.0
        ],
        [
          1658.0,
          446.0
        ],
        [
          1658.0,
          451.0
        ],
        [
          1659.0,
          452.0
        ],
        [
          1659.0,
          453.0
        ],
        [
          1660.0,
          454.0
        ],
        [
          1660.0,
          455.0
        ],
        [
          1663.0,
          458.0
        ],
        [
          1663.0,
          459.0
        ],
        [
          1664.0,
          460.0
        ],
        [
          1664.0,
          462.0
        ],
        [
          1665.0,
          463.0
        ],
        [
          1665.0,
          465.0
        ],
        [
          1667.0,
          468.0
        ],
        [
          1667.0,
          470.0
        ],
        [
          1669.0,
          473.0
        ],
        [
          1669.0,
          475.0
        ],
        [
          1672.0,
          478.0
        ],
        [
          1672.0,
          479.0
        ],
        [
          1675.0,
          482.0
        ],
        [
          1675.0,
          483.0
        ],
        [
          1676.0,
          484.0
        ],
        [
          1676.0,
          486.0
        ],
        [
          1677.0,
          487.0
        ],
        [
          1677.0,
          488.0
        ],
        [
          1679.0,
          490.0
        ],
        [
          1680.0,
          490.0
        ],
        [
          1681.0,
          491.0
        ],
        [
          1682.0,
          491.0
        ],
        [
          1683.0,
          492.0
        ],
        [
          1683.0,
          493.0
        ],
        [
          1685.0,
          495.0
        ],
        [
          1685.0,
          497.0
        ],
        [
          1686.0,
          498.0
        ],
        [
          1686.0,
          506.0
        ],
        [
          1687.0,
          507.0
        ],
        [
          1687.0,
          509.0
        ],
        [
          1688.0,
          510.0
        ],
        [
          1688.0,
          512.0
        ],
        [
          1690.0,
          514.0
        ],
        [
          1691.0,
          514.0
        ],
        [
          1697.0,
          520.0
        ],
        [
          1697.0,
          521.0
        ],
        [
          1700.0,
          524.0
        ],
        [
          1700.0,
          525.0
        ],
        [
          1701.0,
          526.0
        ],
        [
          1701.0,
          527.0
        ],
        [
          1702.0,
          528.0
        ],
        [
          1702.0,
          529.0
        ],
        [
          1704.0,
          531.0
        ],
        [
          1705.0,
          531.0
        ],
        [
          1706.0,
          532.0
        ],
        [
          1712.0,
          532.0
        ],
        [
          1713.0,
          533.0
        ],
        [
          1715.0,
          533.0
        ],
        [
          1719.0,
          537.0
        ],
        [
          1720.0,
          537.0
        ],
        [
          1721.0,
          538.0
        ],
        [
          1727.0,
          538.0
        ],
        [
          1729.0,
          535.0
        ],
        [
          1729.0,
          524.0
        ],
        [
          1728.0,
          523.0
        ],
        [
          1728.0,
          521.0
        ],
        [
          1726.0,
          518.0
        ],
        [
          1726.0,
          516.0
        ],
        [
          1725.0,
          515.0
        ],
        [
          1725.0,
          513.0
        ],
        [
          1723.0,
          510.0
        ],
        [
          1723.0,
          508.0
        ],
        [
          1722.0,
          507.0
        ],
        [
          1722.0,
          505.0
        ],
        [
          1717.0,
          500.0
        ],
        [
          1717.0,
          499.0
        ],
        [
          1716.0,
          498.0
        ],
        [
          1716.0,
          496.0
        ],
        [
          1715.0,
          495.0
        ],
        [
          1715.0,
          493.0
        ],
        [
          1714.0,
          492.0
        ],
        [
          1714.0,
          491.0
        ],
        [
          1713.0,
          490.0
        ],
        [
          1713.0,
          489.0
        ],
        [
          1710.0,
          486.0
        ],
        [
          1710.0,
          485.0
        ],
        [
          1708.0,
          483.0
        ],
        [
          1708.0,
          482.0
        ],
        [
          1703.0,
          477.0
        ],
        [
          1703.0,
          476.0
        ],
        [
          1701.0,
          474.0
        ],
        [
          1700.0,
          474.0
        ],
        [
          1699.0,
          473.0
        ],
        [
          1698.0,
          473.0
        ],
        [
          1697.0,
          472.0
        ],
        [
          1696.0,
          472.0
        ],
        [
          1695.0,
          471.0
        ],
        [
          1694.0,
          471.0
        ],
        [
          1689.0,
          466.0
        ],
        [
          1689.0,
          465.0
        ],
        [
          1688.0,
          464.0
        ],
        [
          1688.0,
          461.0
        ],
        [
          1687.0,
          460.0
        ],
        [
          1687.0,
          458.0
        ],
        [
          1685.0,
          456.0
        ],
        [
          1685.0,
          455.0
        ],
        [
          1684.0,
          455.0
        ],
        [
          1681.0,
          452.0
        ],
        [
          1681.0,
          451.0
        ],
        [
          1680.0,
          450.0
        ],
        [
          1679.0,
          450.0
        ],
        [
          1677.0,
          448.0
        ],
        [
          1676.0,
          448.0
        ],
        [
          1675.0,
          447.0
        ],
        [
          1674.0,
          447.0
        ],
        [
          1672.0,
          445.0
        ],
        [
          1672.0,
          444.0
        ],
        [
          1669.0,
          441.0
        ],
        [
          1668.0,
          441.0
        ],
        [
          1659.0,
          432.0
        ],
        [
          1656.0,
          432.0
        ],
        [
          1655.0,
          431.0
        ]
      ],
      "group_id": null,
      "description": "",
      "difficult": false,
      "shape_type": "polygon",
      "flags": {},
      "attributes": {},
      "kie_linking": []
    }
  ],
  "imagePath": "frame_000010.jpg",
  "imageData": null,
  "imageHeight": 1080,
  "imageWidth": 1920,
  "description": ""
}