{
  "version": "3.1.1",
  "flags": {},
  "shapes": [
    {
      "label": "fish",
      "score": null,
      "points": [
        [
          1481.0,
          60.0
        ],
        [
          1476.0,
          60.0
        ],
        [
          1475.0,
          61.0
        ],
        [
          1474.0,
          61.0
        ],
        [
          1472.0,
          63.0
        ],
        [
          1472.0,
          64.0
        ],
        [
          1470.0,
          67.0
        ],
        [
          1470.0,
          69.0
        ],
        [
          1469.0,
          70.0
        ],
        [
          1469.0,
          72.0
        ],
        [
          1468.0,
          73.0
        ],
        [
          1467.0,
          76.0
        ],
        [
          1465.0,
          78.0
        ],
        [
          1465.0,
          79.0
        ],
        [
          1462.0,
          84.0
        ],
        [
          1462.0,
          86.0
        ],
        [
          1461.0,
          87.0
        ],
        [
          1461.0,
          89.0
        ],
        [
          1460.0,
          90.0
        ],
        [
          1460.0,
          92.0
        ],
        [
          1459.0,
          93.0
        ],
        [
          1459.0,
          95.0
        ],
        [
          1458.0,
          96.0
        ],
        [
          1458.0,
          98.0
        ],
        [
          1457.0,
          99.0
        ],
        [
          1457.0,
          107.0
        ],
        [
          1456.0,
          108.0
        ],
        [
          1456.0,
          116.0
        ],
        [
          1455.0,
          117.0
        ],
        [
          1455.0,
          125.0
        ],
        [
          1454.0,
          126.0
        ],
        [
          1454.0,
          129.0
        ],
        [
          1453.0,
          130.0
        ],
        [
          1453.0,
          138.0
        ],
        [
          1452.0,
          139.0
        ],
        [
          1452.0,
          142.0
        ],
        [
          1451.0,
          143.0
        ],
        [
          1451.0,
          148.0
        ],
        [
          1450.0,
          149.0
        ],
        [
          1450.0,
          153.0
        ],
        [
          1449.0,
          154.0
        ],
        [
          1449.0,
          163.0
        ],
        [
          1448.0,
          164.0
        ],
        [
          1448.0,
          170.0
        ],
        [
          1447.0,
          171.0
        ],
        [
          1447.0,
          175.0
        ],
        [
          1446.0,
          176.0
        ],
        [
          1446.0,
          180.0
        ],
        [
          1445.0,
          181.0
        ],
        [
          1445.0,
          191.0
        ],
        [
          1444.0,
          192.0
        ],
        [
          1444.0,
          194.0
        ],
        [
          1442.0,
          197.0
        ],
        [
          1442.0,
          199.0
        ],
        [
          1441.0,
          200.0
        ],
        [
          1441.0,
          202.0
        ],
        [
          1439.0,
          205.0
        ],
        [
          1439.0,
          208.0
        ],
        [
          1436.0,
          211.0
        ],
        [
          1436.0,
          212.0
        ],
        [
          1435.0,
          213.0
        ],
        [
          1435.0,
          216.0
        ],
        [
          1434.0,
          217.0
        ],
        [
          1434.0,
          220.0
        ],
        [
          1435.0,
          220.0
        ],
        [
          1436.0,
          219.0
        ],
        [
          1436.0,
          218.0
        ],
        [
          1440.0,
          214.0
        ],
        [
          1442.0,
          214.0
        ],
        [
          1443.0,
          213.0
        ],
        [
          1444.0,
          213.0
        ],
        [
          1445.0,
          212.0
        ],
        [
          1446.0,
          209.0
        ],
        [
          1448.0,
          207.0
        ],
        [
          1448.0,
          206.0
        ],
        [
          1451.0,
          201.0
        ],
        [
          1451.0,
          199.0
        ],
        [
          1452.0,
          198.0
        ],
        [
          1452.0,
          194.0
        ],
        [
          1453.0,
          193.0
        ],
        [
          1453.0,
          188.0
        ],
        [
          1454.0,
          187.0
        ],
        [
          1454.0,
          184.0
        ],
        [
          1455.0,
          183.0
        ],
        [
          1455.0,
          180.0
        ],
        [
          1456.0,
          179.0
        ],
        [
          1456.0,
          178.0
        ],
        [
          1457.0,
          177.0
        ],
        [
          1457.0,
          176.0
        ],
        [
          1460.0,
          171.0
        ],
        [
          1460.0,
          169.0
        ],
        [
          1461.0,
          168.0
        ],
        [
          1461.0,
          166.0
        ],
        [
          1462.0,
          165.0
        ],
        [
          1462.0,
          163.0
        ],
        [
          1463.0,
          162.0
        ],
        [
          1463.0,
          161.0
        ],
        [
          1465.0,
          158.0
        ],
        [
          1465.0,
          156.0
        ],
        [
          1468.0,
          151.0
        ],
        [
          1468.0,
          149.0
        ],
        [
          1469.0,
          148.0
        ],
        [
          1469.0,
          146.0
        ],
        [
          1470.0,
          145.0
        ],
        [
          1470.0,
          144.0
        ],
        [
          1472.0,
          142.0
        ],
        [
          1472.0,
          141.0
        ],
        [
          1474.0,
          139.0
        ],
        [
          1474.0,
          138.0
        ],
        [
          1475.0,
          137.0
        ],
        [
          1476.0,
          134.0
        ],
        [
          1478.0,
          132.0
        ],
        [
          1478.0,
          131.0
        ],
        [
          1479.0,
          130.0
        ],
        [
          1479.0,
          129.0
        ],
        [
          1480.0,
          128.0
        ],
        [
          1480.0,
          127.0
        ],
        [
          1483.0,
          122.0
        ],
        [
          1483.0,
          116.0
        ],
        [
          1484.0,
          115.0
        ],
        [
          1484.0,
          112.0
        ],
        [
          1485.0,
          111.0
        ],
        [
          1485.0,
          106.0
        ],
        [
          1486.0,
          105.0
        ],
        [
          1486.0,
          98.0
        ],
        [
          1487.0,
          97.0
        ],
        [
          1487.0,
          89.0
        ],
        [
          1488.0,
          88.0
        ],
        [
          1488.0,
          75.0
        ],
        [
          1487.0,
          74.0
        ],
        [
          1487.0,
          70.0
        ],
        [
          1486.0,
          69.0
        ],
        [
          1486.0,
          67.0
        ],
        [
          1485.0,
          66.0
        ],
        [
          1484.0,
          63.0
        ]
      ],
      "group_id": null,
      "description": "",
      "difficult": false,
      "shape_type": "polygon",
      "flags": {},
      "attributes": {},
      "kie_linking": []
    },
    {
      "label": "fish",
      "score": null,
      "points": [
        [
          1524.0,
          62.0
        ],
        [
          1524.0,
          63.0
        ],
        [
          1523.0,
          64.0
        ],
        [
          1523.0,
          79.0
        ],
        [
          1524.0,
          80.0
        ],
        [
          1524.0,
          82.0
        ],
        [
          1525.0,
          83.0
        ],
        [
          1525.0,
          88.0
        ],
        [
          1526.0,
          89.0
        ],
        [
          1526.0,
          92.0
        ],
        [
          1527.0,
          93.0
        ],
        [
          1527.0,
          94.0
        ],
        [
          1529.0,
          96.0
        ],
        [
          1529.0,
          97.0
        ],
        [
          1531.0,
          99.0
        ],
        [
          1531.0,
          100.0
        ],
        [
          1536.0,
          109.0
        ],
        [
          1536.0,
          111.0
        ],
        [
          1537.0,
          112.0
        ],
        [
          1537.0,
          115.0
        ],
        [
          1538.0,
          116.0
        ],
        [
          1538.0,
          118.0
        ],
        [
          1540.0,
          121.0
        ],
        [
          1540.0,
          123.0
        ],
        [
          1542.0,
          125.0
        ],
        [
          1542.0,
          126.0
        ],
        [
          1545.0,
          131.0
        ],
        [
          1545.0,
          133.0
        ],
        [
          1546.0,
          134.0
        ],
        [
          1546.0,
          137.0
        ],
        [
          1547.0,
          138.0
        ],
        [
          1547.0,
          139.0
        ],
        [
          1546.0,
          140.0
        ],
        [
          1546.0,
          148.0
        ],
        [
          1547.0,
          149.0
        ],
        [
          1547.0,
          152.0
        ],
        [
          1549.0,
          155.0
        ],
        [
          1549.0,
          157.0
        ],
        [
          1550.0,
          158.0
        ],
        [
          1550.0,
          159.0
        ],
        [
          1551.0,
          160.0
        ],
        [
          1551.0,
          162.0
        ],
        [
          1553.0,
          165.0
        ],
        [
          1554.0,
          170.0
        ],
        [
          1555.0,
          171.0
        ],
        [
          1555.0,
          172.0
        ],
        [
          1556.0,
          173.0
        ],
        [
          1556.0,
          174.0
        ],
        [
          1557.0,
          175.0
        ],
        [
          1557.0,
          176.0
        ],
        [
          1558.0,
          177.0
        ],
        [
          1561.0,
          184.0
        ],
        [
          1573.0,
          196.0
        ],
        [
          1574.0,
          199.0
        ],
        [
          1581.0,
          206.0
        ],
        [
          1582.0,
          206.0
        ],
        [
          1585.0,
          208.0
        ],
        [
          1588.0,
          208.0
        ],
        [
          1589.0,
          209.0
        ],
        [
          1592.0,
          210.0
        ],
        [
          1595.0,
          213.0
        ],
        [
          1596.0,
          213.0
        ],
        [
          1599.0,
          215.0
        ],
        [
          1602.0,
          215.0
        ],
        [
          1604.0,
          213.0
        ],
        [
          1604.0,
          212.0
        ],
        [
          1599.0,
          207.0
        ],
        [
          1598.0,
          207.0
        ],
        [
          1593.0,
          203.0
        ],
        [
          1590.0,
          202.0
        ],
        [
          1586.0,
          198.0
        ],
        [
          1583.0,
          197.0
        ],
        [
          1579.0,
          193.0
        ],
        [
          1579.0,
          192.0
        ],
        [
          1577.0,
          190.0
        ],
        [
          1577.0,
          189.0
        ],
        [
          1574.0,
          184.0
        ],
        [
          1574.0,
          180.0
        ],
        [
          1573.0,
          179.0
        ],
        [
          1573.0,
          168.0
        ],
        [
          1572.0,
          167.0
        ],
        [
          1572.0,
          165.0
        ],
        [
          1568.0,
          158.0
        ],
        [
          1568.0,
          156.0
        ],
        [
          1567.0,
          155.0
        ],
        [
          1567.0,
          153.0
        ],
        [
          1566.0,
          152.0
        ],
        [
          1566.0,
          150.0
        ],
        [
          1565.0,
          149.0
        ],
        [
          1565.0,
          145.0
        ],
        [
          1564.0,
          144.0
        ],
        [
          1565.0,
          143.0
        ],
        [
          1565.0,
          135.0
        ],
        [
          1566.0,
          134.0
        ],
        [
          1566.0,
          109.0
        ],
        [
          1565.0,
          108.0
        ],
        [
          1565.0,
          104.0
        ],
        [
          1564.0,
          103.0
        ],
        [
          1564.0,
          100.0
        ],
        [
          1563.0,
          99.0
        ],
        [
          1561.0,
          94.0
        ],
        [
          1559.0,
          92.0
        ],
        [
          1558.0,
          89.0
        ],
        [
          1556.0,
          87.0
        ],
        [
          1556.0,
          86.0
        ],
        [
          1555.0,
          85.0
        ],
        [
          1555.0,
          82.0
        ],
        [
          1554.0,
          81.0
        ],
        [
          1554.0,
          78.0
        ],
        [
          1553.0,
          77.0
        ],
        [
          1552.0,
          74.0
        ],
        [
          1550.0,
          72.0
        ],
        [
          1550.0,
          71.0
        ],
        [
          1549.0,
          70.0
        ],
        [
          1548.0,
          67.0
        ],
        [
          1546.0,
          65.0
        ],
        [
          1546.0,
          64.0
        ],
        [
          1545.0,
          64.0
        ],
        [
          1543.0,
          62.0
        ],
        [
          1542.0,
          62.0
        ],
        [
          1541.0,
          61.0
        ],
        [
          1526.0,
          61.0
        ],
        [
          1525.0,
          62.0
        ]
      ],
      "group_id": null,
      "description": "",
      "difficult": false,
      "shape_type": "polygon",
      "flags": {},
      "attributes": {},
      "kie_linking": []
    },
    {
      "label": "fish",
      "score": null,
      "points": [
        [
          1658.0,
          278.0
        ],
        [
          1658.0,
          280.0
        ],
        [
          1659.0,
          281.0
        ],
        [
          1660.0,
          281.0
        ],
        [
          1661.0,
          282.0
        ],
        [
          1662.0,
          282.0
        ],
        [
          1663.0,
          283.0
        ],
        [
          1665.0,
          283.0
        ],
        [
          1666.0,
          284.0
        ],
        [
          1667.0,
          284.0
        ],
        [
          1668.0,
          285.0
        ],
        [
          1670.0,
          285.0
        ],
        [
          1671.0,
          286.0
        ],
        [
          1672.0,
          286.0
        ],
        [
          1673.0,
          287.0
        ],
        [
          1674.0,
          287.0
        ],
        [
          1675.0,
          288.0
        ],
        [
          1677.0,
          288.0
        ],
        [
          1678.0,
          289.0
        ],
        [
          1680.0,
          289.0
        ],
        [
          1681.0,
          290.0
        ],
        [
          1682.0,
          290.0
        ],
        [
          1683.0,
          291.0
        ],
        [
          1685.0,
          291.0
        ],
        [
          1686.0,
          292.0
        ],
        [
          1687.0,
          292.0
        ],
        [
          1688.0,
          293.0
        ],
        [
          1689.0,
          293.0
        ],
        [
          1690.0,
          294.0
        ],
        [
          1691.0,
          294.0
        ],
        [
          1693.0,
          296.0
        ],
        [
          1694.0,
          296.0
        ],
        [
          1695.0,
          297.0
        ],
        [
          1696.0,
          297.0
        ],
        [
          1697.0,
          298.0
        ],
        [
          1698.0,
          298.0
        ],
        [
          1699.0,
          299.0
        ],
        [
          1700.0,
          299.0
        ],
        [
          1702.0,
          301.0
        ],
        [
          1703.0,
          301.0
        ],
        [
          1704.0,
          302.0
        ],
        [
          1705.0,
          302.0
        ],
        [
          1707.0,
          304.0
        ],
        [
          1708.0,
          304.0
        ],
        [
          1709.0,
          305.0
        ],
        [
          1710.0,
          305.0
        ],
        [
          1711.0,
          306.0
        ],
        [
          1712.0,
          306.0
        ],
        [
          1713.0,
          307.0
        ],
        [
          1714.0,
          307.0
        ],
        [
          1716.0,
          309.0
        ],
        [
          1717.0,
          309.0
        ],
        [
          1718.0,
          310.0
        ],
        [
          1719.0,
          310.0
        ],
        [
          1720.0,
          311.0
        ],
        [
          1721.0,
          311.0
        ],
        [
          1722.0,
          312.0
        ],
        [
          1723.0,
          312.0
        ],
        [
          1724.0,
          313.0
        ],
        [
          1725.0,
          313.0
        ],
        [
          1726.0,
          314.0
        ],
        [
          1728.0,
          314.0
        ],
        [
          1729.0,
          315.0
        ],
        [
          1730.0,
          315.0
        ],
        [
          1731.0,
          316.0
        ],
        [
          1733.0,
          316.0
        ],
        [
          1734.0,
          317.0
        ],
        [
          1735.0,
          317.0
        ],
        [
          1736.0,
          318.0
        ],
        [
          1738.0,
          318.0
        ],
        [
          1739.0,
          319.0
        ],
        [
          1741.0,
          319.0
        ],
        [
          1742.0,
          320.0
        ],
        [
          1743.0,
          320.0
        ],
        [
          1744.0,
          321.0
        ],
        [
          1745.0,
          321.0
        ],
        [
          1746.0,
          322.0
        ],
        [
          1748.0,
          322.0
        ],
        [
          1749.0,
          323.0
        ],
        [
          1754.0,
          323.0
        ],
        [
          1755.0,
          322.0
        ],
        [
          1761.0,
          322.0
        ],
        [
          1762.0,
          323.0
        ],
        [
          1766.0,
          323.0
        ],
        [
          1767.0,
          322.0
        ],
        [
          1768.0,
          322.0
        ],
        [
          1769.0,
          321.0
        ],
        [
          1770.0,
          321.0
        ],
        [
          1772.0,
          319.0
        ],
        [
          1772.0,
          316.0
        ],
        [
          1771.0,
          315.0
        ],
        [
          1771.0,
          313.0
        ],
        [
          1770.0,
          312.0
        ],
        [
          1770.0,
          310.0
        ],
        [
          1769.0,
          309.0
        ],
        [
          1769.0,
          308.0
        ],
        [
          1761.0,
          300.0
        ],
        [
          1760.0,
          300.0
        ],
        [
          1758.0,
          298.0
        ],
        [
          1757.0,
          298.0
        ],
        [
          1753.0,
          294.0
        ],
        [
          1752.0,
          294.0
        ],
        [
          1750.0,
          292.0
        ],
        [
          1749.0,
          292.0
        ],
        [
          1747.0,
          290.0
        ],
        [
          1746.0,
          290.0
        ],
        [
          1743.0,
          287.0
        ],
        [
          1742.0,
          287.0
        ],
        [
          1740.0,
          285.0
        ],
        [
          1738.0,
          285.0
        ],
        [
          1737.0,
          284.0
        ],
        [
          1736.0,
          284.0
        ],
        [
          1735.0,
          283.0
        ],
        [
          1734.0,
          283.0
        ],
        [
          1733.0,
          282.0
        ],
        [
          1732.0,
          282.0
        ],
        [
          1730.0,
          280.0
        ],
        [
          1729.0,
          280.0
        ],
        [
          1728.0,
          279.0
        ],
        [
          1726.0,
          279.0
        ],
        [
          1725.0,
          278.0
        ],
        [
          1721.0,
          278.0
        ],
        [
          1720.0,
          277.0
        ],
        [
          1714.0,
          277.0
        ],
        [
          1713.0,
          276.0
        ],
        [
          1704.0,
          276.0
        ],
        [
          1703.0,
          275.0
        ],
        [
          1701.0,
          275.0
        ],
        [
          1700.0,
          274.0
        ],
        [
          1698.0,
          274.0
        ],
        [
          1697.0,
          273.0
        ],
        [
          1695.0,
          273.0
        ],
        [
          1694.0,
          272.0
        ],
        [
          1683.0,
          272.0
        ],
        [
          1682.0,
          273.0
        ],
        [
          1669.0,
          273.0
        ],
        [
          1668.0,
          274.0
        ],
        [
          1662.0,
          274.0
        ]
      ],
      "group_id": null,
      "description": "",
      "difficult": false,
      "shape_type": "polygon",
      "flags": {},
      "attributes": {},
      "kie_linking": []
    },
    {
      "label": "fish",
      "score": null,
      "points": [
        [
          1676.0,
          479.0
        ],
        [
          1675.0,
          480.0
        ],
        [
          1675.0,
          488.0
        ],
        [
          1676.0,
          489.0
        ],
        [
          1676.0,
          492.0
        ],
        [
          1677.0,
          493.0
        ],
        [
          1677.0,
          494.0
        ],
        [
          1678.0,
          495.0
        ],
        [
          1678.0,
          496.0
        ],
        [
          1679.0,
          497.0
        ],
        [
          1679.0,
          498.0
        ],
        [
          1680.0,
          499.0
        ],
        [
          1680.0,
          501.0
        ],
        [
          1681.0,
          502.0
        ],
        [
          1681.0,
          504.0
        ],
        [
          1682.0,
          505.0
        ],
        [
          1682.0,
          506.0
        ],
        [
          1685.0,
          509.0
        ],
        [
          1685.0,
          510.0
        ],
        [
          1686.0,
          511.0
        ],
        [
          1686.0,
          512.0
        ],
        [
          1687.0,
          513.0
        ],
        [
          1687.0,
          514.0
        ],
        [
          1688.0,
          515.0
        ],
        [
          1688.0,
          516.0
        ],
        [
          1689.0,
          517.0
        ],
        [
          1689.0,
          518.0
        ],
        [
          1690.0,
          519.0
        ],
        [
          1690.0,
          520.0
        ],
        [
          1696.0,
          526.0
        ],
        [
          1696.0,
          527.0
        ],
        [
          1698.0,
          529.0
        ],
        [
          1698.0,
          531.0
        ],
        [
          1699.0,
          532.0
        ],
        [
          1699.0,
          534.0
        ],
        [
          1700.0,
          535.0
        ],
        [
          1700.0,
          539.0
        ],
        [
          1701.0,
          540.0
        ],
        [
          1701.0,
          542.0
        ],
        [
          1702.0,
          543.0
        ],
        [
          1702.0,
          544.0
        ],
        [
          1703.0,
          545.0
        ],
        [
          1703.0,
          546.0
        ],
        [
          1704.0,
          547.0
        ],
        [
          1704.0,
          548.0
        ],
        [
          1706.0,
          550.0
        ],
        [
          1706.0,
          551.0
        ],
        [
          1707.0,
          552.0
        ],
        [
          1707.0,
          553.0
        ],
        [
          1708.0,
          554.0
        ],
        [
          1708.0,
          555.0
        ],
        [
          1709.0,
          556.0
        ],
        [
          1709.0,
          557.0
        ],
        [
          1710.0,
          558.0
        ],
        [
          1710.0,
          559.0
        ],
        [
          1711.0,
          560.0
        ],
        [
          1711.0,
          561.0
        ],
        [
          1712.0,
          562.0
        ],
        [
          1712.0,
          563.0
        ],
        [
          1713.0,
          564.0
        ],
        [
          1713.0,
          565.0
        ],
        [
          1715.0,
          567.0
        ],
        [
          1715.0,
          568.0
        ],
        [
          1716.0,
          568.0
        ],
        [
          1718.0,
          570.0
        ],
        [
          1719.0,
          570.0
        ],
        [
          1720.0,
          571.0
        ],
        [
          1722.0,
          571.0
        ],
        [
          1723.0,
          572.0
        ],
        [
          1724.0,
          572.0
        ],
        [
          1725.0,
          573.0
        ],
        [
          1727.0,
          573.0
        ],
        [
          1728.0,
          574.0
        ],
        [
          1730.0,
          574.0
        ],
        [
          1731.0,
          573.0
        ],
        [
          1733.0,
          573.0
        ],
        [
          1734.0,
          572.0
        ],
        [
          1735.0,
          572.0
        ],
        [
          1735.0,
          568.0
        ],
        [
          1736.0,
          567.0
        ],
        [
          1736.0,
          562.0
        ],
        [
          1735.0,
          561.0
        ],
        [
          1735.0,
          554.0
        ],
        [
          1734.0,
          553.0
        ],
        [
          1734.0,
          551.0
        ],
        [
          1733.0,
          550.0
        ],
        [
          1733.0,
          548.0
        ],
        [
          1732.0,
          547.0
        ],
        [
          1732.0,
          545.0
        ],
        [
          1731.0,
          544.0
        ],
        [
          1731.0,
          542.0
        ],
        [
          1730.0,
          541.0
        ],
        [
          1730.0,
          540.0
        ],
        [
          1729.0,
          539.0
        ],
        [
          1729.0,
          537.0
        ],
        [
          1728.0,
          536.0
        ],
        [
          1728.0,
          535.0
        ],
        [
          1727.0,
          534.0
        ],
        [
          1727.0,
          533.0
        ],
        [
          1726.0,
          532.0
        ],
        [
          1726.0,
          531.0
        ],
        [
          1725.0,
          530.0
        ],
        [
          1725.0,
          528.0
        ],
        [
          1723.0,
          526.0
        ],
        [
          1723.0,
          525.0
        ],
        [
          1721.0,
          523.0
        ],
        [
          1721.0,
          522.0
        ],
        [
          1710.0,
          511.0
        ],
        [
          1710.0,
          510.0
        ],
        [
          1709.0,
          510.0
        ],
        [
          1696.0,
          497.0
        ],
        [
          1696.0,
          496.0
        ],
        [
          1689.0,
          489.0
        ],
        [
          1688.0,
          489.0
        ],
        [
          1685.0,
          486.0
        ],
        [
          1685.0,
          485.0
        ],
        [
          1683.0,
          483.0
        ],
        [
          1683.0,
          482.0
        ],
        [
          1682.0,
          481.0
        ],
        [
          1680.0,
          481.0
        ],
        [
          1679.0,
          480.0
        ],
        [
          1678.0,
          480.0
        ],
        [
          1677.0,
          479.0
        ]
      ],
      "group_id": null,
      "description": "",
      "difficult": false,
      "shape_type": "polygon",
      "flags": {},
      "attributes": {},
      "kie_linking": []
    }
  ],
  "imagePath": "frame_000011.jpg",
  "imageData": null,
  "imageHeight": 1080,
  "imageWidth": 1920
}