{
  "version": "3.1.1",
  "flags": {},
  "shapes": [
    {
      "label": "fish",
      "score": null,
      "points": [
        [
          1621.0,
          106.0
        ],
        [
          1620.0,
          107.0
        ],
        [
          1619.0,
          107.0
        ],
        [
          1616.0,
          110.0
        ],
        [
          1616.0,
          112.0
        ],
        [
          1615.0,
          113.0
        ],
        [
          1615.0,
          115.0
        ],
        [
          1614.0,
          116.0
        ],
        [
          1614.0,
          123.0
        ],
        [
          1613.0,
          124.0
        ],
        [
          1613.0,
          127.0
        ],
        [
          1612.0,
          128.0
        ],
        [
          1612.0,
          133.0
        ],
        [
          1613.0,
          134.0
        ],
        [
          1614.0,
          137.0
        ],
        [
          1618.0,
          142.0
        ],
        [
          1618.0,
          143.0
        ],
        [
          1619.0,
          144.0
        ],
        [
          1619.0,
          145.0
        ],
        [
          1621.0,
          147.0
        ],
        [
          1621.0,
          148.0
        ],
        [
          1626.0,
          153.0
        ],
        [
          1626.0,
          154.0
        ],
        [
          1628.0,
          157.0
        ],
        [
          1628.0,
          159.0
        ],
        [
          1629.0,
          160.0
        ],
        [
          1629.0,
          163.0
        ],
        [
          1630.0,
          164.0
        ],
        [
          1630.0,
          166.0
        ],
        [
          1631.0,
          167.0
        ],
        [
          1632.0,
          170.0
        ],
        [
          1637.0,
          176.0
        ],
        [
          1637.0,
          177.0
        ],
        [
          1641.0,
          184.0
        ],
        [
          1641.0,
          186.0
        ],
        [
          1644.0,
          191.0
        ],
        [
          1644.0,
          200.0
        ],
        [
          1645.0,
          201.0
        ],
        [
          1646.0,
          206.0
        ],
        [
          1650.0,
          213.0
        ],
        [
          1650.0,
          216.0
        ],
        [
          1651.0,
          217.0
        ],
        [
          1651.0,
          219.0
        ],
        [
          1654.0,
          222.0
        ],
        [
          1654.0,
          223.0
        ],
        [
          1655.0,
          224.0
        ],
        [
          1655.0,
          226.0
        ],
        [
          1660.0,
          235.0
        ],
        [
          1660.0,
          238.0
        ],
        [
          1661.0,
          239.0
        ],
        [
          1661.0,
          245.0
        ],
        [
          1665.0,
          241.0
        ],
        [
          1669.0,
          241.0
        ],
        [
          1670.0,
          242.0
        ],
        [
          1671.0,
          242.0
        ],
        [
          1672.0,
          243.0
        ],
        [
          1677.0,
          245.0
        ],
        [
          1679.0,
          247.0
        ],
        [
          1679.0,
          248.0
        ],
        [
          1682.0,
          251.0
        ],
        [
          1685.0,
          252.0
        ],
        [
          1690.0,
          258.0
        ],
        [
          1692.0,
          258.0
        ],
        [
          1692.0,
          253.0
        ],
        [
          1691.0,
          252.0
        ],
        [
          1691.0,
          250.0
        ],
        [
          1686.0,
          247.0
        ],
        [
          1686.0,
          246.0
        ],
        [
          1685.0,
          245.0
        ],
        [
          1683.0,
          240.0
        ],
        [
          1682.0,
          239.0
        ],
        [
          1681.0,
          239.0
        ],
        [
          1679.0,
          237.0
        ],
        [
          1679.0,
          236.0
        ],
        [
          1678.0,
          235.0
        ],
        [
          1678.0,
          229.0
        ],
        [
          1677.0,
          228.0
        ],
        [
          1677.0,
          213.0
        ],
        [
          1676.0,
          212.0
        ],
        [
          1676.0,
          211.0
        ],
        [
          1673.0,
          208.0
        ],
        [
          1673.0,
          207.0
        ],
        [
          1671.0,
          204.0
        ],
        [
          1671.0,
          202.0
        ],
        [
          1670.0,
          201.0
        ],
        [
          1670.0,
          186.0
        ],
        [
          1671.0,
          185.0
        ],
        [
          1671.0,
          173.0
        ],
        [
          1670.0,
          172.0
        ],
        [
          1670.0,
          169.0
        ],
        [
          1669.0,
          168.0
        ],
        [
          1669.0,
          166.0
        ],
        [
          1668.0,
          165.0
        ],
        [
          1668.0,
          164.0
        ],
        [
          1667.0,
          163.0
        ],
        [
          1667.0,
          162.0
        ],
        [
          1662.0,
          153.0
        ],
        [
          1662.0,
          150.0
        ],
        [
          1661.0,
          149.0
        ],
        [
          1661.0,
          145.0
        ],
        [
          1658.0,
          142.0
        ],
        [
          1657.0,
          142.0
        ],
        [
          1654.0,
          139.0
        ],
        [
          1653.0,
          139.0
        ],
        [
          1652.0,
          138.0
        ],
        [
          1652.0,
          137.0
        ],
        [
          1649.0,
          134.0
        ],
        [
          1648.0,
          131.0
        ],
        [
          1642.0,
          125.0
        ],
        [
          1642.0,
          124.0
        ],
        [
          1639.0,
          121.0
        ],
        [
          1639.0,
          120.0
        ],
        [
          1638.0,
          119.0
        ],
        [
          1637.0,
          119.0
        ],
        [
          1636.0,
          118.0
        ],
        [
          1636.0,
          117.0
        ],
        [
          1626.0,
          107.0
        ],
        [
          1625.0,
          107.0
        ],
        [
          1624.0,
          106.0
        ]
      ],
      "group_id": null,
      "description": "",
      "difficult": false,
      "shape_type": "polygon",
      "flags": {},
      "attributes": {},
      "kie_linking": []
    },
    {
      "label": "fish",
      "score": null,
      "points": [
        [
          1628.0,
          194.0
        ],
        [
          1626.0,
          192.0
        ],
        [
          1625.0,
          192.0
        ],
        [
          1624.0,
          191.0
        ],
        [
          1622.0,
          191.0
        ],
        [
          1621.0,
          190.0
        ],
        [
          1610.0,
          190.0
        ],
        [
          1609.0,
          191.0
        ],
        [
          1603.0,
          191.0
        ],
        [
          1602.0,
          192.0
        ],
        [
          1598.0,
          192.0
        ],
        [
          1597.0,
          193.0
        ],
        [
          1593.0,
          193.0
        ],
        [
          1592.0,
          194.0
        ],
        [
          1589.0,
          194.0
        ],
        [
          1588.0,
          195.0
        ],
        [
          1586.0,
          195.0
        ],
        [
          1585.0,
          196.0
        ],
        [
          1584.0,
          196.0
        ],
        [
          1582.0,
          198.0
        ],
        [
          1581.0,
          198.0
        ],
        [
          1580.0,
          199.0
        ],
        [
          1579.0,
          199.0
        ],
        [
          1577.0,
          201.0
        ],
        [
          1576.0,
          201.0
        ],
        [
          1574.0,
          203.0
        ],
        [
          1573.0,
          203.0
        ],
        [
          1572.0,
          204.0
        ],
        [
          1570.0,
          204.0
        ],
        [
          1568.0,
          206.0
        ],
        [
          1567.0,
          206.0
        ],
        [
          1566.0,
          207.0
        ],
        [
          1565.0,
          207.0
        ],
        [
          1563.0,
          209.0
        ],
        [
          1562.0,
          209.0
        ],
        [
          1558.0,
          213.0
        ],
        [
          1558.0,
          214.0
        ],
        [
          1553.0,
          219.0
        ],
        [
          1553.0,
          220.0
        ],
        [
          1551.0,
          222.0
        ],
        [
          1551.0,
          223.0
        ],
        [
          1547.0,
          227.0
        ],
        [
          1547.0,
          228.0
        ],
        [
          1546.0,
          229.0
        ],
        [
          1546.0,
          230.0
        ],
        [
          1541.0,
          235.0
        ],
        [
          1541.0,
          236.0
        ],
        [
          1540.0,
          237.0
        ],
        [
          1540.0,
          239.0
        ],
        [
          1538.0,
          242.0
        ],
        [
          1538.0,
          244.0
        ],
        [
          1536.0,
          247.0
        ],
        [
          1536.0,
          249.0
        ],
        [
          1535.0,
          250.0
        ],
        [
          1535.0,
          253.0
        ],
        [
          1534.0,
          254.0
        ],
        [
          1534.0,
          270.0
        ],
        [
          1535.0,
          271.0
        ],
        [
          1535.0,
          273.0
        ],
        [
          1537.0,
          275.0
        ],
        [
          1537.0,
          276.0
        ],
        [
          1538.0,
          277.0
        ],
        [
          1541.0,
          277.0
        ],
        [
          1541.0,
          275.0
        ],
        [
          1542.0,
          274.0
        ],
        [
          1542.0,
          272.0
        ],
        [
          1543.0,
          271.0
        ],
        [
          1543.0,
          267.0
        ],
        [
          1544.0,
          266.0
        ],
        [
          1544.0,
          260.0
        ],
        [
          1545.0,
          259.0
        ],
        [
          1545.0,
          257.0
        ],
        [
          1547.0,
          255.0
        ],
        [
          1547.0,
          254.0
        ],
        [
          1550.0,
          251.0
        ],
        [
          1550.0,
          250.0
        ],
        [
          1553.0,
          247.0
        ],
        [
          1554.0,
          247.0
        ],
        [
          1555.0,
          246.0
        ],
        [
          1556.0,
          246.0
        ],
        [
          1558.0,
          244.0
        ],
        [
          1559.0,
          244.0
        ],
        [
          1560.0,
          243.0
        ],
        [
          1561.0,
          243.0
        ],
        [
          1563.0,
          241.0
        ],
        [
          1564.0,
          241.0
        ],
        [
          1565.0,
          240.0
        ],
        [
          1566.0,
          240.0
        ],
        [
          1568.0,
          238.0
        ],
        [
          1569.0,
          238.0
        ],
        [
          1570.0,
          237.0
        ],
        [
          1571.0,
          237.0
        ],
        [
          1572.0,
          236.0
        ],
        [
          1573.0,
          236.0
        ],
        [
          1574.0,
          235.0
        ],
        [
          1575.0,
          235.0
        ],
        [
          1577.0,
          233.0
        ],
        [
          1578.0,
          233.0
        ],
        [
          1579.0,
          232.0
        ],
        [
          1582.0,
          232.0
        ],
        [
          1583.0,
          231.0
        ],
        [
          1587.0,
          231.0
        ],
        [
          1588.0,
          230.0
        ],
        [
          1593.0,
          230.0
        ],
        [
          1594.0,
          229.0
        ],
        [
          1595.0,
          229.0
        ],
        [
          1597.0,
          227.0
        ],
        [
          1597.0,
          226.0
        ],
        [
          1598.0,
          225.0
        ],
        [
          1599.0,
          225.0
        ],
        [
          1602.0,
          222.0
        ],
        [
          1603.0,
          222.0
        ],
        [
          1605.0,
          220.0
        ],
        [
          1606.0,
          220.0
        ],
        [
          1607.0,
          219.0
        ],
        [
          1608.0,
          219.0
        ],
        [
          1610.0,
          217.0
        ],
        [
          1611.0,
          217.0
        ],
        [
          1613.0,
          215.0
        ],
        [
          1614.0,
          215.0
        ],
        [
          1621.0,
          208.0
        ],
        [
          1622.0,
          208.0
        ],
        [
          1624.0,
          206.0
        ],
        [
          1625.0,
          206.0
        ],
        [
          1627.0,
          204.0
        ],
        [
          1627.0,
          203.0
        ],
        [
          1629.0,
          200.0
        ],
        [
          1629.0,
          196.0
        ],
        [
          1628.0,
          195.0
        ]
      ],
      "group_id": null,
      "description": "",
      "difficult": false,
      "shape_type": "polygon",
      "flags": {},
      "attributes": {},
      "kie_linking": []
    },
    {
      "label": "fish",
      "score": null,
      "points": [
        [
          1501.0,
          332.0
        ],
        [
          1502.0,
          332.0
        ],
        [
          1505.0,
          334.0
        ],
        [
          1509.0,
          334.0
        ],
        [
          1510.0,
          335.0
        ],
        [
          1513.0,
          335.0
        ],
        [
          1514.0,
          336.0
        ],
        [
          1516.0,
          336.0
        ],
        [
          1517.0,
          337.0
        ],
        [
          1519.0,
          337.0
        ],
        [
          1521.0,
          339.0
        ],
        [
          1522.0,
          339.0
        ],
        [
          1524.0,
          341.0
        ],
        [
          1526.0,
          341.0
        ],
        [
          1527.0,
          342.0
        ],
        [
          1530.0,
          342.0
        ],
        [
          1531.0,
          343.0
        ],
        [
          1533.0,
          343.0
        ],
        [
          1536.0,
          345.0
        ],
        [
          1538.0,
          345.0
        ],
        [
          1541.0,
          347.0
        ],
        [
          1543.0,
          347.0
        ],
        [
          1544.0,
          348.0
        ],
        [
          1546.0,
          348.0
        ],
        [
          1549.0,
          350.0
        ],
        [
          1551.0,
          350.0
        ],
        [
          1552.0,
          351.0
        ],
        [
          1553.0,
          351.0
        ],
        [
          1554.0,
          352.0
        ],
        [
          1555.0,
          352.0
        ],
        [
          1557.0,
          354.0
        ],
        [
          1558.0,
          354.0
        ],
        [
          1560.0,
          356.0
        ],
        [
          1561.0,
          356.0
        ],
        [
          1562.0,
          357.0
        ],
        [
          1563.0,
          357.0
        ],
        [
          1564.0,
          358.0
        ],
        [
          1565.0,
          358.0
        ],
        [
          1566.0,
          359.0
        ],
        [
          1567.0,
          359.0
        ],
        [
          1568.0,
          360.0
        ],
        [
          1569.0,
          360.0
        ],
        [
          1570.0,
          361.0
        ],
        [
          1571.0,
          361.0
        ],
        [
          1573.0,
          363.0
        ],
        [
          1574.0,
          363.0
        ],
        [
          1575.0,
          364.0
        ],
        [
          1576.0,
          364.0
        ],
        [
          1579.0,
          366.0
        ],
        [
          1581.0,
          366.0
        ],
        [
          1584.0,
          368.0
        ],
        [
          1586.0,
          368.0
        ],
        [
          1587.0,
          369.0
        ],
        [
          1588.0,
          369.0
        ],
        [
          1591.0,
          371.0
        ],
        [
          1593.0,
          371.0
        ],
        [
          1594.0,
          372.0
        ],
        [
          1607.0,
          372.0
        ],
        [
          1608.0,
          371.0
        ],
        [
          1617.0,
          371.0
        ],
        [
          1619.0,
          369.0
        ],
        [
          1619.0,
          367.0
        ],
        [
          1620.0,
          366.0
        ],
        [
          1620.0,
          362.0
        ],
        [
          1619.0,
          361.0
        ],
        [
          1619.0,
          360.0
        ],
        [
          1613.0,
          354.0
        ],
        [
          1612.0,
          354.0
        ],
        [
          1609.0,
          351.0
        ],
        [
          1608.0,
          351.0
        ],
        [
          1604.0,
          347.0
        ],
        [
          1603.0,
          347.0
        ],
        [
          1601.0,
          345.0
        ],
        [
          1600.0,
          345.0
        ],
        [
          1599.0,
          344.0
        ],
        [
          1598.0,
          344.0
        ],
        [
          1597.0,
          343.0
        ],
        [
          1596.0,
          343.0
        ],
        [
          1595.0,
          342.0
        ],
        [
          1594.0,
          342.0
        ],
        [
          1593.0,
          341.0
        ],
        [
          1592.0,
          341.0
        ],
        [
          1591.0,
          340.0
        ],
        [
          1590.0,
          340.0
        ],
        [
          1588.0,
          338.0
        ],
        [
          1587.0,
          338.0
        ],
        [
          1584.0,
          336.0
        ],
        [
          1582.0,
          336.0
        ],
        [
          1581.0,
          335.0
        ],
        [
          1578.0,
          335.0
        ],
        [
          1577.0,
          334.0
        ],
        [
          1572.0,
          334.0
        ],
        [
          1571.0,
          333.0
        ],
        [
          1553.0,
          333.0
        ],
        [
          1552.0,
          332.0
        ],
        [
          1548.0,
          332.0
        ],
        [
          1547.0,
          333.0
        ],
        [
          1545.0,
          333.0
        ],
        [
          1544.0,
          334.0
        ],
        [
          1535.0,
          334.0
        ],
        [
          1534.0,
          333.0
        ],
        [
          1529.0,
          333.0
        ],
        [
          1528.0,
          332.0
        ],
        [
          1521.0,
          332.0
        ],
        [
          1520.0,
          331.0
        ],
        [
          1512.0,
          331.0
        ],
        [
          1511.0,
          330.0
        ],
        [
          1509.0,
          330.0
        ],
        [
          1508.0,
          331.0
        ],
        [
          1502.0,
          331.0
        ]
      ],
      "group_id": null,
      "description": "",
      "difficult": false,
      "shape_type": "polygon",
      "flags": {},
      "attributes": {},
      "kie_linking": []
    },
    {
      "label": "fish",
      "score": null,
      "points": [
        [
          1513.0,
          439.0
        ],
        [
          1513.0,
          447.0
        ],
        [
          1514.0,
          448.0
        ],
        [
          1514.0,
          453.0
        ],
        [
          1516.0,
          455.0
        ],
        [
          1516.0,
          456.0
        ],
        [
          1517.0,
          457.0
        ],
        [
          1518.0,
          457.0
        ],
        [
          1519.0,
          458.0
        ],
        [
          1521.0,
          458.0
        ],
        [
          1522.0,
          459.0
        ],
        [
          1524.0,
          459.0
        ],
        [
          1525.0,
          460.0
        ],
        [
          1527.0,
          460.0
        ],
        [
          1528.0,
          461.0
        ],
        [
          1529.0,
          461.0
        ],
        [
          1530.0,
          462.0
        ],
        [
          1532.0,
          462.0
        ],
        [
          1533.0,
          463.0
        ],
        [
          1534.0,
          463.0
        ],
        [
          1535.0,
          464.0
        ],
        [
          1537.0,
          464.0
        ],
        [
          1538.0,
          465.0
        ],
        [
          1540.0,
          465.0
        ],
        [
          1541.0,
          466.0
        ],
        [
          1543.0,
          466.0
        ],
        [
          1544.0,
          467.0
        ],
        [
          1545.0,
          467.0
        ],
        [
          1546.0,
          468.0
        ],
        [
          1548.0,
          468.0
        ],
        [
          1549.0,
          469.0
        ],
        [
          1551.0,
          469.0
        ],
        [
          1552.0,
          470.0
        ],
        [
          1554.0,
          470.0
        ],
        [
          1555.0,
          471.0
        ],
        [
          1562.0,
          471.0
        ],
        [
          1563.0,
          472.0
        ],
        [
          1569.0,
          472.0
        ],
        [
          1570.0,
          473.0
        ],
        [
          1581.0,
          473.0
        ],
        [
          1582.0,
          474.0
        ],
        [
          1585.0,
          474.0
        ],
        [
          1586.0,
          475.0
        ],
        [
          1587.0,
          475.0
        ],
        [
          1588.0,
          474.0
        ],
        [
          1594.0,
          474.0
        ],
        [
          1595.0,
          475.0
        ],
        [
          1597.0,
          475.0
        ],
        [
          1598.0,
          476.0
        ],
        [
          1601.0,
          476.0
        ],
        [
          1602.0,
          477.0
        ],
        [
          1607.0,
          477.0
        ],
        [
          1607.0,
          476.0
        ],
        [
          1606.0,
          475.0
        ],
        [
          1605.0,
          475.0
        ],
        [
          1604.0,
          474.0
        ],
        [
          1602.0,
          474.0
        ],
        [
          1601.0,
          473.0
        ],
        [
          1600.0,
          473.0
        ],
        [
          1598.0,
          471.0
        ],
        [
          1598.0,
          470.0
        ],
        [
          1597.0,
          469.0
        ],
        [
          1597.0,
          467.0
        ],
        [
          1595.0,
          465.0
        ],
        [
          1595.0,
          464.0
        ],
        [
          1589.0,
          458.0
        ],
        [
          1588.0,
          458.0
        ],
        [
          1586.0,
          456.0
        ],
        [
          1584.0,
          456.0
        ],
        [
          1583.0,
          455.0
        ],
        [
          1582.0,
          455.0
        ],
        [
          1581.0,
          454.0
        ],
        [
          1580.0,
          454.0
        ],
        [
          1579.0,
          453.0
        ],
        [
          1578.0,
          453.0
        ],
        [
          1577.0,
          452.0
        ],
        [
          1576.0,
          452.0
        ],
        [
          1575.0,
          451.0
        ],
        [
          1573.0,
          451.0
        ],
        [
          1572.0,
          450.0
        ],
        [
          1571.0,
          450.0
        ],
        [
          1570.0,
          449.0
        ],
        [
          1568.0,
          449.0
        ],
        [
          1566.0,
          447.0
        ],
        [
          1565.0,
          447.0
        ],
        [
          1563.0,
          445.0
        ],
        [
          1562.0,
          445.0
        ],
        [
          1561.0,
          444.0
        ],
        [
          1560.0,
          444.0
        ],
        [
          1559.0,
          443.0
        ],
        [
          1558.0,
          443.0
        ],
        [
          1557.0,
          442.0
        ],
        [
          1556.0,
          442.0
        ],
        [
          1555.0,
          441.0
        ],
        [
          1553.0,
          441.0
        ],
        [
          1552.0,
          440.0
        ],
        [
          1550.0,
          440.0
        ],
        [
          1549.0,
          439.0
        ],
        [
          1548.0,
          439.0
        ],
        [
          1547.0,
          438.0
        ],
        [
          1546.0,
          438.0
        ],
        [
          1545.0,
          437.0
        ],
        [
          1544.0,
          437.0
        ],
        [
          1542.0,
          435.0
        ],
        [
          1540.0,
          435.0
        ],
        [
          1539.0,
          434.0
        ],
        [
          1537.0,
          434.0
        ],
        [
          1536.0,
          433.0
        ],
        [
          1522.0,
          433.0
        ],
        [
          1521.0,
          434.0
        ],
        [
          1518.0,
          434.0
        ],
        [
          1516.0,
          436.0
        ],
        [
          1515.0,
          436.0
        ],
        [
          1514.0,
          437.0
        ],
        [
          1514.0,
          438.0
        ]
      ],
      "group_id": null,
      "description": "",
      "difficult": false,
      "shape_type": "polygon",
      "flags": {},
      "attributes": {},
      "kie_linking": []
    }
  ],
  "imagePath": "frame_000006.jpg",
  "imageData": null,
  "imageHeight": 1080,
  "imageWidth": 1920
}