{
  "version": "3.1.1",
  "flags": {},
  "shapes": [
    {
      "label": "fish",
      "score": null,
      "points": [
        [
          1463.0,
          346.0
        ],
        [
          1462.0,
          347.0
        ],
        [
          1460.0,
          347.0
        ],
        [
          1457.0,
          349.0
        ],
        [
          1457.0,
          350.0
        ],
        [
          1456.0,
          351.0
        ],
        [
          1456.0,
          352.0
        ],
        [
          1454.0,
          355.0
        ],
        [
          1454.0,
          357.0
        ],
        [
          1453.0,
          358.0
        ],
        [
          1453.0,
          360.0
        ],
        [
          1451.0,
          362.0
        ],
        [
          1451.0,
          364.0
        ],
        [
          1450.0,
          365.0
        ],
        [
          1450.0,
          372.0
        ],
        [
          1451.0,
          373.0
        ],
        [
          1451.0,
          375.0
        ],
        [
          1453.0,
          378.0
        ],
        [
          1453.0,
          381.0
        ],
        [
          1454.0,
          382.0
        ],
        [
          1454.0,
          384.0
        ],
        [
          1455.0,
          385.0
        ],
        [
          1455.0,
          390.0
        ],
        [
          1456.0,
          391.0
        ],
        [
          1456.0,
          395.0
        ],
        [
          1457.0,
          396.0
        ],
        [
          1457.0,
          398.0
        ],
        [
          1458.0,
          399.0
        ],
        [
          1458.0,
          400.0
        ],
        [
          1460.0,
          402.0
        ],
        [
          1460.0,
          403.0
        ],
        [
          1462.0,
          405.0
        ],
        [
          1462.0,
          406.0
        ],
        [
          1464.0,
          409.0
        ],
        [
          1464.0,
          411.0
        ],
        [
          1465.0,
          412.0
        ],
        [
          1465.0,
          414.0
        ],
        [
          1467.0,
          417.0
        ],
        [
          1467.0,
          419.0
        ],
        [
          1468.0,
          420.0
        ],
        [
          1468.0,
          421.0
        ],
        [
          1469.0,
          422.0
        ],
        [
          1469.0,
          424.0
        ],
        [
          1470.0,
          425.0
        ],
        [
          1470.0,
          428.0
        ],
        [
          1471.0,
          429.0
        ],
        [
          1471.0,
          432.0
        ],
        [
          1472.0,
          433.0
        ],
        [
          1472.0,
          437.0
        ],
        [
          1473.0,
          438.0
        ],
        [
          1473.0,
          447.0
        ],
        [
          1474.0,
          448.0
        ],
        [
          1474.0,
          452.0
        ],
        [
          1475.0,
          453.0
        ],
        [
          1475.0,
          455.0
        ],
        [
          1477.0,
          458.0
        ],
        [
          1477.0,
          460.0
        ],
        [
          1478.0,
          461.0
        ],
        [
          1478.0,
          462.0
        ],
        [
          1482.0,
          466.0
        ],
        [
          1482.0,
          467.0
        ],
        [
          1483.0,
          468.0
        ],
        [
          1483.0,
          469.0
        ],
        [
          1485.0,
          472.0
        ],
        [
          1485.0,
          474.0
        ],
        [
          1486.0,
          475.0
        ],
        [
          1486.0,
          476.0
        ],
        [
          1487.0,
          477.0
        ],
        [
          1487.0,
          478.0
        ],
        [
          1488.0,
          478.0
        ],
        [
          1489.0,
          479.0
        ],
        [
          1491.0,
          477.0
        ],
        [
          1491.0,
          473.0
        ],
        [
          1490.0,
          472.0
        ],
        [
          1490.0,
          465.0
        ],
        [
          1489.0,
          464.0
        ],
        [
          1489.0,
          457.0
        ],
        [
          1488.0,
          456.0
        ],
        [
          1488.0,
          451.0
        ],
        [
          1490.0,
          448.0
        ],
        [
          1490.0,
          445.0
        ],
        [
          1491.0,
          444.0
        ],
        [
          1490.0,
          443.0
        ],
        [
          1490.0,
          436.0
        ],
        [
          1491.0,
          435.0
        ],
        [
          1491.0,
          431.0
        ],
        [
          1492.0,
          430.0
        ],
        [
          1492.0,
          424.0
        ],
        [
          1493.0,
          423.0
        ],
        [
          1493.0,
          411.0
        ],
        [
          1494.0,
          410.0
        ],
        [
          1494.0,
          402.0
        ],
        [
          1493.0,
          401.0
        ],
        [
          1493.0,
          398.0
        ],
        [
          1492.0,
          397.0
        ],
        [
          1492.0,
          396.0
        ],
        [
          1490.0,
          393.0
        ],
        [
          1490.0,
          391.0
        ],
        [
          1489.0,
          390.0
        ],
        [
          1489.0,
          389.0
        ],
        [
          1487.0,
          386.0
        ],
        [
          1487.0,
          384.0
        ],
        [
          1486.0,
          383.0
        ],
        [
          1486.0,
          380.0
        ],
        [
          1485.0,
          379.0
        ],
        [
          1485.0,
          377.0
        ],
        [
          1484.0,
          376.0
        ],
        [
          1484.0,
          374.0
        ],
        [
          1483.0,
          373.0
        ],
        [
          1483.0,
          371.0
        ],
        [
          1482.0,
          370.0
        ],
        [
          1482.0,
          369.0
        ],
        [
          1481.0,
          368.0
        ],
        [
          1481.0,
          367.0
        ],
        [
          1480.0,
          366.0
        ],
        [
          1480.0,
          365.0
        ],
        [
          1478.0,
          363.0
        ],
        [
          1478.0,
          362.0
        ],
        [
          1476.0,
          360.0
        ],
        [
          1476.0,
          359.0
        ],
        [
          1475.0,
          358.0
        ],
        [
          1475.0,
          357.0
        ],
        [
          1474.0,
          356.0
        ],
        [
          1474.0,
          355.0
        ],
        [
          1472.0,
          353.0
        ],
        [
          1472.0,
          352.0
        ],
        [
          1466.0,
          346.0
        ]
      ],
      "group_id": null,
      "description": "",
      "difficult": false,
      "shape_type": "polygon",
      "flags": {},
      "attributes": {},
      "kie_linking": []
    },
    {
      "label": "fish",
      "score": null,
      "points": [
        [
          1478.0,
          71.0
        ],
        [
          1476.0,
          73.0
        ],
        [
          1476.0,
          75.0
        ],
        [
          1475.0,
          76.0
        ],
        [
          1475.0,
          80.0
        ],
        [
          1476.0,
          81.0
        ],
        [
          1476.0,
          86.0
        ],
        [
          1477.0,
          87.0
        ],
        [
          1477.0,
          91.0
        ],
        [
          1478.0,
          92.0
        ],
        [
          1478.0,
          94.0
        ],
        [
          1479.0,
          95.0
        ],
        [
          1479.0,
          96.0
        ],
        [
          1480.0,
          97.0
        ],
        [
          1481.0,
          97.0
        ],
        [
          1487.0,
          103.0
        ],
        [
          1488.0,
          103.0
        ],
        [
          1491.0,
          106.0
        ],
        [
          1491.0,
          107.0
        ],
        [
          1494.0,
          110.0
        ],
        [
          1494.0,
          111.0
        ],
        [
          1496.0,
          113.0
        ],
        [
          1496.0,
          114.0
        ],
        [
          1498.0,
          116.0
        ],
        [
          1498.0,
          117.0
        ],
        [
          1499.0,
          118.0
        ],
        [
          1499.0,
          119.0
        ],
        [
          1501.0,
          122.0
        ],
        [
          1501.0,
          125.0
        ],
        [
          1502.0,
          126.0
        ],
        [
          1502.0,
          128.0
        ],
        [
          1503.0,
          129.0
        ],
        [
          1503.0,
          130.0
        ],
        [
          1504.0,
          131.0
        ],
        [
          1508.0,
          131.0
        ],
        [
          1509.0,
          130.0
        ],
        [
          1510.0,
          131.0
        ],
        [
          1512.0,
          131.0
        ],
        [
          1514.0,
          133.0
        ],
        [
          1515.0,
          133.0
        ],
        [
          1519.0,
          137.0
        ],
        [
          1519.0,
          138.0
        ],
        [
          1522.0,
          141.0
        ],
        [
          1522.0,
          142.0
        ],
        [
          1526.0,
          146.0
        ],
        [
          1526.0,
          147.0
        ],
        [
          1529.0,
          150.0
        ],
        [
          1529.0,
          151.0
        ],
        [
          1530.0,
          152.0
        ],
        [
          1530.0,
          153.0
        ],
        [
          1531.0,
          154.0
        ],
        [
          1531.0,
          155.0
        ],
        [
          1534.0,
          158.0
        ],
        [
          1534.0,
          159.0
        ],
        [
          1535.0,
          160.0
        ],
        [
          1535.0,
          161.0
        ],
        [
          1536.0,
          162.0
        ],
        [
          1536.0,
          163.0
        ],
        [
          1537.0,
          164.0
        ],
        [
          1537.0,
          165.0
        ],
        [
          1539.0,
          168.0
        ],
        [
          1539.0,
          170.0
        ],
        [
          1540.0,
          171.0
        ],
        [
          1540.0,
          172.0
        ],
        [
          1542.0,
          174.0
        ],
        [
          1543.0,
          174.0
        ],
        [
          1547.0,
          178.0
        ],
        [
          1549.0,
          176.0
        ],
        [
          1549.0,
          174.0
        ],
        [
          1548.0,
          173.0
        ],
        [
          1548.0,
          170.0
        ],
        [
          1547.0,
          169.0
        ],
        [
          1547.0,
          158.0
        ],
        [
          1548.0,
          157.0
        ],
        [
          1548.0,
          154.0
        ],
        [
          1549.0,
          153.0
        ],
        [
          1549.0,
          152.0
        ],
        [
          1548.0,
          151.0
        ],
        [
          1548.0,
          148.0
        ],
        [
          1547.0,
          147.0
        ],
        [
          1547.0,
          144.0
        ],
        [
          1546.0,
          143.0
        ],
        [
          1546.0,
          140.0
        ],
        [
          1545.0,
          139.0
        ],
        [
          1545.0,
          137.0
        ],
        [
          1544.0,
          136.0
        ],
        [
          1544.0,
          135.0
        ],
        [
          1543.0,
          134.0
        ],
        [
          1543.0,
          133.0
        ],
        [
          1541.0,
          131.0
        ],
        [
          1541.0,
          130.0
        ],
        [
          1536.0,
          125.0
        ],
        [
          1536.0,
          124.0
        ],
        [
          1535.0,
          123.0
        ],
        [
          1535.0,
          121.0
        ],
        [
          1534.0,
          120.0
        ],
        [
          1534.0,
          118.0
        ],
        [
          1533.0,
          117.0
        ],
        [
          1533.0,
          116.0
        ],
        [
          1532.0,
          115.0
        ],
        [
          1532.0,
          114.0
        ],
        [
          1530.0,
          112.0
        ],
        [
          1530.0,
          111.0
        ],
        [
          1529.0,
          110.0
        ],
        [
          1529.0,
          109.0
        ],
        [
          1528.0,
          108.0
        ],
        [
          1528.0,
          107.0
        ],
        [
          1527.0,
          106.0
        ],
        [
          1527.0,
          105.0
        ],
        [
          1525.0,
          103.0
        ],
        [
          1525.0,
          102.0
        ],
        [
          1524.0,
          101.0
        ],
        [
          1524.0,
          100.0
        ],
        [
          1520.0,
          96.0
        ],
        [
          1520.0,
          95.0
        ],
        [
          1514.0,
          89.0
        ],
        [
          1514.0,
          88.0
        ],
        [
          1512.0,
          86.0
        ],
        [
          1512.0,
          85.0
        ],
        [
          1509.0,
          82.0
        ],
        [
          1508.0,
          82.0
        ],
        [
          1498.0,
          72.0
        ],
        [
          1497.0,
          72.0
        ],
        [
          1494.0,
          70.0
        ],
        [
          1490.0,
          70.0
        ],
        [
          1489.0,
          69.0
        ],
        [
          1486.0,
          69.0
        ],
        [
          1485.0,
          70.0
        ],
        [
          1481.0,
          70.0
        ],
        [
          1480.0,
          71.0
        ]
      ],
      "group_id": null,
      "description": "",
      "difficult": false,
      "shape_type": "polygon",
      "flags": {},
      "attributes": {},
      "kie_linking": []
    },
    {
      "label": "fish",
      "score": null,
      "points": [
        [
          1358.0,
          704.0
        ],
        [
          1356.0,
          704.0
        ],
        [
          1355.0,
          703.0
        ],
        [
          1351.0,
          703.0
        ],
        [
          1350.0,
          704.0
        ],
        [
          1348.0,
          704.0
        ],
        [
          1347.0,
          705.0
        ],
        [
          1345.0,
          705.0
        ],
        [
          1344.0,
          706.0
        ],
        [
          1342.0,
          706.0
        ],
        [
          1341.0,
          707.0
        ],
        [
          1338.0,
          707.0
        ],
        [
          1337.0,
          708.0
        ],
        [
          1336.0,
          708.0
        ],
        [
          1331.0,
          713.0
        ],
        [
          1331.0,
          714.0
        ],
        [
          1328.0,
          719.0
        ],
        [
          1328.0,
          721.0
        ],
        [
          1326.0,
          723.0
        ],
        [
          1326.0,
          724.0
        ],
        [
          1316.0,
          734.0
        ],
        [
          1316.0,
          735.0
        ],
        [
          1313.0,
          740.0
        ],
        [
          1313.0,
          742.0
        ],
        [
          1311.0,
          744.0
        ],
        [
          1311.0,
          745.0
        ],
        [
          1307.0,
          752.0
        ],
        [
          1307.0,
          754.0
        ],
        [
          1305.0,
          756.0
        ],
        [
          1303.0,
          761.0
        ],
        [
          1299.0,
          765.0
        ],
        [
          1298.0,
          768.0
        ],
        [
          1293.0,
          774.0
        ],
        [
          1293.0,
          775.0
        ],
        [
          1291.0,
          777.0
        ],
        [
          1290.0,
          780.0
        ],
        [
          1288.0,
          782.0
        ],
        [
          1288.0,
          783.0
        ],
        [
          1284.0,
          788.0
        ],
        [
          1284.0,
          789.0
        ],
        [
          1283.0,
          790.0
        ],
        [
          1283.0,
          792.0
        ],
        [
          1282.0,
          793.0
        ],
        [
          1280.0,
          798.0
        ],
        [
          1277.0,
          801.0
        ],
        [
          1277.0,
          802.0
        ],
        [
          1276.0,
          803.0
        ],
        [
          1274.0,
          808.0
        ],
        [
          1272.0,
          810.0
        ],
        [
          1272.0,
          811.0
        ],
        [
          1270.0,
          813.0
        ],
        [
          1269.0,
          816.0
        ],
        [
          1265.0,
          821.0
        ],
        [
          1264.0,
          826.0
        ],
        [
          1262.0,
          828.0
        ],
        [
          1262.0,
          830.0
        ],
        [
          1260.0,
          833.0
        ],
        [
          1260.0,
          839.0
        ],
        [
          1261.0,
          840.0
        ],
        [
          1261.0,
          842.0
        ],
        [
          1262.0,
          843.0
        ],
        [
          1262.0,
          844.0
        ],
        [
          1263.0,
          844.0
        ],
        [
          1265.0,
          846.0
        ],
        [
          1268.0,
          847.0
        ],
        [
          1269.0,
          848.0
        ],
        [
          1269.0,
          849.0
        ],
        [
          1271.0,
          849.0
        ],
        [
          1273.0,
          847.0
        ],
        [
          1274.0,
          844.0
        ],
        [
          1279.0,
          839.0
        ],
        [
          1279.0,
          838.0
        ],
        [
          1280.0,
          837.0
        ],
        [
          1282.0,
          832.0
        ],
        [
          1284.0,
          830.0
        ],
        [
          1284.0,
          829.0
        ],
        [
          1285.0,
          828.0
        ],
        [
          1285.0,
          826.0
        ],
        [
          1286.0,
          825.0
        ],
        [
          1286.0,
          823.0
        ],
        [
          1287.0,
          822.0
        ],
        [
          1287.0,
          819.0
        ],
        [
          1288.0,
          818.0
        ],
        [
          1288.0,
          816.0
        ],
        [
          1290.0,
          813.0
        ],
        [
          1290.0,
          810.0
        ],
        [
          1291.0,
          809.0
        ],
        [
          1291.0,
          807.0
        ],
        [
          1292.0,
          806.0
        ],
        [
          1292.0,
          805.0
        ],
        [
          1293.0,
          804.0
        ],
        [
          1295.0,
          799.0
        ],
        [
          1297.0,
          797.0
        ],
        [
          1297.0,
          796.0
        ],
        [
          1298.0,
          795.0
        ],
        [
          1299.0,
          795.0
        ],
        [
          1303.0,
          791.0
        ],
        [
          1303.0,
          790.0
        ],
        [
          1305.0,
          788.0
        ],
        [
          1305.0,
          787.0
        ],
        [
          1312.0,
          779.0
        ],
        [
          1313.0,
          779.0
        ],
        [
          1315.0,
          777.0
        ],
        [
          1318.0,
          776.0
        ],
        [
          1321.0,
          773.0
        ],
        [
          1324.0,
          772.0
        ],
        [
          1335.0,
          761.0
        ],
        [
          1335.0,
          760.0
        ],
        [
          1337.0,
          758.0
        ],
        [
          1337.0,
          757.0
        ],
        [
          1341.0,
          752.0
        ],
        [
          1342.0,
          749.0
        ],
        [
          1346.0,
          744.0
        ],
        [
          1346.0,
          743.0
        ],
        [
          1347.0,
          742.0
        ],
        [
          1347.0,
          741.0
        ],
        [
          1349.0,
          739.0
        ],
        [
          1349.0,
          738.0
        ],
        [
          1350.0,
          737.0
        ],
        [
          1350.0,
          736.0
        ],
        [
          1351.0,
          735.0
        ],
        [
          1351.0,
          734.0
        ],
        [
          1352.0,
          733.0
        ],
        [
          1352.0,
          732.0
        ],
        [
          1353.0,
          731.0
        ],
        [
          1353.0,
          730.0
        ],
        [
          1354.0,
          729.0
        ],
        [
          1354.0,
          728.0
        ],
        [
          1355.0,
          727.0
        ],
        [
          1355.0,
          726.0
        ],
        [
          1356.0,
          725.0
        ],
        [
          1356.0,
          724.0
        ],
        [
          1361.0,
          715.0
        ],
        [
          1361.0,
          713.0
        ],
        [
          1362.0,
          712.0
        ],
        [
          1362.0,
          707.0
        ],
        [
          1361.0,
          706.0
        ],
        [
          1360.0,
          706.0
        ]
      ],
      "group_id": null,
      "description": "",
      "difficult": false,
      "shape_type": "polygon",
      "flags": {},
      "attributes": {},
      "kie_linking": []
    },
    {
      "label": "fish",
      "score": null,
      "points": [
        [
          1624.0,
          699.0
        ],
        [
          1622.0,
          701.0
        ],
        [
          1622.0,
          702.0
        ],
        [
          1621.0,
          703.0
        ],
        [
          1621.0,
          704.0
        ],
        [
          1620.0,
          705.0
        ],
        [
          1620.0,
          706.0
        ],
        [
          1619.0,
          707.0
        ],
        [
          1619.0,
          711.0
        ],
        [
          1618.0,
          712.0
        ],
        [
          1618.0,
          717.0
        ],
        [
          1619.0,
          718.0
        ],
        [
          1619.0,
          720.0
        ],
        [
          1620.0,
          721.0
        ],
        [
          1620.0,
          723.0
        ],
        [
          1625.0,
          728.0
        ],
        [
          1625.0,
          729.0
        ],
        [
          1627.0,
          731.0
        ],
        [
          1627.0,
          732.0
        ],
        [
          1629.0,
          734.0
        ],
        [
          1629.0,
          735.0
        ],
        [
          1632.0,
          738.0
        ],
        [
          1632.0,
          739.0
        ],
        [
          1641.0,
          748.0
        ],
        [
          1641.0,
          749.0
        ],
        [
          1642.0,
          750.0
        ],
        [
          1642.0,
          751.0
        ],
        [
          1643.0,
          752.0
        ],
        [
          1643.0,
          753.0
        ],
        [
          1644.0,
          754.0
        ],
        [
          1644.0,
          755.0
        ],
        [
          1648.0,
          759.0
        ],
        [
          1648.0,
          760.0
        ],
        [
          1654.0,
          766.0
        ],
        [
          1654.0,
          767.0
        ],
        [
          1656.0,
          769.0
        ],
        [
          1656.0,
          770.0
        ],
        [
          1657.0,
          771.0
        ],
        [
          1657.0,
          772.0
        ],
        [
          1658.0,
          773.0
        ],
        [
          1658.0,
          774.0
        ],
        [
          1659.0,
          775.0
        ],
        [
          1659.0,
          776.0
        ],
        [
          1660.0,
          777.0
        ],
        [
          1660.0,
          778.0
        ],
        [
          1661.0,
          779.0
        ],
        [
          1661.0,
          780.0
        ],
        [
          1662.0,
          781.0
        ],
        [
          1662.0,
          782.0
        ],
        [
          1663.0,
          783.0
        ],
        [
          1663.0,
          784.0
        ],
        [
          1669.0,
          790.0
        ],
        [
          1669.0,
          791.0
        ],
        [
          1676.0,
          798.0
        ],
        [
          1678.0,
          798.0
        ],
        [
          1679.0,
          799.0
        ],
        [
          1680.0,
          799.0
        ],
        [
          1682.0,
          801.0
        ],
        [
          1682.0,
          802.0
        ],
        [
          1683.0,
          803.0
        ],
        [
          1683.0,
          797.0
        ],
        [
          1684.0,
          796.0
        ],
        [
          1684.0,
          782.0
        ],
        [
          1683.0,
          781.0
        ],
        [
          1683.0,
          779.0
        ],
        [
          1682.0,
          778.0
        ],
        [
          1682.0,
          777.0
        ],
        [
          1680.0,
          775.0
        ],
        [
          1680.0,
          774.0
        ],
        [
          1679.0,
          773.0
        ],
        [
          1679.0,
          772.0
        ],
        [
          1678.0,
          771.0
        ],
        [
          1678.0,
          767.0
        ],
        [
          1677.0,
          766.0
        ],
        [
          1677.0,
          758.0
        ],
        [
          1676.0,
          757.0
        ],
        [
          1676.0,
          753.0
        ],
        [
          1675.0,
          752.0
        ],
        [
          1675.0,
          751.0
        ],
        [
          1673.0,
          749.0
        ],
        [
          1673.0,
          748.0
        ],
        [
          1672.0,
          747.0
        ],
        [
          1672.0,
          745.0
        ],
        [
          1671.0,
          744.0
        ],
        [
          1671.0,
          743.0
        ],
        [
          1669.0,
          741.0
        ],
        [
          1669.0,
          740.0
        ],
        [
          1668.0,
          739.0
        ],
        [
          1668.0,
          738.0
        ],
        [
          1667.0,
          737.0
        ],
        [
          1667.0,
          736.0
        ],
        [
          1666.0,
          735.0
        ],
        [
          1666.0,
          734.0
        ],
        [
          1665.0,
          733.0
        ],
        [
          1665.0,
          732.0
        ],
        [
          1664.0,
          731.0
        ],
        [
          1664.0,
          730.0
        ],
        [
          1659.0,
          725.0
        ],
        [
          1659.0,
          724.0
        ],
        [
          1657.0,
          722.0
        ],
        [
          1657.0,
          721.0
        ],
        [
          1654.0,
          718.0
        ],
        [
          1654.0,
          717.0
        ],
        [
          1650.0,
          713.0
        ],
        [
          1649.0,
          713.0
        ],
        [
          1647.0,
          711.0
        ],
        [
          1647.0,
          710.0
        ],
        [
          1638.0,
          701.0
        ],
        [
          1637.0,
          701.0
        ],
        [
          1635.0,
          699.0
        ],
        [
          1634.0,
          699.0
        ],
        [
          1633.0,
          698.0
        ],
        [
          1626.0,
          698.0
        ],
        [
          1625.0,
          699.0
        ]
      ],
      "group_id": null,
      "description": "",
      "difficult": false,
      "shape_type": "polygon",
      "flags": {},
      "attributes": {},
      "kie_linking": []
    }
  ],
  "imagePath": "frame_000043.jpg",
  "imageData": null,
  "imageHeight": 1080,
  "imageWidth": 1920
}