{
  "version": "3.1.1",
  "flags": {},
  "shapes": [
    {
      "label": "fish",
      "score": null,
      "points": [
        [
          1668.0,
          507.0
        ],
        [
          1666.0,
          507.0
        ],
        [
          1665.0,
          508.0
        ],
        [
          1662.0,
          508.0
        ],
        [
          1658.0,
          512.0
        ],
        [
          1658.0,
          513.0
        ],
        [
          1657.0,
          514.0
        ],
        [
          1657.0,
          515.0
        ],
        [
          1653.0,
          519.0
        ],
        [
          1653.0,
          520.0
        ],
        [
          1652.0,
          521.0
        ],
        [
          1652.0,
          523.0
        ],
        [
          1651.0,
          524.0
        ],
        [
          1651.0,
          532.0
        ],
        [
          1652.0,
          533.0
        ],
        [
          1652.0,
          536.0
        ],
        [
          1653.0,
          537.0
        ],
        [
          1653.0,
          539.0
        ],
        [
          1654.0,
          540.0
        ],
        [
          1654.0,
          542.0
        ],
        [
          1655.0,
          543.0
        ],
        [
          1655.0,
          553.0
        ],
        [
          1656.0,
          554.0
        ],
        [
          1656.0,
          559.0
        ],
        [
          1657.0,
          560.0
        ],
        [
          1657.0,
          562.0
        ],
        [
          1658.0,
          563.0
        ],
        [
          1658.0,
          566.0
        ],
        [
          1659.0,
          567.0
        ],
        [
          1659.0,
          574.0
        ],
        [
          1660.0,
          575.0
        ],
        [
          1660.0,
          577.0
        ],
        [
          1661.0,
          578.0
        ],
        [
          1661.0,
          590.0
        ],
        [
          1660.0,
          591.0
        ],
        [
          1660.0,
          594.0
        ],
        [
          1659.0,
          595.0
        ],
        [
          1659.0,
          598.0
        ],
        [
          1658.0,
          599.0
        ],
        [
          1658.0,
          604.0
        ],
        [
          1657.0,
          605.0
        ],
        [
          1657.0,
          607.0
        ],
        [
          1656.0,
          608.0
        ],
        [
          1656.0,
          610.0
        ],
        [
          1655.0,
          611.0
        ],
        [
          1655.0,
          614.0
        ],
        [
          1654.0,
          615.0
        ],
        [
          1654.0,
          621.0
        ],
        [
          1653.0,
          622.0
        ],
        [
          1653.0,
          632.0
        ],
        [
          1654.0,
          633.0
        ],
        [
          1654.0,
          636.0
        ],
        [
          1656.0,
          638.0
        ],
        [
          1657.0,
          638.0
        ],
        [
          1658.0,
          639.0
        ],
        [
          1660.0,
          639.0
        ],
        [
          1661.0,
          638.0
        ],
        [
          1662.0,
          638.0
        ],
        [
          1666.0,
          634.0
        ],
        [
          1666.0,
          633.0
        ],
        [
          1668.0,
          631.0
        ],
        [
          1668.0,
          630.0
        ],
        [
          1669.0,
          629.0
        ],
        [
          1669.0,
          627.0
        ],
        [
          1670.0,
          626.0
        ],
        [
          1670.0,
          624.0
        ],
        [
          1671.0,
          623.0
        ],
        [
          1671.0,
          621.0
        ],
        [
          1672.0,
          620.0
        ],
        [
          1672.0,
          618.0
        ],
        [
          1673.0,
          617.0
        ],
        [
          1673.0,
          616.0
        ],
        [
          1675.0,
          614.0
        ],
        [
          1675.0,
          613.0
        ],
        [
          1678.0,
          610.0
        ],
        [
          1678.0,
          609.0
        ],
        [
          1680.0,
          607.0
        ],
        [
          1680.0,
          606.0
        ],
        [
          1682.0,
          604.0
        ],
        [
          1682.0,
          602.0
        ],
        [
          1683.0,
          601.0
        ],
        [
          1683.0,
          598.0
        ],
        [
          1684.0,
          597.0
        ],
        [
          1684.0,
          594.0
        ],
        [
          1686.0,
          591.0
        ],
        [
          1686.0,
          589.0
        ],
        [
          1688.0,
          586.0
        ],
        [
          1688.0,
          584.0
        ],
        [
          1689.0,
          583.0
        ],
        [
          1689.0,
          582.0
        ],
        [
          1691.0,
          579.0
        ],
        [
          1691.0,
          576.0
        ],
        [
          1692.0,
          575.0
        ],
        [
          1692.0,
          564.0
        ],
        [
          1691.0,
          563.0
        ],
        [
          1691.0,
          560.0
        ],
        [
          1690.0,
          559.0
        ],
        [
          1690.0,
          556.0
        ],
        [
          1689.0,
          555.0
        ],
        [
          1689.0,
          552.0
        ],
        [
          1688.0,
          551.0
        ],
        [
          1688.0,
          549.0
        ],
        [
          1687.0,
          548.0
        ],
        [
          1687.0,
          546.0
        ],
        [
          1686.0,
          545.0
        ],
        [
          1686.0,
          542.0
        ],
        [
          1684.0,
          539.0
        ],
        [
          1684.0,
          537.0
        ],
        [
          1683.0,
          536.0
        ],
        [
          1683.0,
          534.0
        ],
        [
          1681.0,
          531.0
        ],
        [
          1681.0,
          529.0
        ],
        [
          1680.0,
          528.0
        ],
        [
          1680.0,
          526.0
        ],
        [
          1679.0,
          525.0
        ],
        [
          1679.0,
          524.0
        ],
        [
          1677.0,
          521.0
        ],
        [
          1677.0,
          519.0
        ],
        [
          1676.0,
          518.0
        ],
        [
          1676.0,
          517.0
        ],
        [
          1674.0,
          515.0
        ],
        [
          1674.0,
          514.0
        ],
        [
          1673.0,
          513.0
        ],
        [
          1673.0,
          512.0
        ]
      ],
      "group_id": null,
      "description": "",
      "difficult": false,
      "shape_type": "polygon",
      "flags": {},
      "attributes": {},
      "kie_linking": []
    },
    {
      "label": "fish",
      "score": null,
      "points": [
        [
          1586.0,
          699.0
        ],
        [
          1584.0,
          701.0
        ],
        [
          1584.0,
          703.0
        ],
        [
          1583.0,
          704.0
        ],
        [
          1583.0,
          706.0
        ],
        [
          1582.0,
          707.0
        ],
        [
          1582.0,
          709.0
        ],
        [
          1581.0,
          710.0
        ],
        [
          1581.0,
          711.0
        ],
        [
          1578.0,
          714.0
        ],
        [
          1577.0,
          714.0
        ],
        [
          1576.0,
          715.0
        ],
        [
          1573.0,
          715.0
        ],
        [
          1572.0,
          716.0
        ],
        [
          1572.0,
          735.0
        ],
        [
          1571.0,
          736.0
        ],
        [
          1571.0,
          738.0
        ],
        [
          1570.0,
          739.0
        ],
        [
          1570.0,
          740.0
        ],
        [
          1569.0,
          741.0
        ],
        [
          1568.0,
          741.0
        ],
        [
          1566.0,
          743.0
        ],
        [
          1565.0,
          743.0
        ],
        [
          1562.0,
          746.0
        ],
        [
          1562.0,
          751.0
        ],
        [
          1563.0,
          752.0
        ],
        [
          1562.0,
          753.0
        ],
        [
          1562.0,
          760.0
        ],
        [
          1561.0,
          761.0
        ],
        [
          1561.0,
          778.0
        ],
        [
          1562.0,
          779.0
        ],
        [
          1562.0,
          791.0
        ],
        [
          1563.0,
          792.0
        ],
        [
          1563.0,
          810.0
        ],
        [
          1562.0,
          811.0
        ],
        [
          1562.0,
          813.0
        ],
        [
          1563.0,
          814.0
        ],
        [
          1563.0,
          828.0
        ],
        [
          1564.0,
          829.0
        ],
        [
          1564.0,
          830.0
        ],
        [
          1563.0,
          831.0
        ],
        [
          1563.0,
          837.0
        ],
        [
          1564.0,
          838.0
        ],
        [
          1564.0,
          845.0
        ],
        [
          1563.0,
          846.0
        ],
        [
          1563.0,
          850.0
        ],
        [
          1564.0,
          851.0
        ],
        [
          1564.0,
          852.0
        ],
        [
          1567.0,
          855.0
        ],
        [
          1567.0,
          856.0
        ],
        [
          1573.0,
          862.0
        ],
        [
          1575.0,
          867.0
        ],
        [
          1578.0,
          870.0
        ],
        [
          1579.0,
          870.0
        ],
        [
          1580.0,
          871.0
        ],
        [
          1586.0,
          871.0
        ],
        [
          1587.0,
          870.0
        ],
        [
          1587.0,
          869.0
        ],
        [
          1589.0,
          866.0
        ],
        [
          1589.0,
          863.0
        ],
        [
          1590.0,
          862.0
        ],
        [
          1590.0,
          860.0
        ],
        [
          1591.0,
          859.0
        ],
        [
          1591.0,
          857.0
        ],
        [
          1594.0,
          852.0
        ],
        [
          1594.0,
          850.0
        ],
        [
          1595.0,
          849.0
        ],
        [
          1595.0,
          847.0
        ],
        [
          1596.0,
          846.0
        ],
        [
          1596.0,
          844.0
        ],
        [
          1597.0,
          843.0
        ],
        [
          1597.0,
          837.0
        ],
        [
          1598.0,
          836.0
        ],
        [
          1598.0,
          832.0
        ],
        [
          1597.0,
          831.0
        ],
        [
          1597.0,
          812.0
        ],
        [
          1598.0,
          811.0
        ],
        [
          1598.0,
          796.0
        ],
        [
          1597.0,
          795.0
        ],
        [
          1597.0,
          791.0
        ],
        [
          1596.0,
          790.0
        ],
        [
          1596.0,
          788.0
        ],
        [
          1595.0,
          787.0
        ],
        [
          1595.0,
          785.0
        ],
        [
          1594.0,
          784.0
        ],
        [
          1594.0,
          781.0
        ],
        [
          1592.0,
          778.0
        ],
        [
          1592.0,
          776.0
        ],
        [
          1591.0,
          775.0
        ],
        [
          1591.0,
          773.0
        ],
        [
          1590.0,
          772.0
        ],
        [
          1590.0,
          770.0
        ],
        [
          1589.0,
          769.0
        ],
        [
          1589.0,
          766.0
        ],
        [
          1588.0,
          765.0
        ],
        [
          1588.0,
          762.0
        ],
        [
          1587.0,
          761.0
        ],
        [
          1587.0,
          753.0
        ],
        [
          1586.0,
          752.0
        ],
        [
          1586.0,
          746.0
        ],
        [
          1585.0,
          745.0
        ],
        [
          1585.0,
          736.0
        ],
        [
          1586.0,
          735.0
        ],
        [
          1586.0,
          728.0
        ],
        [
          1587.0,
          727.0
        ],
        [
          1587.0,
          722.0
        ],
        [
          1588.0,
          721.0
        ],
        [
          1588.0,
          716.0
        ],
        [
          1589.0,
          715.0
        ],
        [
          1589.0,
          712.0
        ],
        [
          1590.0,
          711.0
        ],
        [
          1590.0,
          703.0
        ],
        [
          1589.0,
          702.0
        ],
        [
          1589.0,
          701.0
        ]
      ],
      "group_id": null,
      "description": "",
      "difficult": false,
      "shape_type": "polygon",
      "flags": {},
      "attributes": {},
      "kie_linking": []
    },
    {
      "label": "fish",
      "score": null,
      "points": [
        [
          1684.0,
          737.0
        ],
        [
          1682.0,
          737.0
        ],
        [
          1680.0,
          739.0
        ],
        [
          1680.0,
          740.0
        ],
        [
          1676.0,
          744.0
        ],
        [
          1676.0,
          745.0
        ],
        [
          1675.0,
          746.0
        ],
        [
          1675.0,
          751.0
        ],
        [
          1674.0,
          752.0
        ],
        [
          1674.0,
          755.0
        ],
        [
          1673.0,
          756.0
        ],
        [
          1673.0,
          759.0
        ],
        [
          1672.0,
          760.0
        ],
        [
          1672.0,
          762.0
        ],
        [
          1671.0,
          763.0
        ],
        [
          1671.0,
          765.0
        ],
        [
          1669.0,
          767.0
        ],
        [
          1669.0,
          768.0
        ],
        [
          1668.0,
          769.0
        ],
        [
          1668.0,
          770.0
        ],
        [
          1666.0,
          772.0
        ],
        [
          1666.0,
          773.0
        ],
        [
          1664.0,
          775.0
        ],
        [
          1664.0,
          776.0
        ],
        [
          1663.0,
          777.0
        ],
        [
          1663.0,
          778.0
        ],
        [
          1662.0,
          779.0
        ],
        [
          1662.0,
          780.0
        ],
        [
          1661.0,
          781.0
        ],
        [
          1661.0,
          782.0
        ],
        [
          1659.0,
          785.0
        ],
        [
          1659.0,
          787.0
        ],
        [
          1657.0,
          790.0
        ],
        [
          1657.0,
          794.0
        ],
        [
          1656.0,
          795.0
        ],
        [
          1656.0,
          797.0
        ],
        [
          1655.0,
          798.0
        ],
        [
          1655.0,
          800.0
        ],
        [
          1654.0,
          801.0
        ],
        [
          1654.0,
          802.0
        ],
        [
          1652.0,
          805.0
        ],
        [
          1652.0,
          807.0
        ],
        [
          1651.0,
          808.0
        ],
        [
          1651.0,
          812.0
        ],
        [
          1650.0,
          813.0
        ],
        [
          1650.0,
          816.0
        ],
        [
          1649.0,
          817.0
        ],
        [
          1649.0,
          819.0
        ],
        [
          1648.0,
          820.0
        ],
        [
          1648.0,
          822.0
        ],
        [
          1647.0,
          823.0
        ],
        [
          1647.0,
          826.0
        ],
        [
          1646.0,
          827.0
        ],
        [
          1646.0,
          829.0
        ],
        [
          1645.0,
          830.0
        ],
        [
          1645.0,
          833.0
        ],
        [
          1643.0,
          836.0
        ],
        [
          1643.0,
          845.0
        ],
        [
          1642.0,
          846.0
        ],
        [
          1642.0,
          851.0
        ],
        [
          1643.0,
          852.0
        ],
        [
          1643.0,
          853.0
        ],
        [
          1644.0,
          854.0
        ],
        [
          1644.0,
          855.0
        ],
        [
          1645.0,
          856.0
        ],
        [
          1645.0,
          857.0
        ],
        [
          1647.0,
          860.0
        ],
        [
          1647.0,
          865.0
        ],
        [
          1648.0,
          866.0
        ],
        [
          1648.0,
          867.0
        ],
        [
          1650.0,
          869.0
        ],
        [
          1651.0,
          869.0
        ],
        [
          1652.0,
          870.0
        ],
        [
          1656.0,
          870.0
        ],
        [
          1657.0,
          869.0
        ],
        [
          1660.0,
          869.0
        ],
        [
          1661.0,
          868.0
        ],
        [
          1662.0,
          868.0
        ],
        [
          1664.0,
          866.0
        ],
        [
          1664.0,
          865.0
        ],
        [
          1669.0,
          860.0
        ],
        [
          1669.0,
          859.0
        ],
        [
          1670.0,
          858.0
        ],
        [
          1670.0,
          857.0
        ],
        [
          1671.0,
          856.0
        ],
        [
          1671.0,
          855.0
        ],
        [
          1672.0,
          854.0
        ],
        [
          1672.0,
          853.0
        ],
        [
          1675.0,
          850.0
        ],
        [
          1675.0,
          849.0
        ],
        [
          1676.0,
          848.0
        ],
        [
          1676.0,
          847.0
        ],
        [
          1677.0,
          846.0
        ],
        [
          1677.0,
          845.0
        ],
        [
          1678.0,
          844.0
        ],
        [
          1678.0,
          843.0
        ],
        [
          1679.0,
          842.0
        ],
        [
          1679.0,
          841.0
        ],
        [
          1680.0,
          840.0
        ],
        [
          1680.0,
          839.0
        ],
        [
          1682.0,
          836.0
        ],
        [
          1682.0,
          834.0
        ],
        [
          1683.0,
          833.0
        ],
        [
          1683.0,
          831.0
        ],
        [
          1684.0,
          830.0
        ],
        [
          1684.0,
          827.0
        ],
        [
          1686.0,
          824.0
        ],
        [
          1686.0,
          822.0
        ],
        [
          1687.0,
          821.0
        ],
        [
          1687.0,
          819.0
        ],
        [
          1688.0,
          818.0
        ],
        [
          1688.0,
          815.0
        ],
        [
          1689.0,
          814.0
        ],
        [
          1689.0,
          809.0
        ],
        [
          1690.0,
          808.0
        ],
        [
          1690.0,
          765.0
        ],
        [
          1689.0,
          764.0
        ],
        [
          1689.0,
          761.0
        ],
        [
          1688.0,
          760.0
        ],
        [
          1688.0,
          755.0
        ],
        [
          1687.0,
          754.0
        ],
        [
          1687.0,
          747.0
        ],
        [
          1686.0,
          746.0
        ],
        [
          1686.0,
          743.0
        ],
        [
          1685.0,
          742.0
        ],
        [
          1685.0,
          740.0
        ],
        [
          1684.0,
          739.0
        ]
      ],
      "group_id": null,
      "description": "",
      "difficult": false,
      "shape_type": "polygon",
      "flags": {},
      "attributes": {},
      "kie_linking": []
    },
    {
      "label": "fish",
      "score": null,
      "points": [
        [
          1631.0,
          842.0
        ],
        [
          1630.0,
          843.0
        ],
        [
          1630.0,
          844.0
        ],
        [
          1629.0,
          845.0
        ],
        [
          1629.0,
          849.0
        ],
        [
          1628.0,
          850.0
        ],
        [
          1628.0,
          855.0
        ],
        [
          1627.0,
          856.0
        ],
        [
          1627.0,
          864.0
        ],
        [
          1626.0,
          865.0
        ],
        [
          1626.0,
          868.0
        ],
        [
          1625.0,
          869.0
        ],
        [
          1625.0,
          873.0
        ],
        [
          1624.0,
          874.0
        ],
        [
          1624.0,
          918.0
        ],
        [
          1625.0,
          919.0
        ],
        [
          1625.0,
          925.0
        ],
        [
          1627.0,
          927.0
        ],
        [
          1628.0,
          927.0
        ],
        [
          1629.0,
          928.0
        ],
        [
          1635.0,
          928.0
        ],
        [
          1636.0,
          927.0
        ],
        [
          1645.0,
          927.0
        ],
        [
          1646.0,
          926.0
        ],
        [
          1648.0,
          926.0
        ],
        [
          1650.0,
          924.0
        ],
        [
          1650.0,
          923.0
        ],
        [
          1651.0,
          922.0
        ],
        [
          1651.0,
          914.0
        ],
        [
          1652.0,
          913.0
        ],
        [
          1652.0,
          903.0
        ],
        [
          1651.0,
          902.0
        ],
        [
          1651.0,
          894.0
        ],
        [
          1650.0,
          893.0
        ],
        [
          1650.0,
          889.0
        ],
        [
          1649.0,
          888.0
        ],
        [
          1649.0,
          884.0
        ],
        [
          1648.0,
          883.0
        ],
        [
          1648.0,
          876.0
        ],
        [
          1647.0,
          875.0
        ],
        [
          1647.0,
          872.0
        ],
        [
          1646.0,
          871.0
        ],
        [
          1646.0,
          870.0
        ],
        [
          1645.0,
          869.0
        ],
        [
          1645.0,
          868.0
        ],
        [
          1643.0,
          866.0
        ],
        [
          1643.0,
          865.0
        ],
        [
          1642.0,
          864.0
        ],
        [
          1642.0,
          860.0
        ],
        [
          1641.0,
          859.0
        ],
        [
          1641.0,
          851.0
        ],
        [
          1640.0,
          850.0
        ],
        [
          1640.0,
          848.0
        ],
        [
          1639.0,
          847.0
        ],
        [
          1639.0,
          846.0
        ],
        [
          1638.0,
          845.0
        ],
        [
          1638.0,
          844.0
        ],
        [
          1637.0,
          843.0
        ],
        [
          1635.0,
          843.0
        ],
        [
          1634.0,
          842.0
        ]
      ],
      "group_id": null,
      "description": "",
      "difficult": false,
      "shape_type": "polygon",
      "flags": {},
      "attributes": {},
      "kie_linking": []
    }
  ],
  "imagePath": "frame_000023.jpg",
  "imageData": null,
  "imageHeight": 1080,
  "imageWidth": 1920
}