{
  "version": "3.1.1",
  "flags": {},
  "shapes": [
    {
      "label": "fish",
      "score": null,
      "points": [
        [
          1532.0,
          112.0
        ],
        [
          1524.0,
          112.0
        ],
        [
          1523.0,
          113.0
        ],
        [
          1522.0,
          113.0
        ],
        [
          1521.0,
          114.0
        ],
        [
          1520.0,
          114.0
        ],
        [
          1512.0,
          122.0
        ],
        [
          1512.0,
          123.0
        ],
        [
          1510.0,
          125.0
        ],
        [
          1510.0,
          126.0
        ],
        [
          1508.0,
          129.0
        ],
        [
          1508.0,
          131.0
        ],
        [
          1507.0,
          132.0
        ],
        [
          1507.0,
          134.0
        ],
        [
          1506.0,
          135.0
        ],
        [
          1506.0,
          136.0
        ],
        [
          1505.0,
          137.0
        ],
        [
          1505.0,
          139.0
        ],
        [
          1504.0,
          140.0
        ],
        [
          1504.0,
          141.0
        ],
        [
          1503.0,
          142.0
        ],
        [
          1503.0,
          143.0
        ],
        [
          1501.0,
          146.0
        ],
        [
          1501.0,
          149.0
        ],
        [
          1500.0,
          150.0
        ],
        [
          1500.0,
          152.0
        ],
        [
          1499.0,
          153.0
        ],
        [
          1499.0,
          155.0
        ],
        [
          1498.0,
          156.0
        ],
        [
          1498.0,
          157.0
        ],
        [
          1496.0,
          160.0
        ],
        [
          1496.0,
          162.0
        ],
        [
          1494.0,
          165.0
        ],
        [
          1494.0,
          167.0
        ],
        [
          1493.0,
          168.0
        ],
        [
          1493.0,
          170.0
        ],
        [
          1491.0,
          173.0
        ],
        [
          1491.0,
          175.0
        ],
        [
          1490.0,
          176.0
        ],
        [
          1490.0,
          178.0
        ],
        [
          1489.0,
          179.0
        ],
        [
          1489.0,
          181.0
        ],
        [
          1488.0,
          182.0
        ],
        [
          1488.0,
          184.0
        ],
        [
          1486.0,
          187.0
        ],
        [
          1486.0,
          189.0
        ],
        [
          1485.0,
          190.0
        ],
        [
          1485.0,
          192.0
        ],
        [
          1484.0,
          193.0
        ],
        [
          1484.0,
          196.0
        ],
        [
          1483.0,
          197.0
        ],
        [
          1483.0,
          200.0
        ],
        [
          1482.0,
          201.0
        ],
        [
          1482.0,
          203.0
        ],
        [
          1481.0,
          204.0
        ],
        [
          1481.0,
          205.0
        ],
        [
          1479.0,
          208.0
        ],
        [
          1479.0,
          210.0
        ],
        [
          1478.0,
          211.0
        ],
        [
          1478.0,
          214.0
        ],
        [
          1477.0,
          215.0
        ],
        [
          1477.0,
          218.0
        ],
        [
          1476.0,
          219.0
        ],
        [
          1476.0,
          220.0
        ],
        [
          1472.0,
          224.0
        ],
        [
          1472.0,
          225.0
        ],
        [
          1470.0,
          228.0
        ],
        [
          1470.0,
          230.0
        ],
        [
          1471.0,
          231.0
        ],
        [
          1471.0,
          233.0
        ],
        [
          1472.0,
          234.0
        ],
        [
          1474.0,
          232.0
        ],
        [
          1474.0,
          231.0
        ],
        [
          1476.0,
          229.0
        ],
        [
          1476.0,
          228.0
        ],
        [
          1477.0,
          227.0
        ],
        [
          1477.0,
          226.0
        ],
        [
          1480.0,
          223.0
        ],
        [
          1480.0,
          222.0
        ],
        [
          1481.0,
          221.0
        ],
        [
          1481.0,
          220.0
        ],
        [
          1482.0,
          219.0
        ],
        [
          1482.0,
          218.0
        ],
        [
          1483.0,
          217.0
        ],
        [
          1483.0,
          216.0
        ],
        [
          1484.0,
          215.0
        ],
        [
          1484.0,
          214.0
        ],
        [
          1490.0,
          208.0
        ],
        [
          1490.0,
          207.0
        ],
        [
          1492.0,
          205.0
        ],
        [
          1492.0,
          204.0
        ],
        [
          1493.0,
          203.0
        ],
        [
          1493.0,
          202.0
        ],
        [
          1495.0,
          200.0
        ],
        [
          1495.0,
          199.0
        ],
        [
          1496.0,
          198.0
        ],
        [
          1496.0,
          197.0
        ],
        [
          1497.0,
          196.0
        ],
        [
          1497.0,
          195.0
        ],
        [
          1499.0,
          193.0
        ],
        [
          1499.0,
          192.0
        ],
        [
          1501.0,
          190.0
        ],
        [
          1501.0,
          189.0
        ],
        [
          1504.0,
          186.0
        ],
        [
          1504.0,
          185.0
        ],
        [
          1506.0,
          183.0
        ],
        [
          1506.0,
          182.0
        ],
        [
          1507.0,
          181.0
        ],
        [
          1507.0,
          180.0
        ],
        [
          1511.0,
          176.0
        ],
        [
          1511.0,
          175.0
        ],
        [
          1514.0,
          172.0
        ],
        [
          1514.0,
          171.0
        ],
        [
          1518.0,
          167.0
        ],
        [
          1518.0,
          166.0
        ],
        [
          1519.0,
          165.0
        ],
        [
          1519.0,
          164.0
        ],
        [
          1521.0,
          162.0
        ],
        [
          1521.0,
          161.0
        ],
        [
          1522.0,
          160.0
        ],
        [
          1522.0,
          159.0
        ],
        [
          1523.0,
          158.0
        ],
        [
          1523.0,
          157.0
        ],
        [
          1526.0,
          154.0
        ],
        [
          1526.0,
          153.0
        ],
        [
          1527.0,
          152.0
        ],
        [
          1527.0,
          150.0
        ],
        [
          1528.0,
          149.0
        ],
        [
          1528.0,
          147.0
        ],
        [
          1529.0,
          146.0
        ],
        [
          1529.0,
          143.0
        ],
        [
          1530.0,
          142.0
        ],
        [
          1530.0,
          140.0
        ],
        [
          1531.0,
          139.0
        ],
        [
          1531.0,
          137.0
        ],
        [
          1532.0,
          136.0
        ],
        [
          1532.0,
          133.0
        ],
        [
          1533.0,
          132.0
        ],
        [
          1533.0,
          128.0
        ],
        [
          1534.0,
          127.0
        ],
        [
          1534.0,
          115.0
        ]
      ],
      "group_id": null,
      "description": "",
      "difficult": false,
      "shape_type": "polygon",
      "flags": {},
      "attributes": {},
      "kie_linking": []
    },
    {
      "label": "fish",
      "score": null,
      "points": [
        [
          1608.0,
          256.0
        ],
        [
          1608.0,
          260.0
        ],
        [
          1609.0,
          261.0
        ],
        [
          1609.0,
          264.0
        ],
        [
          1610.0,
          265.0
        ],
        [
          1610.0,
          266.0
        ],
        [
          1612.0,
          269.0
        ],
        [
          1612.0,
          271.0
        ],
        [
          1613.0,
          272.0
        ],
        [
          1613.0,
          274.0
        ],
        [
          1614.0,
          275.0
        ],
        [
          1614.0,
          276.0
        ],
        [
          1616.0,
          278.0
        ],
        [
          1616.0,
          279.0
        ],
        [
          1617.0,
          280.0
        ],
        [
          1618.0,
          280.0
        ],
        [
          1625.0,
          287.0
        ],
        [
          1625.0,
          288.0
        ],
        [
          1632.0,
          295.0
        ],
        [
          1632.0,
          296.0
        ],
        [
          1633.0,
          297.0
        ],
        [
          1633.0,
          298.0
        ],
        [
          1635.0,
          300.0
        ],
        [
          1635.0,
          301.0
        ],
        [
          1636.0,
          302.0
        ],
        [
          1636.0,
          303.0
        ],
        [
          1638.0,
          305.0
        ],
        [
          1638.0,
          306.0
        ],
        [
          1640.0,
          308.0
        ],
        [
          1640.0,
          309.0
        ],
        [
          1641.0,
          310.0
        ],
        [
          1641.0,
          311.0
        ],
        [
          1643.0,
          314.0
        ],
        [
          1643.0,
          316.0
        ],
        [
          1644.0,
          317.0
        ],
        [
          1644.0,
          318.0
        ],
        [
          1645.0,
          319.0
        ],
        [
          1645.0,
          320.0
        ],
        [
          1650.0,
          325.0
        ],
        [
          1650.0,
          326.0
        ],
        [
          1655.0,
          331.0
        ],
        [
          1655.0,
          332.0
        ],
        [
          1660.0,
          337.0
        ],
        [
          1661.0,
          337.0
        ],
        [
          1664.0,
          340.0
        ],
        [
          1664.0,
          341.0
        ],
        [
          1667.0,
          344.0
        ],
        [
          1667.0,
          345.0
        ],
        [
          1672.0,
          350.0
        ],
        [
          1673.0,
          350.0
        ],
        [
          1674.0,
          351.0
        ],
        [
          1679.0,
          351.0
        ],
        [
          1680.0,
          352.0
        ],
        [
          1687.0,
          352.0
        ],
        [
          1688.0,
          353.0
        ],
        [
          1691.0,
          353.0
        ],
        [
          1692.0,
          352.0
        ],
        [
          1693.0,
          352.0
        ],
        [
          1696.0,
          349.0
        ],
        [
          1696.0,
          345.0
        ],
        [
          1695.0,
          344.0
        ],
        [
          1695.0,
          341.0
        ],
        [
          1694.0,
          340.0
        ],
        [
          1694.0,
          339.0
        ],
        [
          1693.0,
          338.0
        ],
        [
          1693.0,
          337.0
        ],
        [
          1692.0,
          336.0
        ],
        [
          1692.0,
          335.0
        ],
        [
          1691.0,
          334.0
        ],
        [
          1691.0,
          333.0
        ],
        [
          1689.0,
          331.0
        ],
        [
          1689.0,
          330.0
        ],
        [
          1687.0,
          328.0
        ],
        [
          1687.0,
          327.0
        ],
        [
          1686.0,
          326.0
        ],
        [
          1686.0,
          325.0
        ],
        [
          1684.0,
          323.0
        ],
        [
          1684.0,
          322.0
        ],
        [
          1683.0,
          321.0
        ],
        [
          1683.0,
          320.0
        ],
        [
          1681.0,
          318.0
        ],
        [
          1681.0,
          317.0
        ],
        [
          1676.0,
          312.0
        ],
        [
          1675.0,
          312.0
        ],
        [
          1671.0,
          308.0
        ],
        [
          1671.0,
          307.0
        ],
        [
          1669.0,
          305.0
        ],
        [
          1669.0,
          304.0
        ],
        [
          1668.0,
          303.0
        ],
        [
          1668.0,
          302.0
        ],
        [
          1667.0,
          301.0
        ],
        [
          1667.0,
          300.0
        ],
        [
          1665.0,
          298.0
        ],
        [
          1665.0,
          297.0
        ],
        [
          1662.0,
          294.0
        ],
        [
          1661.0,
          294.0
        ],
        [
          1660.0,
          293.0
        ],
        [
          1657.0,
          293.0
        ],
        [
          1656.0,
          292.0
        ],
        [
          1654.0,
          292.0
        ],
        [
          1653.0,
          291.0
        ],
        [
          1651.0,
          291.0
        ],
        [
          1648.0,
          289.0
        ],
        [
          1646.0,
          289.0
        ],
        [
          1645.0,
          288.0
        ],
        [
          1644.0,
          288.0
        ],
        [
          1643.0,
          287.0
        ],
        [
          1642.0,
          287.0
        ],
        [
          1639.0,
          285.0
        ],
        [
          1637.0,
          285.0
        ],
        [
          1636.0,
          284.0
        ],
        [
          1635.0,
          284.0
        ],
        [
          1634.0,
          283.0
        ],
        [
          1633.0,
          283.0
        ],
        [
          1631.0,
          281.0
        ],
        [
          1631.0,
          280.0
        ],
        [
          1629.0,
          278.0
        ],
        [
          1629.0,
          277.0
        ],
        [
          1628.0,
          276.0
        ],
        [
          1628.0,
          274.0
        ],
        [
          1627.0,
          273.0
        ],
        [
          1627.0,
          272.0
        ],
        [
          1624.0,
          269.0
        ],
        [
          1624.0,
          268.0
        ],
        [
          1623.0,
          267.0
        ],
        [
          1623.0,
          266.0
        ],
        [
          1621.0,
          264.0
        ],
        [
          1620.0,
          264.0
        ],
        [
          1619.0,
          263.0
        ],
        [
          1618.0,
          263.0
        ],
        [
          1616.0,
          261.0
        ],
        [
          1613.0,
          261.0
        ],
        [
          1609.0,
          257.0
        ],
        [
          1609.0,
          256.0
        ]
      ],
      "group_id": null,
      "description": "",
      "difficult": false,
      "shape_type": "polygon",
      "flags": {},
      "attributes": {},
      "kie_linking": []
    },
    {
      "label": "fish",
      "score": null,
      "points": [
        [
          1524.0,
          266.0
        ],
        [
          1522.0,
          268.0
        ],
        [
          1522.0,
          269.0
        ],
        [
          1521.0,
          270.0
        ],
        [
          1521.0,
          271.0
        ],
        [
          1520.0,
          272.0
        ],
        [
          1520.0,
          276.0
        ],
        [
          1519.0,
          277.0
        ],
        [
          1519.0,
          283.0
        ],
        [
          1518.0,
          284.0
        ],
        [
          1518.0,
          289.0
        ],
        [
          1519.0,
          290.0
        ],
        [
          1519.0,
          291.0
        ],
        [
          1524.0,
          296.0
        ],
        [
          1524.0,
          297.0
        ],
        [
          1526.0,
          299.0
        ],
        [
          1526.0,
          300.0
        ],
        [
          1534.0,
          308.0
        ],
        [
          1534.0,
          309.0
        ],
        [
          1536.0,
          311.0
        ],
        [
          1536.0,
          312.0
        ],
        [
          1537.0,
          313.0
        ],
        [
          1537.0,
          314.0
        ],
        [
          1538.0,
          315.0
        ],
        [
          1538.0,
          316.0
        ],
        [
          1539.0,
          317.0
        ],
        [
          1539.0,
          318.0
        ],
        [
          1540.0,
          319.0
        ],
        [
          1540.0,
          321.0
        ],
        [
          1541.0,
          322.0
        ],
        [
          1541.0,
          323.0
        ],
        [
          1542.0,
          324.0
        ],
        [
          1542.0,
          325.0
        ],
        [
          1543.0,
          326.0
        ],
        [
          1543.0,
          328.0
        ],
        [
          1544.0,
          329.0
        ],
        [
          1544.0,
          332.0
        ],
        [
          1545.0,
          333.0
        ],
        [
          1545.0,
          334.0
        ],
        [
          1547.0,
          336.0
        ],
        [
          1547.0,
          337.0
        ],
        [
          1549.0,
          339.0
        ],
        [
          1549.0,
          340.0
        ],
        [
          1552.0,
          343.0
        ],
        [
          1552.0,
          344.0
        ],
        [
          1555.0,
          347.0
        ],
        [
          1555.0,
          348.0
        ],
        [
          1557.0,
          350.0
        ],
        [
          1557.0,
          351.0
        ],
        [
          1559.0,
          353.0
        ],
        [
          1560.0,
          353.0
        ],
        [
          1564.0,
          357.0
        ],
        [
          1564.0,
          358.0
        ],
        [
          1565.0,
          359.0
        ],
        [
          1565.0,
          360.0
        ],
        [
          1566.0,
          360.0
        ],
        [
          1567.0,
          361.0
        ],
        [
          1572.0,
          361.0
        ],
        [
          1573.0,
          360.0
        ],
        [
          1573.0,
          359.0
        ],
        [
          1574.0,
          358.0
        ],
        [
          1574.0,
          354.0
        ],
        [
          1573.0,
          353.0
        ],
        [
          1573.0,
          335.0
        ],
        [
          1572.0,
          334.0
        ],
        [
          1572.0,
          329.0
        ],
        [
          1571.0,
          328.0
        ],
        [
          1571.0,
          325.0
        ],
        [
          1570.0,
          324.0
        ],
        [
          1570.0,
          320.0
        ],
        [
          1569.0,
          319.0
        ],
        [
          1569.0,
          317.0
        ],
        [
          1568.0,
          316.0
        ],
        [
          1568.0,
          314.0
        ],
        [
          1567.0,
          313.0
        ],
        [
          1567.0,
          312.0
        ],
        [
          1566.0,
          311.0
        ],
        [
          1566.0,
          310.0
        ],
        [
          1560.0,
          304.0
        ],
        [
          1560.0,
          303.0
        ],
        [
          1557.0,
          300.0
        ],
        [
          1557.0,
          299.0
        ],
        [
          1555.0,
          297.0
        ],
        [
          1555.0,
          296.0
        ],
        [
          1552.0,
          293.0
        ],
        [
          1552.0,
          292.0
        ],
        [
          1551.0,
          291.0
        ],
        [
          1551.0,
          290.0
        ],
        [
          1550.0,
          289.0
        ],
        [
          1550.0,
          288.0
        ],
        [
          1547.0,
          285.0
        ],
        [
          1547.0,
          284.0
        ],
        [
          1535.0,
          272.0
        ],
        [
          1535.0,
          271.0
        ],
        [
          1532.0,
          268.0
        ],
        [
          1532.0,
          267.0
        ],
        [
          1530.0,
          267.0
        ],
        [
          1529.0,
          266.0
        ]
      ],
      "group_id": null,
      "description": "",
      "difficult": false,
      "shape_type": "polygon",
      "flags": {},
      "attributes": {},
      "kie_linking": []
    },
    {
      "label": "fish",
      "score": null,
      "points": [
        [
          1631.0,
          628.0
        ],
        [
          1630.0,
          627.0
        ],
        [
          1622.0,
          627.0
        ],
        [
          1619.0,
          629.0
        ],
        [
          1616.0,
          629.0
        ],
        [
          1615.0,
          630.0
        ],
        [
          1613.0,
          630.0
        ],
        [
          1612.0,
          631.0
        ],
        [
          1611.0,
          631.0
        ],
        [
          1610.0,
          632.0
        ],
        [
          1609.0,
          632.0
        ],
        [
          1606.0,
          635.0
        ],
        [
          1606.0,
          636.0
        ],
        [
          1605.0,
          637.0
        ],
        [
          1605.0,
          638.0
        ],
        [
          1604.0,
          639.0
        ],
        [
          1604.0,
          640.0
        ],
        [
          1603.0,
          641.0
        ],
        [
          1603.0,
          642.0
        ],
        [
          1602.0,
          643.0
        ],
        [
          1602.0,
          644.0
        ],
        [
          1599.0,
          647.0
        ],
        [
          1599.0,
          648.0
        ],
        [
          1598.0,
          649.0
        ],
        [
          1598.0,
          650.0
        ],
        [
          1592.0,
          656.0
        ],
        [
          1592.0,
          657.0
        ],
        [
          1585.0,
          664.0
        ],
        [
          1585.0,
          665.0
        ],
        [
          1577.0,
          673.0
        ],
        [
          1577.0,
          674.0
        ],
        [
          1574.0,
          677.0
        ],
        [
          1574.0,
          678.0
        ],
        [
          1563.0,
          689.0
        ],
        [
          1562.0,
          689.0
        ],
        [
          1561.0,
          690.0
        ],
        [
          1560.0,
          690.0
        ],
        [
          1559.0,
          691.0
        ],
        [
          1558.0,
          691.0
        ],
        [
          1557.0,
          692.0
        ],
        [
          1556.0,
          692.0
        ],
        [
          1549.0,
          699.0
        ],
        [
          1548.0,
          699.0
        ],
        [
          1547.0,
          700.0
        ],
        [
          1546.0,
          700.0
        ],
        [
          1545.0,
          701.0
        ],
        [
          1544.0,
          701.0
        ],
        [
          1542.0,
          703.0
        ],
        [
          1542.0,
          704.0
        ],
        [
          1540.0,
          707.0
        ],
        [
          1541.0,
          707.0
        ],
        [
          1544.0,
          709.0
        ],
        [
          1546.0,
          709.0
        ],
        [
          1547.0,
          710.0
        ],
        [
          1557.0,
          710.0
        ],
        [
          1558.0,
          709.0
        ],
        [
          1561.0,
          709.0
        ],
        [
          1562.0,
          708.0
        ],
        [
          1566.0,
          708.0
        ],
        [
          1567.0,
          707.0
        ],
        [
          1571.0,
          707.0
        ],
        [
          1572.0,
          706.0
        ],
        [
          1575.0,
          706.0
        ],
        [
          1576.0,
          705.0
        ],
        [
          1578.0,
          705.0
        ],
        [
          1579.0,
          704.0
        ],
        [
          1580.0,
          704.0
        ],
        [
          1582.0,
          702.0
        ],
        [
          1583.0,
          702.0
        ],
        [
          1585.0,
          700.0
        ],
        [
          1586.0,
          700.0
        ],
        [
          1588.0,
          698.0
        ],
        [
          1589.0,
          698.0
        ],
        [
          1590.0,
          697.0
        ],
        [
          1591.0,
          697.0
        ],
        [
          1592.0,
          696.0
        ],
        [
          1593.0,
          696.0
        ],
        [
          1596.0,
          694.0
        ],
        [
          1598.0,
          694.0
        ],
        [
          1600.0,
          692.0
        ],
        [
          1601.0,
          692.0
        ],
        [
          1603.0,
          690.0
        ],
        [
          1604.0,
          690.0
        ],
        [
          1606.0,
          688.0
        ],
        [
          1607.0,
          688.0
        ],
        [
          1608.0,
          687.0
        ],
        [
          1609.0,
          687.0
        ],
        [
          1611.0,
          685.0
        ],
        [
          1611.0,
          684.0
        ],
        [
          1614.0,
          681.0
        ],
        [
          1614.0,
          680.0
        ],
        [
          1616.0,
          678.0
        ],
        [
          1616.0,
          676.0
        ],
        [
          1618.0,
          673.0
        ],
        [
          1618.0,
          671.0
        ],
        [
          1619.0,
          670.0
        ],
        [
          1619.0,
          669.0
        ],
        [
          1620.0,
          668.0
        ],
        [
          1620.0,
          667.0
        ],
        [
          1621.0,
          666.0
        ],
        [
          1621.0,
          665.0
        ],
        [
          1623.0,
          663.0
        ],
        [
          1623.0,
          662.0
        ],
        [
          1624.0,
          661.0
        ],
        [
          1624.0,
          659.0
        ],
        [
          1626.0,
          656.0
        ],
        [
          1626.0,
          654.0
        ],
        [
          1627.0,
          653.0
        ],
        [
          1627.0,
          651.0
        ],
        [
          1628.0,
          650.0
        ],
        [
          1628.0,
          647.0
        ],
        [
          1629.0,
          646.0
        ],
        [
          1629.0,
          644.0
        ],
        [
          1630.0,
          643.0
        ],
        [
          1630.0,
          641.0
        ],
        [
          1631.0,
          640.0
        ],
        [
          1631.0,
          638.0
        ],
        [
          1632.0,
          637.0
        ],
        [
          1632.0,
          630.0
        ],
        [
          1631.0,
          629.0
        ]
      ],
      "group_id": null,
      "description": "",
      "difficult": false,
      "shape_type": "polygon",
      "flags": {},
      "attributes": {},
      "kie_linking": []
    }
  ],
  "imagePath": "frame_000058.jpg",
  "imageData": null,
  "imageHeight": 1080,
  "imageWidth": 1920
}