{
  "version": "3.1.1",
  "flags": {},
  "shapes": [
    {
      "label": "fish",
      "score": null,
      "points": [
        [
          1483.0,
          66.0
        ],
        [
          1479.0,
          66.0
        ],
        [
          1478.0,
          67.0
        ],
        [
          1477.0,
          67.0
        ],
        [
          1468.0,
          76.0
        ],
        [
          1465.0,
          77.0
        ],
        [
          1463.0,
          79.0
        ],
        [
          1463.0,
          80.0
        ],
        [
          1462.0,
          81.0
        ],
        [
          1462.0,
          82.0
        ],
        [
          1461.0,
          83.0
        ],
        [
          1461.0,
          84.0
        ],
        [
          1459.0,
          87.0
        ],
        [
          1459.0,
          89.0
        ],
        [
          1458.0,
          90.0
        ],
        [
          1458.0,
          92.0
        ],
        [
          1457.0,
          93.0
        ],
        [
          1457.0,
          95.0
        ],
        [
          1456.0,
          96.0
        ],
        [
          1456.0,
          98.0
        ],
        [
          1455.0,
          99.0
        ],
        [
          1455.0,
          101.0
        ],
        [
          1454.0,
          102.0
        ],
        [
          1454.0,
          105.0
        ],
        [
          1453.0,
          106.0
        ],
        [
          1453.0,
          108.0
        ],
        [
          1452.0,
          109.0
        ],
        [
          1452.0,
          110.0
        ],
        [
          1451.0,
          111.0
        ],
        [
          1451.0,
          112.0
        ],
        [
          1449.0,
          115.0
        ],
        [
          1449.0,
          118.0
        ],
        [
          1448.0,
          119.0
        ],
        [
          1448.0,
          122.0
        ],
        [
          1447.0,
          123.0
        ],
        [
          1447.0,
          126.0
        ],
        [
          1446.0,
          127.0
        ],
        [
          1446.0,
          130.0
        ],
        [
          1445.0,
          131.0
        ],
        [
          1445.0,
          135.0
        ],
        [
          1444.0,
          136.0
        ],
        [
          1444.0,
          139.0
        ],
        [
          1443.0,
          140.0
        ],
        [
          1443.0,
          141.0
        ],
        [
          1442.0,
          142.0
        ],
        [
          1442.0,
          144.0
        ],
        [
          1440.0,
          147.0
        ],
        [
          1440.0,
          149.0
        ],
        [
          1439.0,
          150.0
        ],
        [
          1439.0,
          152.0
        ],
        [
          1438.0,
          153.0
        ],
        [
          1438.0,
          155.0
        ],
        [
          1437.0,
          156.0
        ],
        [
          1437.0,
          158.0
        ],
        [
          1436.0,
          159.0
        ],
        [
          1436.0,
          161.0
        ],
        [
          1435.0,
          162.0
        ],
        [
          1435.0,
          164.0
        ],
        [
          1434.0,
          165.0
        ],
        [
          1434.0,
          167.0
        ],
        [
          1433.0,
          168.0
        ],
        [
          1433.0,
          170.0
        ],
        [
          1432.0,
          171.0
        ],
        [
          1432.0,
          173.0
        ],
        [
          1431.0,
          174.0
        ],
        [
          1431.0,
          177.0
        ],
        [
          1430.0,
          178.0
        ],
        [
          1430.0,
          180.0
        ],
        [
          1429.0,
          181.0
        ],
        [
          1429.0,
          183.0
        ],
        [
          1427.0,
          185.0
        ],
        [
          1427.0,
          187.0
        ],
        [
          1426.0,
          188.0
        ],
        [
          1426.0,
          190.0
        ],
        [
          1425.0,
          191.0
        ],
        [
          1425.0,
          197.0
        ],
        [
          1426.0,
          198.0
        ],
        [
          1426.0,
          199.0
        ],
        [
          1427.0,
          199.0
        ],
        [
          1428.0,
          198.0
        ],
        [
          1428.0,
          197.0
        ],
        [
          1429.0,
          196.0
        ],
        [
          1429.0,
          194.0
        ],
        [
          1431.0,
          192.0
        ],
        [
          1432.0,
          189.0
        ],
        [
          1433.0,
          188.0
        ],
        [
          1434.0,
          188.0
        ],
        [
          1438.0,
          184.0
        ],
        [
          1438.0,
          183.0
        ],
        [
          1439.0,
          182.0
        ],
        [
          1439.0,
          181.0
        ],
        [
          1441.0,
          179.0
        ],
        [
          1441.0,
          178.0
        ],
        [
          1442.0,
          177.0
        ],
        [
          1442.0,
          176.0
        ],
        [
          1443.0,
          175.0
        ],
        [
          1444.0,
          172.0
        ],
        [
          1446.0,
          170.0
        ],
        [
          1446.0,
          169.0
        ],
        [
          1447.0,
          168.0
        ],
        [
          1448.0,
          165.0
        ],
        [
          1450.0,
          163.0
        ],
        [
          1450.0,
          162.0
        ],
        [
          1452.0,
          160.0
        ],
        [
          1452.0,
          159.0
        ],
        [
          1455.0,
          156.0
        ],
        [
          1455.0,
          155.0
        ],
        [
          1458.0,
          152.0
        ],
        [
          1458.0,
          151.0
        ],
        [
          1460.0,
          149.0
        ],
        [
          1460.0,
          148.0
        ],
        [
          1461.0,
          147.0
        ],
        [
          1462.0,
          144.0
        ],
        [
          1466.0,
          140.0
        ],
        [
          1466.0,
          139.0
        ],
        [
          1468.0,
          137.0
        ],
        [
          1468.0,
          136.0
        ],
        [
          1469.0,
          135.0
        ],
        [
          1469.0,
          134.0
        ],
        [
          1470.0,
          133.0
        ],
        [
          1470.0,
          132.0
        ],
        [
          1472.0,
          129.0
        ],
        [
          1472.0,
          127.0
        ],
        [
          1474.0,
          124.0
        ],
        [
          1474.0,
          122.0
        ],
        [
          1475.0,
          121.0
        ],
        [
          1475.0,
          120.0
        ],
        [
          1476.0,
          119.0
        ],
        [
          1476.0,
          118.0
        ],
        [
          1478.0,
          115.0
        ],
        [
          1478.0,
          113.0
        ],
        [
          1479.0,
          112.0
        ],
        [
          1479.0,
          111.0
        ],
        [
          1481.0,
          108.0
        ],
        [
          1481.0,
          105.0
        ],
        [
          1482.0,
          104.0
        ],
        [
          1482.0,
          102.0
        ],
        [
          1483.0,
          101.0
        ],
        [
          1483.0,
          97.0
        ],
        [
          1484.0,
          96.0
        ],
        [
          1484.0,
          93.0
        ],
        [
          1485.0,
          92.0
        ],
        [
          1485.0,
          87.0
        ],
        [
          1486.0,
          86.0
        ],
        [
          1486.0,
          82.0
        ],
        [
          1487.0,
          81.0
        ],
        [
          1487.0,
          72.0
        ],
        [
          1486.0,
          71.0
        ],
        [
          1486.0,
          69.0
        ],
        [
          1485.0,
          68.0
        ],
        [
          1485.0,
          67.0
        ],
        [
          1484.0,
          67.0
        ]
      ],
      "group_id": null,
      "description": "",
      "difficult": false,
      "shape_type": "polygon",
      "flags": {},
      "attributes": {},
      "kie_linking": []
    },
    {
      "label": "fish",
      "score": null,
      "points": [
        [
          1564.0,
          95.0
        ],
        [
          1561.0,
          95.0
        ],
        [
          1560.0,
          96.0
        ],
        [
          1558.0,
          96.0
        ],
        [
          1555.0,
          99.0
        ],
        [
          1555.0,
          100.0
        ],
        [
          1554.0,
          101.0
        ],
        [
          1553.0,
          104.0
        ],
        [
          1547.0,
          110.0
        ],
        [
          1547.0,
          111.0
        ],
        [
          1545.0,
          113.0
        ],
        [
          1545.0,
          121.0
        ],
        [
          1546.0,
          122.0
        ],
        [
          1546.0,
          126.0
        ],
        [
          1547.0,
          127.0
        ],
        [
          1547.0,
          149.0
        ],
        [
          1548.0,
          150.0
        ],
        [
          1548.0,
          152.0
        ],
        [
          1549.0,
          153.0
        ],
        [
          1549.0,
          156.0
        ],
        [
          1550.0,
          157.0
        ],
        [
          1550.0,
          162.0
        ],
        [
          1551.0,
          163.0
        ],
        [
          1551.0,
          169.0
        ],
        [
          1552.0,
          170.0
        ],
        [
          1552.0,
          176.0
        ],
        [
          1553.0,
          177.0
        ],
        [
          1553.0,
          193.0
        ],
        [
          1552.0,
          194.0
        ],
        [
          1552.0,
          196.0
        ],
        [
          1551.0,
          197.0
        ],
        [
          1551.0,
          199.0
        ],
        [
          1550.0,
          200.0
        ],
        [
          1550.0,
          215.0
        ],
        [
          1551.0,
          216.0
        ],
        [
          1551.0,
          224.0
        ],
        [
          1552.0,
          225.0
        ],
        [
          1552.0,
          229.0
        ],
        [
          1553.0,
          230.0
        ],
        [
          1553.0,
          233.0
        ],
        [
          1554.0,
          234.0
        ],
        [
          1554.0,
          236.0
        ],
        [
          1555.0,
          237.0
        ],
        [
          1556.0,
          237.0
        ],
        [
          1557.0,
          236.0
        ],
        [
          1557.0,
          235.0
        ],
        [
          1559.0,
          233.0
        ],
        [
          1559.0,
          232.0
        ],
        [
          1560.0,
          231.0
        ],
        [
          1560.0,
          230.0
        ],
        [
          1561.0,
          229.0
        ],
        [
          1561.0,
          228.0
        ],
        [
          1562.0,
          227.0
        ],
        [
          1562.0,
          226.0
        ],
        [
          1564.0,
          223.0
        ],
        [
          1564.0,
          220.0
        ],
        [
          1565.0,
          219.0
        ],
        [
          1565.0,
          206.0
        ],
        [
          1566.0,
          205.0
        ],
        [
          1566.0,
          202.0
        ],
        [
          1567.0,
          201.0
        ],
        [
          1567.0,
          200.0
        ],
        [
          1568.0,
          199.0
        ],
        [
          1568.0,
          198.0
        ],
        [
          1569.0,
          197.0
        ],
        [
          1569.0,
          196.0
        ],
        [
          1570.0,
          195.0
        ],
        [
          1570.0,
          194.0
        ],
        [
          1572.0,
          191.0
        ],
        [
          1572.0,
          189.0
        ],
        [
          1573.0,
          188.0
        ],
        [
          1573.0,
          187.0
        ],
        [
          1574.0,
          186.0
        ],
        [
          1574.0,
          184.0
        ],
        [
          1575.0,
          183.0
        ],
        [
          1575.0,
          182.0
        ],
        [
          1577.0,
          179.0
        ],
        [
          1577.0,
          177.0
        ],
        [
          1578.0,
          176.0
        ],
        [
          1578.0,
          173.0
        ],
        [
          1579.0,
          172.0
        ],
        [
          1579.0,
          153.0
        ],
        [
          1578.0,
          152.0
        ],
        [
          1578.0,
          143.0
        ],
        [
          1577.0,
          142.0
        ],
        [
          1577.0,
          126.0
        ],
        [
          1576.0,
          125.0
        ],
        [
          1576.0,
          121.0
        ],
        [
          1575.0,
          120.0
        ],
        [
          1575.0,
          116.0
        ],
        [
          1574.0,
          115.0
        ],
        [
          1574.0,
          113.0
        ],
        [
          1572.0,
          110.0
        ],
        [
          1572.0,
          108.0
        ],
        [
          1570.0,
          105.0
        ],
        [
          1570.0,
          103.0
        ],
        [
          1569.0,
          102.0
        ],
        [
          1568.0,
          99.0
        ]
      ],
      "group_id": null,
      "description": "",
      "difficult": false,
      "shape_type": "polygon",
      "flags": {},
      "attributes": {},
      "kie_linking": []
    },
    {
      "label": "fish",
      "score": null,
      "points": [
        [
          1689.0,
          283.0
        ],
        [
          1688.0,
          284.0
        ],
        [
          1688.0,
          285.0
        ],
        [
          1687.0,
          286.0
        ],
        [
          1687.0,
          287.0
        ],
        [
          1688.0,
          288.0
        ],
        [
          1688.0,
          290.0
        ],
        [
          1689.0,
          291.0
        ],
        [
          1689.0,
          292.0
        ],
        [
          1690.0,
          293.0
        ],
        [
          1690.0,
          294.0
        ],
        [
          1692.0,
          297.0
        ],
        [
          1692.0,
          299.0
        ],
        [
          1693.0,
          300.0
        ],
        [
          1693.0,
          303.0
        ],
        [
          1694.0,
          304.0
        ],
        [
          1694.0,
          307.0
        ],
        [
          1695.0,
          308.0
        ],
        [
          1695.0,
          310.0
        ],
        [
          1696.0,
          311.0
        ],
        [
          1696.0,
          312.0
        ],
        [
          1697.0,
          313.0
        ],
        [
          1697.0,
          314.0
        ],
        [
          1698.0,
          315.0
        ],
        [
          1698.0,
          316.0
        ],
        [
          1700.0,
          319.0
        ],
        [
          1700.0,
          321.0
        ],
        [
          1701.0,
          322.0
        ],
        [
          1701.0,
          324.0
        ],
        [
          1708.0,
          331.0
        ],
        [
          1708.0,
          332.0
        ],
        [
          1710.0,
          334.0
        ],
        [
          1710.0,
          335.0
        ],
        [
          1711.0,
          336.0
        ],
        [
          1711.0,
          337.0
        ],
        [
          1713.0,
          340.0
        ],
        [
          1713.0,
          342.0
        ],
        [
          1715.0,
          345.0
        ],
        [
          1715.0,
          347.0
        ],
        [
          1716.0,
          348.0
        ],
        [
          1716.0,
          352.0
        ],
        [
          1717.0,
          353.0
        ],
        [
          1717.0,
          359.0
        ],
        [
          1718.0,
          360.0
        ],
        [
          1718.0,
          370.0
        ],
        [
          1719.0,
          371.0
        ],
        [
          1719.0,
          372.0
        ],
        [
          1720.0,
          373.0
        ],
        [
          1720.0,
          374.0
        ],
        [
          1721.0,
          375.0
        ],
        [
          1721.0,
          376.0
        ],
        [
          1722.0,
          377.0
        ],
        [
          1722.0,
          378.0
        ],
        [
          1724.0,
          381.0
        ],
        [
          1724.0,
          383.0
        ],
        [
          1725.0,
          384.0
        ],
        [
          1725.0,
          386.0
        ],
        [
          1726.0,
          387.0
        ],
        [
          1726.0,
          388.0
        ],
        [
          1727.0,
          389.0
        ],
        [
          1727.0,
          390.0
        ],
        [
          1730.0,
          393.0
        ],
        [
          1732.0,
          393.0
        ],
        [
          1733.0,
          394.0
        ],
        [
          1736.0,
          394.0
        ],
        [
          1737.0,
          395.0
        ],
        [
          1738.0,
          395.0
        ],
        [
          1742.0,
          399.0
        ],
        [
          1743.0,
          399.0
        ],
        [
          1744.0,
          400.0
        ],
        [
          1745.0,
          400.0
        ],
        [
          1746.0,
          399.0
        ],
        [
          1748.0,
          399.0
        ],
        [
          1751.0,
          396.0
        ],
        [
          1751.0,
          393.0
        ],
        [
          1752.0,
          392.0
        ],
        [
          1752.0,
          391.0
        ],
        [
          1751.0,
          390.0
        ],
        [
          1751.0,
          379.0
        ],
        [
          1750.0,
          378.0
        ],
        [
          1750.0,
          374.0
        ],
        [
          1749.0,
          373.0
        ],
        [
          1749.0,
          370.0
        ],
        [
          1748.0,
          369.0
        ],
        [
          1748.0,
          367.0
        ],
        [
          1747.0,
          366.0
        ],
        [
          1747.0,
          364.0
        ],
        [
          1746.0,
          363.0
        ],
        [
          1746.0,
          361.0
        ],
        [
          1744.0,
          358.0
        ],
        [
          1744.0,
          356.0
        ],
        [
          1743.0,
          355.0
        ],
        [
          1743.0,
          353.0
        ],
        [
          1742.0,
          352.0
        ],
        [
          1742.0,
          349.0
        ],
        [
          1741.0,
          348.0
        ],
        [
          1741.0,
          347.0
        ],
        [
          1740.0,
          346.0
        ],
        [
          1740.0,
          345.0
        ],
        [
          1739.0,
          344.0
        ],
        [
          1739.0,
          343.0
        ],
        [
          1738.0,
          342.0
        ],
        [
          1738.0,
          341.0
        ],
        [
          1737.0,
          340.0
        ],
        [
          1737.0,
          339.0
        ],
        [
          1735.0,
          337.0
        ],
        [
          1735.0,
          336.0
        ],
        [
          1733.0,
          334.0
        ],
        [
          1733.0,
          333.0
        ],
        [
          1732.0,
          332.0
        ],
        [
          1732.0,
          331.0
        ],
        [
          1727.0,
          326.0
        ],
        [
          1727.0,
          325.0
        ],
        [
          1725.0,
          323.0
        ],
        [
          1724.0,
          323.0
        ],
        [
          1717.0,
          316.0
        ],
        [
          1717.0,
          315.0
        ],
        [
          1716.0,
          314.0
        ],
        [
          1716.0,
          313.0
        ],
        [
          1715.0,
          312.0
        ],
        [
          1715.0,
          311.0
        ],
        [
          1714.0,
          310.0
        ],
        [
          1714.0,
          309.0
        ],
        [
          1708.0,
          303.0
        ],
        [
          1707.0,
          303.0
        ],
        [
          1701.0,
          297.0
        ],
        [
          1701.0,
          296.0
        ],
        [
          1700.0,
          295.0
        ],
        [
          1700.0,
          294.0
        ],
        [
          1699.0,
          293.0
        ],
        [
          1699.0,
          292.0
        ],
        [
          1697.0,
          290.0
        ],
        [
          1697.0,
          289.0
        ],
        [
          1696.0,
          288.0
        ],
        [
          1696.0,
          287.0
        ],
        [
          1692.0,
          283.0
        ]
      ],
      "group_id": null,
      "description": "",
      "difficult": false,
      "shape_type": "polygon",
      "flags": {},
      "attributes": {},
      "kie_linking": []
    },
    {
      "label": "fish",
      "score": null,
      "points": [
        [
          1696.0,
          592.0
        ],
        [
          1695.0,
          593.0
        ],
        [
          1694.0,
          593.0
        ],
        [
          1694.0,
          594.0
        ],
        [
          1693.0,
          595.0
        ],
        [
          1693.0,
          600.0
        ],
        [
          1692.0,
          601.0
        ],
        [
          1692.0,
          608.0
        ],
        [
          1691.0,
          609.0
        ],
        [
          1691.0,
          611.0
        ],
        [
          1692.0,
          612.0
        ],
        [
          1692.0,
          616.0
        ],
        [
          1693.0,
          617.0
        ],
        [
          1693.0,
          627.0
        ],
        [
          1694.0,
          628.0
        ],
        [
          1694.0,
          630.0
        ],
        [
          1695.0,
          631.0
        ],
        [
          1695.0,
          634.0
        ],
        [
          1696.0,
          635.0
        ],
        [
          1696.0,
          649.0
        ],
        [
          1695.0,
          650.0
        ],
        [
          1695.0,
          651.0
        ],
        [
          1694.0,
          652.0
        ],
        [
          1694.0,
          654.0
        ],
        [
          1693.0,
          655.0
        ],
        [
          1693.0,
          671.0
        ],
        [
          1694.0,
          672.0
        ],
        [
          1694.0,
          688.0
        ],
        [
          1695.0,
          689.0
        ],
        [
          1695.0,
          692.0
        ],
        [
          1697.0,
          694.0
        ],
        [
          1698.0,
          694.0
        ],
        [
          1700.0,
          696.0
        ],
        [
          1701.0,
          696.0
        ],
        [
          1706.0,
          701.0
        ],
        [
          1707.0,
          701.0
        ],
        [
          1708.0,
          702.0
        ],
        [
          1710.0,
          702.0
        ],
        [
          1711.0,
          703.0
        ],
        [
          1713.0,
          703.0
        ],
        [
          1716.0,
          700.0
        ],
        [
          1716.0,
          699.0
        ],
        [
          1717.0,
          698.0
        ],
        [
          1717.0,
          697.0
        ],
        [
          1718.0,
          696.0
        ],
        [
          1718.0,
          694.0
        ],
        [
          1719.0,
          693.0
        ],
        [
          1719.0,
          691.0
        ],
        [
          1720.0,
          690.0
        ],
        [
          1720.0,
          688.0
        ],
        [
          1721.0,
          687.0
        ],
        [
          1721.0,
          675.0
        ],
        [
          1722.0,
          674.0
        ],
        [
          1722.0,
          659.0
        ],
        [
          1721.0,
          658.0
        ],
        [
          1721.0,
          647.0
        ],
        [
          1720.0,
          646.0
        ],
        [
          1720.0,
          641.0
        ],
        [
          1719.0,
          640.0
        ],
        [
          1719.0,
          638.0
        ],
        [
          1718.0,
          637.0
        ],
        [
          1718.0,
          636.0
        ],
        [
          1717.0,
          635.0
        ],
        [
          1717.0,
          633.0
        ],
        [
          1716.0,
          632.0
        ],
        [
          1716.0,
          631.0
        ],
        [
          1715.0,
          630.0
        ],
        [
          1715.0,
          629.0
        ],
        [
          1714.0,
          628.0
        ],
        [
          1714.0,
          627.0
        ],
        [
          1713.0,
          626.0
        ],
        [
          1713.0,
          625.0
        ],
        [
          1712.0,
          624.0
        ],
        [
          1712.0,
          622.0
        ],
        [
          1711.0,
          621.0
        ],
        [
          1711.0,
          619.0
        ],
        [
          1710.0,
          618.0
        ],
        [
          1710.0,
          615.0
        ],
        [
          1709.0,
          614.0
        ],
        [
          1709.0,
          611.0
        ],
        [
          1708.0,
          610.0
        ],
        [
          1708.0,
          609.0
        ],
        [
          1707.0,
          608.0
        ],
        [
          1707.0,
          607.0
        ],
        [
          1703.0,
          603.0
        ],
        [
          1703.0,
          602.0
        ],
        [
          1700.0,
          599.0
        ],
        [
          1700.0,
          598.0
        ],
        [
          1699.0,
          597.0
        ],
        [
          1699.0,
          595.0
        ],
        [
          1698.0,
          594.0
        ],
        [
          1698.0,
          593.0
        ],
        [
          1697.0,
          592.0
        ]
      ],
      "group_id": null,
      "description": "",
      "difficult": false,
      "shape_type": "polygon",
      "flags": {},
      "attributes": {},
      "kie_linking": []
    }
  ],
  "imagePath": "frame_000013.jpg",
  "imageData": null,
  "imageHeight": 1080,
  "imageWidth": 1920
}