{
  "version": "3.1.1",
  "flags": {},
  "shapes": [
    {
      "kie_linking": [],
      "label": "fish",
      "score": null,
      "points": [
        [
          1629.0,
          480.0
        ],
        [
          1629.0,
          481.0
        ],
        [
          1623.0,
          487.0
        ],
        [
          1622.0,
          490.0
        ],
        [
          1623.0,
          491.0
        ],
        [
          1623.0,
          492.0
        ],
        [
          1626.0,
          495.0
        ],
        [
          1626.0,
          496.0
        ],
        [
          1627.0,
          497.0
        ],
        [
          1627.0,
          498.0
        ],
        [
          1629.0,
          501.0
        ],
        [
          1629.0,
          503.0
        ],
        [
          1630.0,
          504.0
        ],
        [
          1630.0,
          505.0
        ],
        [
          1631.0,
          506.0
        ],
        [
          1631.0,
          507.0
        ],
        [
          1632.0,
          508.0
        ],
        [
          1632.0,
          509.0
        ],
        [
          1634.0,
          512.0
        ],
        [
          1634.0,
          514.0
        ],
        [
          1635.0,
          515.0
        ],
        [
          1635.0,
          517.0
        ],
        [
          1636.0,
          518.0
        ],
        [
          1636.0,
          521.0
        ],
        [
          1637.0,
          522.0
        ],
        [
          1637.0,
          524.0
        ],
        [
          1638.0,
          524.0
        ],
        [
          1639.0,
          525.0
        ],
        [
          1640.0,
          525.0
        ],
        [
          1641.0,
          524.0
        ],
        [
          1645.0,
          524.0
        ],
        [
          1648.0,
          527.0
        ],
        [
          1648.0,
          536.0
        ],
        [
          1647.0,
          537.0
        ],
        [
          1647.0,
          539.0
        ],
        [
          1646.0,
          540.0
        ],
        [
          1646.0,
          541.0
        ],
        [
          1644.0,
          544.0
        ],
        [
          1644.0,
          546.0
        ],
        [
          1643.0,
          547.0
        ],
        [
          1643.0,
          551.0
        ],
        [
          1642.0,
          552.0
        ],
        [
          1642.0,
          563.0
        ],
        [
          1641.0,
          564.0
        ],
        [
          1641.0,
          577.0
        ],
        [
          1640.0,
          578.0
        ],
        [
          1640.0,
          584.0
        ],
        [
          1639.0,
          585.0
        ],
        [
          1639.0,
          589.0
        ],
        [
          1638.0,
          590.0
        ],
        [
          1638.0,
          593.0
        ],
        [
          1637.0,
          594.0
        ],
        [
          1637.0,
          596.0
        ],
        [
          1638.0,
          597.0
        ],
        [
          1638.0,
          599.0
        ],
        [
          1639.0,
          600.0
        ],
        [
          1639.0,
          601.0
        ],
        [
          1642.0,
          604.0
        ],
        [
          1642.0,
          605.0
        ],
        [
          1644.0,
          607.0
        ],
        [
          1644.0,
          608.0
        ],
        [
          1645.0,
          609.0
        ],
        [
          1645.0,
          610.0
        ],
        [
          1647.0,
          612.0
        ],
        [
          1647.0,
          613.0
        ],
        [
          1649.0,
          615.0
        ],
        [
          1650.0,
          615.0
        ],
        [
          1652.0,
          617.0
        ],
        [
          1653.0,
          617.0
        ],
        [
          1654.0,
          616.0
        ],
        [
          1657.0,
          615.0
        ],
        [
          1661.0,
          611.0
        ],
        [
          1661.0,
          609.0
        ],
        [
          1662.0,
          608.0
        ],
        [
          1662.0,
          607.0
        ],
        [
          1663.0,
          606.0
        ],
        [
          1663.0,
          605.0
        ],
        [
          1665.0,
          602.0
        ],
        [
          1665.0,
          600.0
        ],
        [
          1667.0,
          597.0
        ],
        [
          1667.0,
          595.0
        ],
        [
          1668.0,
          594.0
        ],
        [
          1668.0,
          592.0
        ],
        [
          1669.0,
          591.0
        ],
        [
          1669.0,
          588.0
        ],
        [
          1670.0,
          587.0
        ],
        [
          1670.0,
          584.0
        ],
        [
          1672.0,
          581.0
        ],
        [
          1672.0,
          562.0
        ],
        [
          1673.0,
          561.0
        ],
        [
          1673.0,
          558.0
        ],
        [
          1674.0,
          557.0
        ],
        [
          1674.0,
          546.0
        ],
        [
          1673.0,
          545.0
        ],
        [
          1673.0,
          541.0
        ],
        [
          1672.0,
          540.0
        ],
        [
          1672.0,
          537.0
        ],
        [
          1671.0,
          536.0
        ],
        [
          1671.0,
          534.0
        ],
        [
          1669.0,
          531.0
        ],
        [
          1669.0,
          529.0
        ],
        [
          1665.0,
          524.0
        ],
        [
          1665.0,
          523.0
        ],
        [
          1664.0,
          522.0
        ],
        [
          1664.0,
          521.0
        ],
        [
          1662.0,
          518.0
        ],
        [
          1662.0,
          516.0
        ],
        [
          1661.0,
          515.0
        ],
        [
          1661.0,
          513.0
        ],
        [
          1660.0,
          512.0
        ],
        [
          1660.0,
          511.0
        ],
        [
          1654.0,
          505.0
        ],
        [
          1654.0,
          504.0
        ],
        [
          1653.0,
          504.0
        ],
        [
          1650.0,
          501.0
        ],
        [
          1649.0,
          501.0
        ],
        [
          1646.0,
          498.0
        ],
        [
          1645.0,
          498.0
        ],
        [
          1639.0,
          492.0
        ],
        [
          1638.0,
          492.0
        ],
        [
          1637.0,
          491.0
        ],
        [
          1637.0,
          490.0
        ],
        [
          1636.0,
          489.0
        ],
        [
          1635.0,
          486.0
        ],
        [
          1632.0,
          483.0
        ],
        [
          1632.0,
          482.0
        ],
        [
          1630.0,
          480.0
        ]
      ],
      "group_id": null,
      "description": "",
      "difficult": false,
      "shape_type": "polygon",
      "flags": {},
      "attributes": {}
    },
    {
      "label": "fish",
      "score": null,
      "points": [
        [
          1711.0,
          526.0
        ],
        [
          1710.0,
          526.0
        ],
        [
          1709.0,
          525.0
        ],
        [
          1708.0,
          525.0
        ],
        [
          1707.0,
          524.0
        ],
        [
          1705.0,
          524.0
        ],
        [
          1704.0,
          525.0
        ],
        [
          1702.0,
          525.0
        ],
        [
          1701.0,
          526.0
        ],
        [
          1700.0,
          526.0
        ],
        [
          1699.0,
          527.0
        ],
        [
          1694.0,
          527.0
        ],
        [
          1693.0,
          528.0
        ],
        [
          1690.0,
          528.0
        ],
        [
          1689.0,
          529.0
        ],
        [
          1688.0,
          529.0
        ],
        [
          1688.0,
          530.0
        ],
        [
          1680.0,
          538.0
        ],
        [
          1680.0,
          540.0
        ],
        [
          1679.0,
          541.0
        ],
        [
          1679.0,
          543.0
        ],
        [
          1678.0,
          544.0
        ],
        [
          1678.0,
          546.0
        ],
        [
          1677.0,
          547.0
        ],
        [
          1677.0,
          548.0
        ],
        [
          1676.0,
          549.0
        ],
        [
          1676.0,
          552.0
        ],
        [
          1675.0,
          553.0
        ],
        [
          1675.0,
          558.0
        ],
        [
          1674.0,
          559.0
        ],
        [
          1674.0,
          563.0
        ],
        [
          1673.0,
          564.0
        ],
        [
          1673.0,
          567.0
        ],
        [
          1672.0,
          568.0
        ],
        [
          1672.0,
          571.0
        ],
        [
          1671.0,
          572.0
        ],
        [
          1671.0,
          580.0
        ],
        [
          1672.0,
          581.0
        ],
        [
          1676.0,
          581.0
        ],
        [
          1680.0,
          577.0
        ],
        [
          1681.0,
          577.0
        ],
        [
          1682.0,
          576.0
        ],
        [
          1683.0,
          576.0
        ],
        [
          1685.0,
          574.0
        ],
        [
          1686.0,
          574.0
        ],
        [
          1692.0,
          568.0
        ],
        [
          1692.0,
          567.0
        ],
        [
          1693.0,
          566.0
        ],
        [
          1693.0,
          565.0
        ],
        [
          1694.0,
          564.0
        ],
        [
          1694.0,
          563.0
        ],
        [
          1698.0,
          559.0
        ],
        [
          1698.0,
          558.0
        ],
        [
          1699.0,
          557.0
        ],
        [
          1699.0,
          556.0
        ],
        [
          1701.0,
          554.0
        ],
        [
          1701.0,
          553.0
        ],
        [
          1704.0,
          550.0
        ],
        [
          1704.0,
          549.0
        ],
        [
          1705.0,
          548.0
        ],
        [
          1705.0,
          547.0
        ],
        [
          1706.0,
          546.0
        ],
        [
          1706.0,
          545.0
        ],
        [
          1707.0,
          544.0
        ],
        [
          1707.0,
          543.0
        ],
        [
          1708.0,
          542.0
        ],
        [
          1708.0,
          539.0
        ],
        [
          1709.0,
          538.0
        ],
        [
          1709.0,
          537.0
        ],
        [
          1711.0,
          535.0
        ],
        [
          1711.0,
          534.0
        ],
        [
          1712.0,
          533.0
        ],
        [
          1712.0,
          527.0
        ]
      ],
      "group_id": null,
      "description": "",
      "difficult": false,
      "shape_type": "polygon",
      "flags": {},
      "attributes": {},
      "kie_linking": []
    },
    {
      "label": "fish",
      "score": null,
      "points": [
        [
          1624.0,
          699.0
        ],
        [
          1625.0,
          700.0
        ],
        [
          1631.0,
          700.0
        ],
        [
          1632.0,
          701.0
        ],
        [
          1639.0,
          701.0
        ],
        [
          1640.0,
          702.0
        ],
        [
          1643.0,
          702.0
        ],
        [
          1644.0,
          703.0
        ],
        [
          1645.0,
          703.0
        ],
        [
          1646.0,
          704.0
        ],
        [
          1647.0,
          704.0
        ],
        [
          1649.0,
          706.0
        ],
        [
          1649.0,
          707.0
        ],
        [
          1650.0,
          708.0
        ],
        [
          1650.0,
          709.0
        ],
        [
          1651.0,
          709.0
        ],
        [
          1654.0,
          712.0
        ],
        [
          1655.0,
          712.0
        ],
        [
          1664.0,
          721.0
        ],
        [
          1665.0,
          721.0
        ],
        [
          1666.0,
          722.0
        ],
        [
          1666.0,
          723.0
        ],
        [
          1670.0,
          727.0
        ],
        [
          1671.0,
          727.0
        ],
        [
          1673.0,
          729.0
        ],
        [
          1673.0,
          730.0
        ],
        [
          1683.0,
          740.0
        ],
        [
          1684.0,
          740.0
        ],
        [
          1690.0,
          746.0
        ],
        [
          1691.0,
          746.0
        ],
        [
          1697.0,
          752.0
        ],
        [
          1697.0,
          753.0
        ],
        [
          1698.0,
          753.0
        ],
        [
          1701.0,
          755.0
        ],
        [
          1704.0,
          755.0
        ],
        [
          1705.0,
          756.0
        ],
        [
          1707.0,
          756.0
        ],
        [
          1709.0,
          758.0
        ],
        [
          1710.0,
          758.0
        ],
        [
          1711.0,
          759.0
        ],
        [
          1712.0,
          759.0
        ],
        [
          1715.0,
          761.0
        ],
        [
          1717.0,
          761.0
        ],
        [
          1718.0,
          762.0
        ],
        [
          1721.0,
          762.0
        ],
        [
          1722.0,
          763.0
        ],
        [
          1728.0,
          763.0
        ],
        [
          1729.0,
          764.0
        ],
        [
          1732.0,
          764.0
        ],
        [
          1733.0,
          765.0
        ],
        [
          1743.0,
          765.0
        ],
        [
          1746.0,
          763.0
        ],
        [
          1746.0,
          762.0
        ],
        [
          1747.0,
          761.0
        ],
        [
          1747.0,
          760.0
        ],
        [
          1746.0,
          759.0
        ],
        [
          1746.0,
          758.0
        ],
        [
          1745.0,
          757.0
        ],
        [
          1745.0,
          756.0
        ],
        [
          1744.0,
          755.0
        ],
        [
          1744.0,
          754.0
        ],
        [
          1738.0,
          748.0
        ],
        [
          1737.0,
          748.0
        ],
        [
          1732.0,
          743.0
        ],
        [
          1731.0,
          743.0
        ],
        [
          1729.0,
          741.0
        ],
        [
          1728.0,
          741.0
        ],
        [
          1727.0,
          740.0
        ],
        [
          1726.0,
          740.0
        ],
        [
          1721.0,
          735.0
        ],
        [
          1720.0,
          735.0
        ],
        [
          1719.0,
          734.0
        ],
        [
          1718.0,
          734.0
        ],
        [
          1717.0,
          733.0
        ],
        [
          1716.0,
          733.0
        ],
        [
          1715.0,
          732.0
        ],
        [
          1714.0,
          732.0
        ],
        [
          1713.0,
          731.0
        ],
        [
          1712.0,
          731.0
        ],
        [
          1710.0,
          729.0
        ],
        [
          1709.0,
          729.0
        ],
        [
          1708.0,
          728.0
        ],
        [
          1707.0,
          728.0
        ],
        [
          1706.0,
          727.0
        ],
        [
          1705.0,
          727.0
        ],
        [
          1704.0,
          726.0
        ],
        [
          1703.0,
          726.0
        ],
        [
          1702.0,
          725.0
        ],
        [
          1701.0,
          725.0
        ],
        [
          1699.0,
          723.0
        ],
        [
          1698.0,
          723.0
        ],
        [
          1696.0,
          721.0
        ],
        [
          1695.0,
          721.0
        ],
        [
          1694.0,
          720.0
        ],
        [
          1692.0,
          720.0
        ],
        [
          1691.0,
          719.0
        ],
        [
          1690.0,
          719.0
        ],
        [
          1689.0,
          718.0
        ],
        [
          1688.0,
          718.0
        ],
        [
          1687.0,
          717.0
        ],
        [
          1686.0,
          717.0
        ],
        [
          1685.0,
          716.0
        ],
        [
          1684.0,
          716.0
        ],
        [
          1683.0,
          715.0
        ],
        [
          1682.0,
          715.0
        ],
        [
          1681.0,
          714.0
        ],
        [
          1680.0,
          714.0
        ],
        [
          1679.0,
          713.0
        ],
        [
          1678.0,
          713.0
        ],
        [
          1675.0,
          711.0
        ],
        [
          1673.0,
          711.0
        ],
        [
          1672.0,
          710.0
        ],
        [
          1671.0,
          710.0
        ],
        [
          1670.0,
          709.0
        ],
        [
          1669.0,
          709.0
        ],
        [
          1667.0,
          707.0
        ],
        [
          1666.0,
          707.0
        ],
        [
          1664.0,
          705.0
        ],
        [
          1663.0,
          705.0
        ],
        [
          1660.0,
          703.0
        ],
        [
          1656.0,
          703.0
        ],
        [
          1655.0,
          702.0
        ],
        [
          1653.0,
          702.0
        ],
        [
          1652.0,
          701.0
        ],
        [
          1650.0,
          701.0
        ],
        [
          1647.0,
          699.0
        ]
      ],
      "group_id": null,
      "description": "",
      "difficult": false,
      "shape_type": "polygon",
      "flags": {},
      "attributes": {},
      "kie_linking": []
    },
    {
      "label": "fish",
      "score": null,
      "points": [
        [
          1559.0,
          789.0
        ],
        [
          1559.0,
          790.0
        ],
        [
          1561.0,
          792.0
        ],
        [
          1562.0,
          792.0
        ],
        [
          1566.0,
          796.0
        ],
        [
          1566.0,
          797.0
        ],
        [
          1567.0,
          798.0
        ],
        [
          1567.0,
          799.0
        ],
        [
          1570.0,
          802.0
        ],
        [
          1571.0,
          802.0
        ],
        [
          1575.0,
          806.0
        ],
        [
          1576.0,
          806.0
        ],
        [
          1578.0,
          808.0
        ],
        [
          1579.0,
          808.0
        ],
        [
          1581.0,
          810.0
        ],
        [
          1582.0,
          810.0
        ],
        [
          1584.0,
          812.0
        ],
        [
          1585.0,
          812.0
        ],
        [
          1589.0,
          816.0
        ],
        [
          1590.0,
          816.0
        ],
        [
          1592.0,
          818.0
        ],
        [
          1593.0,
          818.0
        ],
        [
          1598.0,
          823.0
        ],
        [
          1599.0,
          823.0
        ],
        [
          1601.0,
          825.0
        ],
        [
          1602.0,
          825.0
        ],
        [
          1605.0,
          828.0
        ],
        [
          1606.0,
          828.0
        ],
        [
          1608.0,
          830.0
        ],
        [
          1609.0,
          830.0
        ],
        [
          1614.0,
          835.0
        ],
        [
          1615.0,
          835.0
        ],
        [
          1616.0,
          836.0
        ],
        [
          1617.0,
          836.0
        ],
        [
          1618.0,
          837.0
        ],
        [
          1620.0,
          837.0
        ],
        [
          1621.0,
          838.0
        ],
        [
          1623.0,
          838.0
        ],
        [
          1624.0,
          839.0
        ],
        [
          1626.0,
          839.0
        ],
        [
          1627.0,
          840.0
        ],
        [
          1630.0,
          840.0
        ],
        [
          1631.0,
          841.0
        ],
        [
          1634.0,
          841.0
        ],
        [
          1635.0,
          842.0
        ],
        [
          1637.0,
          842.0
        ],
        [
          1638.0,
          843.0
        ],
        [
          1642.0,
          843.0
        ],
        [
          1643.0,
          844.0
        ],
        [
          1649.0,
          844.0
        ],
        [
          1650.0,
          845.0
        ],
        [
          1653.0,
          845.0
        ],
        [
          1655.0,
          843.0
        ],
        [
          1655.0,
          836.0
        ],
        [
          1654.0,
          835.0
        ],
        [
          1654.0,
          834.0
        ],
        [
          1649.0,
          829.0
        ],
        [
          1649.0,
          828.0
        ],
        [
          1639.0,
          818.0
        ],
        [
          1638.0,
          818.0
        ],
        [
          1636.0,
          816.0
        ],
        [
          1635.0,
          816.0
        ],
        [
          1634.0,
          815.0
        ],
        [
          1633.0,
          815.0
        ],
        [
          1632.0,
          814.0
        ],
        [
          1631.0,
          814.0
        ],
        [
          1629.0,
          812.0
        ],
        [
          1628.0,
          812.0
        ],
        [
          1627.0,
          811.0
        ],
        [
          1626.0,
          811.0
        ],
        [
          1624.0,
          809.0
        ],
        [
          1623.0,
          809.0
        ],
        [
          1622.0,
          808.0
        ],
        [
          1621.0,
          808.0
        ],
        [
          1619.0,
          806.0
        ],
        [
          1618.0,
          806.0
        ],
        [
          1616.0,
          804.0
        ],
        [
          1614.0,
          804.0
        ],
        [
          1613.0,
          803.0
        ],
        [
          1611.0,
          803.0
        ],
        [
          1610.0,
          802.0
        ],
        [
          1607.0,
          802.0
        ],
        [
          1606.0,
          801.0
        ],
        [
          1604.0,
          801.0
        ],
        [
          1603.0,
          800.0
        ],
        [
          1600.0,
          800.0
        ],
        [
          1599.0,
          799.0
        ],
        [
          1596.0,
          799.0
        ],
        [
          1595.0,
          798.0
        ],
        [
          1593.0,
          798.0
        ],
        [
          1592.0,
          797.0
        ],
        [
          1591.0,
          797.0
        ],
        [
          1590.0,
          796.0
        ],
        [
          1588.0,
          796.0
        ],
        [
          1587.0,
          795.0
        ],
        [
          1584.0,
          795.0
        ],
        [
          1583.0,
          794.0
        ],
        [
          1581.0,
          794.0
        ],
        [
          1580.0,
          793.0
        ],
        [
          1577.0,
          793.0
        ],
        [
          1576.0,
          792.0
        ],
        [
          1575.0,
          792.0
        ],
        [
          1574.0,
          791.0
        ],
        [
          1573.0,
          791.0
        ],
        [
          1572.0,
          790.0
        ],
        [
          1571.0,
          790.0
        ],
        [
          1570.0,
          789.0
        ],
        [
          1567.0,
          789.0
        ],
        [
          1566.0,
          788.0
        ],
        [
          1563.0,
          788.0
        ],
        [
          1562.0,
          787.0
        ],
        [
          1561.0,
          788.0
        ],
        [
          1560.0,
          788.0
        ]
      ],
      "group_id": null,
      "description": "",
      "difficult": false,
      "shape_type": "polygon",
      "flags": {},
      "attributes": {},
      "kie_linking": []
    }
  ],
  "imagePath": "frame_000020.jpg",
  "imageData": null,
  "imageHeight": 1080,
  "imageWidth": 1920,
  "description": ""
}