{
  "version": "3.1.1",
  "flags": {},
  "shapes": [
    {
      "label": "fish",
      "score": null,
      "points": [
        [
          1472.0,
          81.0
        ],
        [
          1471.0,
          82.0
        ],
        [
          1470.0,
          82.0
        ],
        [
          1469.0,
          83.0
        ],
        [
          1469.0,
          84.0
        ],
        [
          1468.0,
          85.0
        ],
        [
          1468.0,
          89.0
        ],
        [
          1467.0,
          90.0
        ],
        [
          1467.0,
          100.0
        ],
        [
          1468.0,
          101.0
        ],
        [
          1468.0,
          112.0
        ],
        [
          1469.0,
          113.0
        ],
        [
          1469.0,
          119.0
        ],
        [
          1470.0,
          120.0
        ],
        [
          1470.0,
          124.0
        ],
        [
          1471.0,
          125.0
        ],
        [
          1471.0,
          127.0
        ],
        [
          1472.0,
          128.0
        ],
        [
          1472.0,
          130.0
        ],
        [
          1474.0,
          132.0
        ],
        [
          1474.0,
          133.0
        ],
        [
          1475.0,
          134.0
        ],
        [
          1475.0,
          135.0
        ],
        [
          1476.0,
          136.0
        ],
        [
          1476.0,
          139.0
        ],
        [
          1477.0,
          140.0
        ],
        [
          1477.0,
          143.0
        ],
        [
          1478.0,
          144.0
        ],
        [
          1478.0,
          155.0
        ],
        [
          1477.0,
          156.0
        ],
        [
          1477.0,
          172.0
        ],
        [
          1478.0,
          173.0
        ],
        [
          1478.0,
          192.0
        ],
        [
          1479.0,
          193.0
        ],
        [
          1479.0,
          197.0
        ],
        [
          1480.0,
          198.0
        ],
        [
          1480.0,
          201.0
        ],
        [
          1481.0,
          202.0
        ],
        [
          1482.0,
          201.0
        ],
        [
          1482.0,
          200.0
        ],
        [
          1483.0,
          199.0
        ],
        [
          1483.0,
          198.0
        ],
        [
          1487.0,
          194.0
        ],
        [
          1487.0,
          193.0
        ],
        [
          1488.0,
          192.0
        ],
        [
          1488.0,
          191.0
        ],
        [
          1489.0,
          190.0
        ],
        [
          1489.0,
          188.0
        ],
        [
          1490.0,
          187.0
        ],
        [
          1490.0,
          186.0
        ],
        [
          1491.0,
          185.0
        ],
        [
          1491.0,
          183.0
        ],
        [
          1492.0,
          182.0
        ],
        [
          1492.0,
          179.0
        ],
        [
          1493.0,
          178.0
        ],
        [
          1493.0,
          175.0
        ],
        [
          1494.0,
          174.0
        ],
        [
          1494.0,
          172.0
        ],
        [
          1495.0,
          171.0
        ],
        [
          1495.0,
          169.0
        ],
        [
          1496.0,
          168.0
        ],
        [
          1496.0,
          167.0
        ],
        [
          1497.0,
          166.0
        ],
        [
          1497.0,
          156.0
        ],
        [
          1496.0,
          155.0
        ],
        [
          1496.0,
          145.0
        ],
        [
          1497.0,
          144.0
        ],
        [
          1497.0,
          128.0
        ],
        [
          1496.0,
          127.0
        ],
        [
          1496.0,
          124.0
        ],
        [
          1495.0,
          123.0
        ],
        [
          1495.0,
          119.0
        ],
        [
          1494.0,
          118.0
        ],
        [
          1494.0,
          115.0
        ],
        [
          1493.0,
          114.0
        ],
        [
          1493.0,
          107.0
        ],
        [
          1492.0,
          106.0
        ],
        [
          1492.0,
          104.0
        ],
        [
          1491.0,
          103.0
        ],
        [
          1491.0,
          100.0
        ],
        [
          1490.0,
          99.0
        ],
        [
          1490.0,
          96.0
        ],
        [
          1489.0,
          95.0
        ],
        [
          1489.0,
          92.0
        ],
        [
          1488.0,
          91.0
        ],
        [
          1488.0,
          89.0
        ],
        [
          1487.0,
          88.0
        ],
        [
          1487.0,
          87.0
        ],
        [
          1486.0,
          86.0
        ],
        [
          1486.0,
          85.0
        ],
        [
          1482.0,
          81.0
        ]
      ],
      "group_id": null,
      "description": "",
      "difficult": false,
      "shape_type": "polygon",
      "flags": {},
      "attributes": {},
      "kie_linking": []
    },
    {
      "label": "fish",
      "score": null,
      "points": [
        [
          1653.0,
          245.0
        ],
        [
          1653.0,
          243.0
        ],
        [
          1652.0,
          242.0
        ],
        [
          1652.0,
          241.0
        ],
        [
          1647.0,
          236.0
        ],
        [
          1646.0,
          236.0
        ],
        [
          1644.0,
          234.0
        ],
        [
          1643.0,
          234.0
        ],
        [
          1641.0,
          232.0
        ],
        [
          1640.0,
          232.0
        ],
        [
          1635.0,
          227.0
        ],
        [
          1632.0,
          226.0
        ],
        [
          1630.0,
          224.0
        ],
        [
          1629.0,
          224.0
        ],
        [
          1628.0,
          223.0
        ],
        [
          1627.0,
          223.0
        ],
        [
          1626.0,
          222.0
        ],
        [
          1625.0,
          222.0
        ],
        [
          1624.0,
          221.0
        ],
        [
          1623.0,
          221.0
        ],
        [
          1622.0,
          220.0
        ],
        [
          1621.0,
          220.0
        ],
        [
          1618.0,
          218.0
        ],
        [
          1616.0,
          218.0
        ],
        [
          1615.0,
          217.0
        ],
        [
          1612.0,
          217.0
        ],
        [
          1611.0,
          216.0
        ],
        [
          1609.0,
          216.0
        ],
        [
          1608.0,
          215.0
        ],
        [
          1605.0,
          214.0
        ],
        [
          1603.0,
          212.0
        ],
        [
          1602.0,
          212.0
        ],
        [
          1601.0,
          211.0
        ],
        [
          1600.0,
          211.0
        ],
        [
          1599.0,
          210.0
        ],
        [
          1598.0,
          210.0
        ],
        [
          1595.0,
          208.0
        ],
        [
          1593.0,
          208.0
        ],
        [
          1592.0,
          207.0
        ],
        [
          1591.0,
          207.0
        ],
        [
          1590.0,
          208.0
        ],
        [
          1576.0,
          208.0
        ],
        [
          1575.0,
          209.0
        ],
        [
          1568.0,
          209.0
        ],
        [
          1567.0,
          210.0
        ],
        [
          1545.0,
          210.0
        ],
        [
          1544.0,
          211.0
        ],
        [
          1540.0,
          211.0
        ],
        [
          1539.0,
          212.0
        ],
        [
          1537.0,
          212.0
        ],
        [
          1536.0,
          213.0
        ],
        [
          1535.0,
          213.0
        ],
        [
          1534.0,
          214.0
        ],
        [
          1533.0,
          214.0
        ],
        [
          1530.0,
          216.0
        ],
        [
          1527.0,
          216.0
        ],
        [
          1526.0,
          217.0
        ],
        [
          1524.0,
          217.0
        ],
        [
          1523.0,
          218.0
        ],
        [
          1521.0,
          218.0
        ],
        [
          1520.0,
          219.0
        ],
        [
          1518.0,
          219.0
        ],
        [
          1517.0,
          220.0
        ],
        [
          1516.0,
          220.0
        ],
        [
          1516.0,
          221.0
        ],
        [
          1515.0,
          222.0
        ],
        [
          1517.0,
          224.0
        ],
        [
          1519.0,
          224.0
        ],
        [
          1520.0,
          223.0
        ],
        [
          1526.0,
          223.0
        ],
        [
          1527.0,
          222.0
        ],
        [
          1539.0,
          222.0
        ],
        [
          1540.0,
          221.0
        ],
        [
          1542.0,
          221.0
        ],
        [
          1543.0,
          222.0
        ],
        [
          1561.0,
          222.0
        ],
        [
          1562.0,
          223.0
        ],
        [
          1564.0,
          223.0
        ],
        [
          1565.0,
          224.0
        ],
        [
          1566.0,
          224.0
        ],
        [
          1567.0,
          225.0
        ],
        [
          1568.0,
          225.0
        ],
        [
          1571.0,
          227.0
        ],
        [
          1573.0,
          227.0
        ],
        [
          1574.0,
          228.0
        ],
        [
          1577.0,
          228.0
        ],
        [
          1578.0,
          229.0
        ],
        [
          1580.0,
          229.0
        ],
        [
          1581.0,
          230.0
        ],
        [
          1584.0,
          231.0
        ],
        [
          1586.0,
          233.0
        ],
        [
          1587.0,
          233.0
        ],
        [
          1590.0,
          236.0
        ],
        [
          1591.0,
          236.0
        ],
        [
          1594.0,
          238.0
        ],
        [
          1596.0,
          238.0
        ],
        [
          1597.0,
          239.0
        ],
        [
          1599.0,
          239.0
        ],
        [
          1600.0,
          240.0
        ],
        [
          1601.0,
          240.0
        ],
        [
          1602.0,
          241.0
        ],
        [
          1603.0,
          241.0
        ],
        [
          1604.0,
          242.0
        ],
        [
          1605.0,
          242.0
        ],
        [
          1606.0,
          243.0
        ],
        [
          1607.0,
          243.0
        ],
        [
          1608.0,
          244.0
        ],
        [
          1609.0,
          244.0
        ],
        [
          1610.0,
          245.0
        ],
        [
          1611.0,
          245.0
        ],
        [
          1612.0,
          246.0
        ],
        [
          1613.0,
          246.0
        ],
        [
          1616.0,
          248.0
        ],
        [
          1618.0,
          248.0
        ],
        [
          1619.0,
          249.0
        ],
        [
          1620.0,
          249.0
        ],
        [
          1621.0,
          250.0
        ],
        [
          1622.0,
          250.0
        ],
        [
          1623.0,
          251.0
        ],
        [
          1624.0,
          251.0
        ],
        [
          1627.0,
          253.0
        ],
        [
          1629.0,
          253.0
        ],
        [
          1630.0,
          254.0
        ],
        [
          1632.0,
          254.0
        ],
        [
          1633.0,
          253.0
        ],
        [
          1637.0,
          253.0
        ],
        [
          1638.0,
          252.0
        ],
        [
          1647.0,
          252.0
        ],
        [
          1648.0,
          251.0
        ],
        [
          1650.0,
          251.0
        ],
        [
          1652.0,
          249.0
        ],
        [
          1652.0,
          246.0
        ]
      ],
      "group_id": null,
      "description": "",
      "difficult": false,
      "shape_type": "polygon",
      "flags": {},
      "attributes": {},
      "kie_linking": []
    },
    {
      "label": "fish",
      "score": null,
      "points": [
        [
          1593.0,
          362.0
        ],
        [
          1592.0,
          362.0
        ],
        [
          1591.0,
          361.0
        ],
        [
          1585.0,
          361.0
        ],
        [
          1584.0,
          362.0
        ],
        [
          1583.0,
          362.0
        ],
        [
          1583.0,
          363.0
        ],
        [
          1575.0,
          371.0
        ],
        [
          1575.0,
          372.0
        ],
        [
          1573.0,
          374.0
        ],
        [
          1573.0,
          375.0
        ],
        [
          1572.0,
          376.0
        ],
        [
          1572.0,
          378.0
        ],
        [
          1571.0,
          379.0
        ],
        [
          1571.0,
          383.0
        ],
        [
          1570.0,
          384.0
        ],
        [
          1570.0,
          391.0
        ],
        [
          1569.0,
          392.0
        ],
        [
          1569.0,
          411.0
        ],
        [
          1568.0,
          412.0
        ],
        [
          1568.0,
          418.0
        ],
        [
          1567.0,
          419.0
        ],
        [
          1567.0,
          422.0
        ],
        [
          1566.0,
          423.0
        ],
        [
          1566.0,
          424.0
        ],
        [
          1561.0,
          429.0
        ],
        [
          1561.0,
          430.0
        ],
        [
          1558.0,
          433.0
        ],
        [
          1558.0,
          434.0
        ],
        [
          1555.0,
          437.0
        ],
        [
          1555.0,
          438.0
        ],
        [
          1554.0,
          439.0
        ],
        [
          1554.0,
          440.0
        ],
        [
          1553.0,
          441.0
        ],
        [
          1553.0,
          442.0
        ],
        [
          1551.0,
          444.0
        ],
        [
          1551.0,
          445.0
        ],
        [
          1550.0,
          446.0
        ],
        [
          1550.0,
          447.0
        ],
        [
          1549.0,
          448.0
        ],
        [
          1549.0,
          449.0
        ],
        [
          1547.0,
          451.0
        ],
        [
          1547.0,
          452.0
        ],
        [
          1542.0,
          457.0
        ],
        [
          1541.0,
          457.0
        ],
        [
          1540.0,
          458.0
        ],
        [
          1538.0,
          458.0
        ],
        [
          1537.0,
          459.0
        ],
        [
          1537.0,
          461.0
        ],
        [
          1538.0,
          462.0
        ],
        [
          1540.0,
          462.0
        ],
        [
          1541.0,
          463.0
        ],
        [
          1549.0,
          463.0
        ],
        [
          1550.0,
          462.0
        ],
        [
          1553.0,
          462.0
        ],
        [
          1554.0,
          461.0
        ],
        [
          1557.0,
          461.0
        ],
        [
          1558.0,
          460.0
        ],
        [
          1559.0,
          460.0
        ],
        [
          1560.0,
          459.0
        ],
        [
          1561.0,
          459.0
        ],
        [
          1564.0,
          457.0
        ],
        [
          1567.0,
          457.0
        ],
        [
          1568.0,
          456.0
        ],
        [
          1569.0,
          456.0
        ],
        [
          1570.0,
          455.0
        ],
        [
          1571.0,
          455.0
        ],
        [
          1572.0,
          454.0
        ],
        [
          1573.0,
          454.0
        ],
        [
          1578.0,
          449.0
        ],
        [
          1579.0,
          449.0
        ],
        [
          1585.0,
          443.0
        ],
        [
          1586.0,
          443.0
        ],
        [
          1589.0,
          440.0
        ],
        [
          1590.0,
          440.0
        ],
        [
          1595.0,
          435.0
        ],
        [
          1595.0,
          434.0
        ],
        [
          1597.0,
          432.0
        ],
        [
          1597.0,
          430.0
        ],
        [
          1598.0,
          429.0
        ],
        [
          1598.0,
          428.0
        ],
        [
          1599.0,
          427.0
        ],
        [
          1599.0,
          426.0
        ],
        [
          1601.0,
          424.0
        ],
        [
          1601.0,
          423.0
        ],
        [
          1603.0,
          420.0
        ],
        [
          1603.0,
          418.0
        ],
        [
          1604.0,
          417.0
        ],
        [
          1604.0,
          405.0
        ],
        [
          1603.0,
          404.0
        ],
        [
          1603.0,
          399.0
        ],
        [
          1602.0,
          398.0
        ],
        [
          1602.0,
          390.0
        ],
        [
          1601.0,
          389.0
        ],
        [
          1601.0,
          383.0
        ],
        [
          1600.0,
          382.0
        ],
        [
          1600.0,
          379.0
        ],
        [
          1599.0,
          378.0
        ],
        [
          1599.0,
          375.0
        ],
        [
          1598.0,
          374.0
        ],
        [
          1598.0,
          372.0
        ],
        [
          1597.0,
          371.0
        ],
        [
          1597.0,
          369.0
        ],
        [
          1596.0,
          368.0
        ],
        [
          1596.0,
          367.0
        ],
        [
          1595.0,
          366.0
        ],
        [
          1595.0,
          365.0
        ]
      ],
      "group_id": null,
      "description": "",
      "difficult": false,
      "shape_type": "polygon",
      "flags": {},
      "attributes": {},
      "kie_linking": []
    },
    {
      "label": "fish",
      "score": null,
      "points": [
        [
          1607.0,
          707.0
        ],
        [
          1607.0,
          710.0
        ],
        [
          1608.0,
          711.0
        ],
        [
          1608.0,
          712.0
        ],
        [
          1609.0,
          713.0
        ],
        [
          1609.0,
          716.0
        ],
        [
          1610.0,
          717.0
        ],
        [
          1610.0,
          720.0
        ],
        [
          1611.0,
          721.0
        ],
        [
          1611.0,
          723.0
        ],
        [
          1612.0,
          724.0
        ],
        [
          1612.0,
          725.0
        ],
        [
          1614.0,
          727.0
        ],
        [
          1614.0,
          728.0
        ],
        [
          1616.0,
          730.0
        ],
        [
          1616.0,
          731.0
        ],
        [
          1620.0,
          735.0
        ],
        [
          1620.0,
          736.0
        ],
        [
          1623.0,
          739.0
        ],
        [
          1623.0,
          740.0
        ],
        [
          1624.0,
          741.0
        ],
        [
          1624.0,
          742.0
        ],
        [
          1626.0,
          744.0
        ],
        [
          1626.0,
          745.0
        ],
        [
          1628.0,
          747.0
        ],
        [
          1628.0,
          748.0
        ],
        [
          1631.0,
          751.0
        ],
        [
          1631.0,
          752.0
        ],
        [
          1634.0,
          755.0
        ],
        [
          1634.0,
          756.0
        ],
        [
          1637.0,
          759.0
        ],
        [
          1637.0,
          760.0
        ],
        [
          1645.0,
          768.0
        ],
        [
          1646.0,
          768.0
        ],
        [
          1649.0,
          771.0
        ],
        [
          1650.0,
          771.0
        ],
        [
          1654.0,
          775.0
        ],
        [
          1655.0,
          775.0
        ],
        [
          1657.0,
          777.0
        ],
        [
          1658.0,
          777.0
        ],
        [
          1659.0,
          778.0
        ],
        [
          1660.0,
          778.0
        ],
        [
          1661.0,
          779.0
        ],
        [
          1666.0,
          779.0
        ],
        [
          1667.0,
          780.0
        ],
        [
          1677.0,
          780.0
        ],
        [
          1678.0,
          779.0
        ],
        [
          1679.0,
          779.0
        ],
        [
          1681.0,
          777.0
        ],
        [
          1681.0,
          770.0
        ],
        [
          1680.0,
          769.0
        ],
        [
          1680.0,
          767.0
        ],
        [
          1679.0,
          766.0
        ],
        [
          1679.0,
          764.0
        ],
        [
          1678.0,
          763.0
        ],
        [
          1678.0,
          762.0
        ],
        [
          1676.0,
          760.0
        ],
        [
          1676.0,
          759.0
        ],
        [
          1675.0,
          758.0
        ],
        [
          1674.0,
          758.0
        ],
        [
          1671.0,
          755.0
        ],
        [
          1670.0,
          755.0
        ],
        [
          1668.0,
          753.0
        ],
        [
          1667.0,
          753.0
        ],
        [
          1666.0,
          752.0
        ],
        [
          1665.0,
          752.0
        ],
        [
          1664.0,
          751.0
        ],
        [
          1663.0,
          751.0
        ],
        [
          1662.0,
          750.0
        ],
        [
          1661.0,
          750.0
        ],
        [
          1660.0,
          749.0
        ],
        [
          1659.0,
          749.0
        ],
        [
          1657.0,
          747.0
        ],
        [
          1656.0,
          747.0
        ],
        [
          1654.0,
          745.0
        ],
        [
          1653.0,
          745.0
        ],
        [
          1651.0,
          743.0
        ],
        [
          1650.0,
          743.0
        ],
        [
          1649.0,
          742.0
        ],
        [
          1648.0,
          742.0
        ],
        [
          1647.0,
          741.0
        ],
        [
          1646.0,
          741.0
        ],
        [
          1645.0,
          740.0
        ],
        [
          1644.0,
          740.0
        ],
        [
          1641.0,
          737.0
        ],
        [
          1640.0,
          737.0
        ],
        [
          1636.0,
          733.0
        ],
        [
          1636.0,
          732.0
        ],
        [
          1634.0,
          730.0
        ],
        [
          1634.0,
          729.0
        ],
        [
          1624.0,
          719.0
        ],
        [
          1624.0,
          718.0
        ],
        [
          1622.0,
          716.0
        ],
        [
          1622.0,
          715.0
        ],
        [
          1617.0,
          710.0
        ],
        [
          1616.0,
          710.0
        ],
        [
          1615.0,
          709.0
        ],
        [
          1613.0,
          709.0
        ],
        [
          1612.0,
          708.0
        ],
        [
          1611.0,
          708.0
        ],
        [
          1610.0,
          707.0
        ]
      ],
      "group_id": null,
      "description": "",
      "difficult": false,
      "shape_type": "polygon",
      "flags": {},
      "attributes": {},
      "kie_linking": []
    }
  ],
  "imagePath": "frame_000056.jpg",
  "imageData": null,
  "imageHeight": 1080,
  "imageWidth": 1920
}