{
  "version": "3.1.1",
  "flags": {},
  "shapes": [
    {
      "label": "fish",
      "score": null,
      "points": [
        [
          1604.0,
          505.0
        ],
        [
          1604.0,
          507.0
        ],
        [
          1603.0,
          508.0
        ],
        [
          1603.0,
          514.0
        ],
        [
          1609.0,
          520.0
        ],
        [
          1610.0,
          520.0
        ],
        [
          1612.0,
          522.0
        ],
        [
          1613.0,
          522.0
        ],
        [
          1614.0,
          523.0
        ],
        [
          1616.0,
          523.0
        ],
        [
          1617.0,
          524.0
        ],
        [
          1619.0,
          524.0
        ],
        [
          1620.0,
          525.0
        ],
        [
          1622.0,
          525.0
        ],
        [
          1623.0,
          526.0
        ],
        [
          1624.0,
          526.0
        ],
        [
          1625.0,
          527.0
        ],
        [
          1627.0,
          527.0
        ],
        [
          1628.0,
          528.0
        ],
        [
          1630.0,
          528.0
        ],
        [
          1631.0,
          529.0
        ],
        [
          1636.0,
          529.0
        ],
        [
          1637.0,
          530.0
        ],
        [
          1640.0,
          530.0
        ],
        [
          1641.0,
          531.0
        ],
        [
          1644.0,
          531.0
        ],
        [
          1645.0,
          532.0
        ],
        [
          1648.0,
          532.0
        ],
        [
          1649.0,
          533.0
        ],
        [
          1651.0,
          533.0
        ],
        [
          1652.0,
          534.0
        ],
        [
          1654.0,
          534.0
        ],
        [
          1655.0,
          535.0
        ],
        [
          1656.0,
          535.0
        ],
        [
          1657.0,
          536.0
        ],
        [
          1659.0,
          536.0
        ],
        [
          1660.0,
          537.0
        ],
        [
          1663.0,
          537.0
        ],
        [
          1664.0,
          538.0
        ],
        [
          1667.0,
          538.0
        ],
        [
          1668.0,
          539.0
        ],
        [
          1669.0,
          539.0
        ],
        [
          1670.0,
          540.0
        ],
        [
          1671.0,
          540.0
        ],
        [
          1675.0,
          544.0
        ],
        [
          1676.0,
          544.0
        ],
        [
          1681.0,
          549.0
        ],
        [
          1681.0,
          550.0
        ],
        [
          1683.0,
          552.0
        ],
        [
          1683.0,
          553.0
        ],
        [
          1685.0,
          555.0
        ],
        [
          1685.0,
          556.0
        ],
        [
          1686.0,
          557.0
        ],
        [
          1686.0,
          558.0
        ],
        [
          1687.0,
          559.0
        ],
        [
          1687.0,
          560.0
        ],
        [
          1688.0,
          561.0
        ],
        [
          1688.0,
          562.0
        ],
        [
          1689.0,
          563.0
        ],
        [
          1689.0,
          564.0
        ],
        [
          1690.0,
          565.0
        ],
        [
          1692.0,
          565.0
        ],
        [
          1693.0,
          564.0
        ],
        [
          1693.0,
          563.0
        ],
        [
          1694.0,
          562.0
        ],
        [
          1694.0,
          561.0
        ],
        [
          1695.0,
          560.0
        ],
        [
          1695.0,
          555.0
        ],
        [
          1696.0,
          554.0
        ],
        [
          1696.0,
          550.0
        ],
        [
          1695.0,
          549.0
        ],
        [
          1695.0,
          548.0
        ],
        [
          1694.0,
          547.0
        ],
        [
          1694.0,
          546.0
        ],
        [
          1693.0,
          545.0
        ],
        [
          1693.0,
          544.0
        ],
        [
          1689.0,
          540.0
        ],
        [
          1689.0,
          539.0
        ],
        [
          1687.0,
          537.0
        ],
        [
          1687.0,
          535.0
        ],
        [
          1686.0,
          534.0
        ],
        [
          1686.0,
          532.0
        ],
        [
          1685.0,
          531.0
        ],
        [
          1685.0,
          529.0
        ],
        [
          1684.0,
          528.0
        ],
        [
          1684.0,
          527.0
        ],
        [
          1683.0,
          526.0
        ],
        [
          1683.0,
          525.0
        ],
        [
          1676.0,
          518.0
        ],
        [
          1675.0,
          518.0
        ],
        [
          1674.0,
          517.0
        ],
        [
          1673.0,
          517.0
        ],
        [
          1672.0,
          516.0
        ],
        [
          1671.0,
          516.0
        ],
        [
          1669.0,
          514.0
        ],
        [
          1668.0,
          514.0
        ],
        [
          1666.0,
          512.0
        ],
        [
          1665.0,
          512.0
        ],
        [
          1664.0,
          511.0
        ],
        [
          1663.0,
          511.0
        ],
        [
          1662.0,
          510.0
        ],
        [
          1660.0,
          510.0
        ],
        [
          1659.0,
          509.0
        ],
        [
          1658.0,
          509.0
        ],
        [
          1657.0,
          508.0
        ],
        [
          1656.0,
          508.0
        ],
        [
          1655.0,
          507.0
        ],
        [
          1654.0,
          507.0
        ],
        [
          1653.0,
          506.0
        ],
        [
          1651.0,
          506.0
        ],
        [
          1650.0,
          505.0
        ],
        [
          1648.0,
          505.0
        ],
        [
          1647.0,
          504.0
        ],
        [
          1643.0,
          504.0
        ],
        [
          1642.0,
          503.0
        ],
        [
          1637.0,
          503.0
        ],
        [
          1636.0,
          502.0
        ],
        [
          1632.0,
          502.0
        ],
        [
          1631.0,
          501.0
        ],
        [
          1627.0,
          501.0
        ],
        [
          1626.0,
          500.0
        ],
        [
          1613.0,
          500.0
        ],
        [
          1612.0,
          501.0
        ],
        [
          1610.0,
          501.0
        ],
        [
          1609.0,
          502.0
        ],
        [
          1608.0,
          502.0
        ],
        [
          1607.0,
          503.0
        ],
        [
          1606.0,
          503.0
        ]
      ],
      "group_id": null,
      "description": "",
      "difficult": false,
      "shape_type": "polygon",
      "flags": {},
      "attributes": {},
      "kie_linking": []
    },
    {
      "label": "fish",
      "score": null,
      "points": [
        [
          1607.0,
          751.0
        ],
        [
          1604.0,
          751.0
        ],
        [
          1603.0,
          750.0
        ],
        [
          1598.0,
          750.0
        ],
        [
          1597.0,
          751.0
        ],
        [
          1595.0,
          751.0
        ],
        [
          1594.0,
          752.0
        ],
        [
          1593.0,
          752.0
        ],
        [
          1591.0,
          754.0
        ],
        [
          1591.0,
          755.0
        ],
        [
          1587.0,
          760.0
        ],
        [
          1587.0,
          765.0
        ],
        [
          1586.0,
          766.0
        ],
        [
          1586.0,
          774.0
        ],
        [
          1585.0,
          775.0
        ],
        [
          1585.0,
          776.0
        ],
        [
          1583.0,
          778.0
        ],
        [
          1583.0,
          779.0
        ],
        [
          1581.0,
          781.0
        ],
        [
          1581.0,
          782.0
        ],
        [
          1578.0,
          785.0
        ],
        [
          1571.0,
          785.0
        ],
        [
          1568.0,
          788.0
        ],
        [
          1566.0,
          793.0
        ],
        [
          1563.0,
          796.0
        ],
        [
          1563.0,
          797.0
        ],
        [
          1562.0,
          798.0
        ],
        [
          1562.0,
          799.0
        ],
        [
          1560.0,
          801.0
        ],
        [
          1560.0,
          802.0
        ],
        [
          1555.0,
          807.0
        ],
        [
          1555.0,
          808.0
        ],
        [
          1553.0,
          811.0
        ],
        [
          1553.0,
          813.0
        ],
        [
          1552.0,
          814.0
        ],
        [
          1552.0,
          815.0
        ],
        [
          1548.0,
          820.0
        ],
        [
          1548.0,
          821.0
        ],
        [
          1544.0,
          828.0
        ],
        [
          1544.0,
          830.0
        ],
        [
          1540.0,
          837.0
        ],
        [
          1540.0,
          839.0
        ],
        [
          1538.0,
          842.0
        ],
        [
          1538.0,
          844.0
        ],
        [
          1537.0,
          845.0
        ],
        [
          1536.0,
          848.0
        ],
        [
          1533.0,
          851.0
        ],
        [
          1533.0,
          852.0
        ],
        [
          1532.0,
          853.0
        ],
        [
          1532.0,
          854.0
        ],
        [
          1531.0,
          855.0
        ],
        [
          1531.0,
          856.0
        ],
        [
          1530.0,
          857.0
        ],
        [
          1530.0,
          858.0
        ],
        [
          1525.0,
          867.0
        ],
        [
          1525.0,
          870.0
        ],
        [
          1524.0,
          871.0
        ],
        [
          1524.0,
          874.0
        ],
        [
          1523.0,
          875.0
        ],
        [
          1523.0,
          885.0
        ],
        [
          1524.0,
          886.0
        ],
        [
          1524.0,
          896.0
        ],
        [
          1527.0,
          901.0
        ],
        [
          1528.0,
          901.0
        ],
        [
          1529.0,
          902.0
        ],
        [
          1534.0,
          902.0
        ],
        [
          1540.0,
          897.0
        ],
        [
          1547.0,
          894.0
        ],
        [
          1558.0,
          883.0
        ],
        [
          1558.0,
          882.0
        ],
        [
          1561.0,
          879.0
        ],
        [
          1561.0,
          878.0
        ],
        [
          1565.0,
          873.0
        ],
        [
          1566.0,
          870.0
        ],
        [
          1575.0,
          861.0
        ],
        [
          1576.0,
          858.0
        ],
        [
          1580.0,
          853.0
        ],
        [
          1580.0,
          852.0
        ],
        [
          1582.0,
          849.0
        ],
        [
          1582.0,
          847.0
        ],
        [
          1584.0,
          844.0
        ],
        [
          1584.0,
          840.0
        ],
        [
          1585.0,
          839.0
        ],
        [
          1585.0,
          830.0
        ],
        [
          1586.0,
          829.0
        ],
        [
          1586.0,
          826.0
        ],
        [
          1587.0,
          825.0
        ],
        [
          1587.0,
          822.0
        ],
        [
          1588.0,
          821.0
        ],
        [
          1588.0,
          819.0
        ],
        [
          1591.0,
          814.0
        ],
        [
          1591.0,
          812.0
        ],
        [
          1592.0,
          811.0
        ],
        [
          1592.0,
          809.0
        ],
        [
          1593.0,
          808.0
        ],
        [
          1593.0,
          806.0
        ],
        [
          1594.0,
          805.0
        ],
        [
          1594.0,
          802.0
        ],
        [
          1595.0,
          801.0
        ],
        [
          1595.0,
          799.0
        ],
        [
          1597.0,
          796.0
        ],
        [
          1597.0,
          794.0
        ],
        [
          1599.0,
          792.0
        ],
        [
          1599.0,
          791.0
        ],
        [
          1603.0,
          784.0
        ],
        [
          1603.0,
          782.0
        ],
        [
          1605.0,
          779.0
        ],
        [
          1605.0,
          777.0
        ],
        [
          1606.0,
          776.0
        ],
        [
          1606.0,
          775.0
        ],
        [
          1608.0,
          773.0
        ],
        [
          1608.0,
          772.0
        ],
        [
          1611.0,
          767.0
        ],
        [
          1611.0,
          765.0
        ],
        [
          1612.0,
          764.0
        ],
        [
          1612.0,
          758.0
        ],
        [
          1611.0,
          757.0
        ],
        [
          1610.0,
          754.0
        ]
      ],
      "group_id": null,
      "description": "",
      "difficult": false,
      "shape_type": "polygon",
      "flags": {},
      "attributes": {},
      "kie_linking": []
    },
    {
      "label": "fish",
      "score": null,
      "points": [
        [
          1694.0,
          804.0
        ],
        [
          1693.0,
          804.0
        ],
        [
          1692.0,
          803.0
        ],
        [
          1690.0,
          803.0
        ],
        [
          1689.0,
          802.0
        ],
        [
          1687.0,
          802.0
        ],
        [
          1686.0,
          801.0
        ],
        [
          1682.0,
          801.0
        ],
        [
          1681.0,
          802.0
        ],
        [
          1680.0,
          802.0
        ],
        [
          1679.0,
          803.0
        ],
        [
          1678.0,
          803.0
        ],
        [
          1677.0,
          804.0
        ],
        [
          1676.0,
          804.0
        ],
        [
          1674.0,
          806.0
        ],
        [
          1674.0,
          807.0
        ],
        [
          1672.0,
          809.0
        ],
        [
          1672.0,
          810.0
        ],
        [
          1666.0,
          816.0
        ],
        [
          1665.0,
          816.0
        ],
        [
          1662.0,
          818.0
        ],
        [
          1660.0,
          818.0
        ],
        [
          1659.0,
          819.0
        ],
        [
          1656.0,
          819.0
        ],
        [
          1655.0,
          820.0
        ],
        [
          1653.0,
          820.0
        ],
        [
          1649.0,
          824.0
        ],
        [
          1648.0,
          824.0
        ],
        [
          1647.0,
          825.0
        ],
        [
          1646.0,
          825.0
        ],
        [
          1643.0,
          828.0
        ],
        [
          1643.0,
          829.0
        ],
        [
          1639.0,
          833.0
        ],
        [
          1638.0,
          833.0
        ],
        [
          1634.0,
          837.0
        ],
        [
          1634.0,
          838.0
        ],
        [
          1628.0,
          844.0
        ],
        [
          1628.0,
          845.0
        ],
        [
          1625.0,
          848.0
        ],
        [
          1624.0,
          848.0
        ],
        [
          1617.0,
          855.0
        ],
        [
          1617.0,
          856.0
        ],
        [
          1614.0,
          859.0
        ],
        [
          1614.0,
          860.0
        ],
        [
          1613.0,
          861.0
        ],
        [
          1613.0,
          862.0
        ],
        [
          1611.0,
          864.0
        ],
        [
          1611.0,
          865.0
        ],
        [
          1609.0,
          867.0
        ],
        [
          1609.0,
          869.0
        ],
        [
          1608.0,
          870.0
        ],
        [
          1608.0,
          871.0
        ],
        [
          1606.0,
          874.0
        ],
        [
          1606.0,
          876.0
        ],
        [
          1604.0,
          878.0
        ],
        [
          1604.0,
          879.0
        ],
        [
          1603.0,
          880.0
        ],
        [
          1603.0,
          881.0
        ],
        [
          1605.0,
          883.0
        ],
        [
          1605.0,
          884.0
        ],
        [
          1608.0,
          887.0
        ],
        [
          1608.0,
          892.0
        ],
        [
          1607.0,
          893.0
        ],
        [
          1607.0,
          903.0
        ],
        [
          1608.0,
          904.0
        ],
        [
          1611.0,
          904.0
        ],
        [
          1614.0,
          902.0
        ],
        [
          1622.0,
          902.0
        ],
        [
          1627.0,
          897.0
        ],
        [
          1628.0,
          897.0
        ],
        [
          1629.0,
          896.0
        ],
        [
          1630.0,
          896.0
        ],
        [
          1634.0,
          892.0
        ],
        [
          1635.0,
          892.0
        ],
        [
          1636.0,
          891.0
        ],
        [
          1637.0,
          891.0
        ],
        [
          1639.0,
          889.0
        ],
        [
          1640.0,
          889.0
        ],
        [
          1641.0,
          888.0
        ],
        [
          1641.0,
          887.0
        ],
        [
          1644.0,
          884.0
        ],
        [
          1645.0,
          884.0
        ],
        [
          1653.0,
          876.0
        ],
        [
          1654.0,
          876.0
        ],
        [
          1661.0,
          869.0
        ],
        [
          1661.0,
          868.0
        ],
        [
          1663.0,
          866.0
        ],
        [
          1663.0,
          865.0
        ],
        [
          1664.0,
          864.0
        ],
        [
          1664.0,
          863.0
        ],
        [
          1665.0,
          862.0
        ],
        [
          1665.0,
          861.0
        ],
        [
          1667.0,
          859.0
        ],
        [
          1667.0,
          858.0
        ],
        [
          1669.0,
          855.0
        ],
        [
          1669.0,
          853.0
        ],
        [
          1670.0,
          852.0
        ],
        [
          1670.0,
          850.0
        ],
        [
          1671.0,
          849.0
        ],
        [
          1671.0,
          848.0
        ],
        [
          1672.0,
          847.0
        ],
        [
          1672.0,
          846.0
        ],
        [
          1673.0,
          845.0
        ],
        [
          1673.0,
          844.0
        ],
        [
          1674.0,
          843.0
        ],
        [
          1674.0,
          842.0
        ],
        [
          1675.0,
          841.0
        ],
        [
          1675.0,
          840.0
        ],
        [
          1676.0,
          839.0
        ],
        [
          1676.0,
          838.0
        ],
        [
          1677.0,
          837.0
        ],
        [
          1677.0,
          836.0
        ],
        [
          1678.0,
          835.0
        ],
        [
          1678.0,
          834.0
        ],
        [
          1679.0,
          833.0
        ],
        [
          1679.0,
          832.0
        ],
        [
          1680.0,
          831.0
        ],
        [
          1680.0,
          830.0
        ],
        [
          1681.0,
          829.0
        ],
        [
          1681.0,
          828.0
        ],
        [
          1682.0,
          827.0
        ],
        [
          1682.0,
          826.0
        ],
        [
          1684.0,
          823.0
        ],
        [
          1684.0,
          821.0
        ],
        [
          1685.0,
          820.0
        ],
        [
          1685.0,
          819.0
        ],
        [
          1686.0,
          818.0
        ],
        [
          1686.0,
          817.0
        ],
        [
          1691.0,
          812.0
        ],
        [
          1691.0,
          811.0
        ],
        [
          1692.0,
          810.0
        ],
        [
          1692.0,
          809.0
        ],
        [
          1695.0,
          806.0
        ],
        [
          1695.0,
          805.0
        ]
      ],
      "group_id": null,
      "description": "",
      "difficult": false,
      "shape_type": "polygon",
      "flags": {},
      "attributes": {},
      "kie_linking": []
    }
  ],
  "imagePath": "frame_000025.jpg",
  "imageData": null,
  "imageHeight": 1080,
  "imageWidth": 1920
}