{
  "version": "3.1.1",
  "flags": {},
  "shapes": [
    {
      "label": "fish",
      "score": null,
      "points": [
        [
          1744.0,
          498.0
        ],
        [
          1743.0,
          497.0
        ],
        [
          1739.0,
          497.0
        ],
        [
          1738.0,
          496.0
        ],
        [
          1734.0,
          496.0
        ],
        [
          1733.0,
          497.0
        ],
        [
          1729.0,
          497.0
        ],
        [
          1728.0,
          498.0
        ],
        [
          1726.0,
          498.0
        ],
        [
          1725.0,
          499.0
        ],
        [
          1723.0,
          499.0
        ],
        [
          1722.0,
          500.0
        ],
        [
          1721.0,
          500.0
        ],
        [
          1716.0,
          505.0
        ],
        [
          1715.0,
          505.0
        ],
        [
          1712.0,
          508.0
        ],
        [
          1711.0,
          508.0
        ],
        [
          1704.0,
          515.0
        ],
        [
          1704.0,
          516.0
        ],
        [
          1693.0,
          527.0
        ],
        [
          1692.0,
          527.0
        ],
        [
          1688.0,
          531.0
        ],
        [
          1688.0,
          532.0
        ],
        [
          1684.0,
          536.0
        ],
        [
          1683.0,
          536.0
        ],
        [
          1676.0,
          543.0
        ],
        [
          1676.0,
          544.0
        ],
        [
          1661.0,
          559.0
        ],
        [
          1661.0,
          560.0
        ],
        [
          1660.0,
          561.0
        ],
        [
          1660.0,
          562.0
        ],
        [
          1658.0,
          564.0
        ],
        [
          1658.0,
          565.0
        ],
        [
          1657.0,
          566.0
        ],
        [
          1657.0,
          568.0
        ],
        [
          1654.0,
          571.0
        ],
        [
          1653.0,
          571.0
        ],
        [
          1651.0,
          573.0
        ],
        [
          1651.0,
          575.0
        ],
        [
          1652.0,
          576.0
        ],
        [
          1654.0,
          576.0
        ],
        [
          1655.0,
          575.0
        ],
        [
          1656.0,
          575.0
        ],
        [
          1657.0,
          574.0
        ],
        [
          1658.0,
          574.0
        ],
        [
          1659.0,
          573.0
        ],
        [
          1671.0,
          573.0
        ],
        [
          1672.0,
          574.0
        ],
        [
          1674.0,
          574.0
        ],
        [
          1675.0,
          573.0
        ],
        [
          1676.0,
          573.0
        ],
        [
          1680.0,
          569.0
        ],
        [
          1681.0,
          569.0
        ],
        [
          1683.0,
          567.0
        ],
        [
          1684.0,
          567.0
        ],
        [
          1688.0,
          563.0
        ],
        [
          1689.0,
          563.0
        ],
        [
          1691.0,
          561.0
        ],
        [
          1692.0,
          561.0
        ],
        [
          1701.0,
          552.0
        ],
        [
          1702.0,
          552.0
        ],
        [
          1703.0,
          551.0
        ],
        [
          1704.0,
          551.0
        ],
        [
          1705.0,
          550.0
        ],
        [
          1706.0,
          550.0
        ],
        [
          1709.0,
          547.0
        ],
        [
          1710.0,
          547.0
        ],
        [
          1711.0,
          546.0
        ],
        [
          1712.0,
          546.0
        ],
        [
          1713.0,
          545.0
        ],
        [
          1714.0,
          545.0
        ],
        [
          1723.0,
          536.0
        ],
        [
          1723.0,
          535.0
        ],
        [
          1725.0,
          533.0
        ],
        [
          1725.0,
          532.0
        ],
        [
          1729.0,
          528.0
        ],
        [
          1729.0,
          527.0
        ],
        [
          1731.0,
          525.0
        ],
        [
          1731.0,
          524.0
        ],
        [
          1735.0,
          520.0
        ],
        [
          1735.0,
          519.0
        ],
        [
          1737.0,
          517.0
        ],
        [
          1737.0,
          516.0
        ],
        [
          1738.0,
          515.0
        ],
        [
          1738.0,
          514.0
        ],
        [
          1740.0,
          512.0
        ],
        [
          1740.0,
          511.0
        ],
        [
          1741.0,
          510.0
        ],
        [
          1741.0,
          509.0
        ],
        [
          1743.0,
          507.0
        ],
        [
          1743.0,
          505.0
        ],
        [
          1744.0,
          504.0
        ]
      ],
      "group_id": null,
      "description": "",
      "difficult": false,
      "shape_type": "polygon",
      "flags": {},
      "attributes": {},
      "kie_linking": []
    },
    {
      "label": "fish",
      "score": null,
      "points": [
        [
          1647.0,
          574.0
        ],
        [
          1645.0,
          574.0
        ],
        [
          1640.0,
          579.0
        ],
        [
          1639.0,
          579.0
        ],
        [
          1636.0,
          582.0
        ],
        [
          1636.0,
          583.0
        ],
        [
          1635.0,
          584.0
        ],
        [
          1635.0,
          586.0
        ],
        [
          1633.0,
          589.0
        ],
        [
          1633.0,
          591.0
        ],
        [
          1630.0,
          594.0
        ],
        [
          1630.0,
          595.0
        ],
        [
          1629.0,
          596.0
        ],
        [
          1629.0,
          602.0
        ],
        [
          1628.0,
          603.0
        ],
        [
          1628.0,
          604.0
        ],
        [
          1623.0,
          609.0
        ],
        [
          1623.0,
          610.0
        ],
        [
          1620.0,
          613.0
        ],
        [
          1619.0,
          613.0
        ],
        [
          1614.0,
          618.0
        ],
        [
          1614.0,
          619.0
        ],
        [
          1611.0,
          622.0
        ],
        [
          1611.0,
          623.0
        ],
        [
          1609.0,
          625.0
        ],
        [
          1609.0,
          628.0
        ],
        [
          1608.0,
          629.0
        ],
        [
          1608.0,
          633.0
        ],
        [
          1606.0,
          636.0
        ],
        [
          1606.0,
          638.0
        ],
        [
          1604.0,
          641.0
        ],
        [
          1604.0,
          643.0
        ],
        [
          1603.0,
          644.0
        ],
        [
          1603.0,
          645.0
        ],
        [
          1602.0,
          646.0
        ],
        [
          1602.0,
          647.0
        ],
        [
          1600.0,
          649.0
        ],
        [
          1600.0,
          650.0
        ],
        [
          1599.0,
          651.0
        ],
        [
          1599.0,
          652.0
        ],
        [
          1598.0,
          653.0
        ],
        [
          1598.0,
          654.0
        ],
        [
          1597.0,
          655.0
        ],
        [
          1597.0,
          656.0
        ],
        [
          1596.0,
          657.0
        ],
        [
          1596.0,
          658.0
        ],
        [
          1594.0,
          660.0
        ],
        [
          1594.0,
          661.0
        ],
        [
          1592.0,
          663.0
        ],
        [
          1592.0,
          665.0
        ],
        [
          1591.0,
          666.0
        ],
        [
          1591.0,
          668.0
        ],
        [
          1590.0,
          669.0
        ],
        [
          1590.0,
          671.0
        ],
        [
          1591.0,
          672.0
        ],
        [
          1591.0,
          674.0
        ],
        [
          1592.0,
          675.0
        ],
        [
          1592.0,
          676.0
        ],
        [
          1594.0,
          679.0
        ],
        [
          1594.0,
          683.0
        ],
        [
          1595.0,
          684.0
        ],
        [
          1595.0,
          686.0
        ],
        [
          1596.0,
          687.0
        ],
        [
          1596.0,
          688.0
        ],
        [
          1599.0,
          691.0
        ],
        [
          1600.0,
          691.0
        ],
        [
          1601.0,
          692.0
        ],
        [
          1604.0,
          690.0
        ],
        [
          1606.0,
          690.0
        ],
        [
          1607.0,
          689.0
        ],
        [
          1608.0,
          689.0
        ],
        [
          1612.0,
          685.0
        ],
        [
          1612.0,
          684.0
        ],
        [
          1618.0,
          678.0
        ],
        [
          1618.0,
          677.0
        ],
        [
          1619.0,
          676.0
        ],
        [
          1619.0,
          675.0
        ],
        [
          1623.0,
          671.0
        ],
        [
          1623.0,
          670.0
        ],
        [
          1624.0,
          669.0
        ],
        [
          1624.0,
          668.0
        ],
        [
          1625.0,
          667.0
        ],
        [
          1625.0,
          666.0
        ],
        [
          1627.0,
          664.0
        ],
        [
          1627.0,
          663.0
        ],
        [
          1628.0,
          662.0
        ],
        [
          1628.0,
          661.0
        ],
        [
          1629.0,
          660.0
        ],
        [
          1629.0,
          659.0
        ],
        [
          1630.0,
          658.0
        ],
        [
          1630.0,
          657.0
        ],
        [
          1631.0,
          656.0
        ],
        [
          1631.0,
          655.0
        ],
        [
          1632.0,
          654.0
        ],
        [
          1632.0,
          653.0
        ],
        [
          1634.0,
          651.0
        ],
        [
          1634.0,
          650.0
        ],
        [
          1638.0,
          646.0
        ],
        [
          1638.0,
          645.0
        ],
        [
          1639.0,
          644.0
        ],
        [
          1639.0,
          643.0
        ],
        [
          1640.0,
          642.0
        ],
        [
          1640.0,
          641.0
        ],
        [
          1641.0,
          640.0
        ],
        [
          1641.0,
          639.0
        ],
        [
          1642.0,
          638.0
        ],
        [
          1642.0,
          637.0
        ],
        [
          1644.0,
          635.0
        ],
        [
          1644.0,
          634.0
        ],
        [
          1645.0,
          633.0
        ],
        [
          1645.0,
          631.0
        ],
        [
          1646.0,
          630.0
        ],
        [
          1646.0,
          619.0
        ],
        [
          1647.0,
          618.0
        ],
        [
          1647.0,
          603.0
        ],
        [
          1648.0,
          602.0
        ],
        [
          1648.0,
          598.0
        ],
        [
          1649.0,
          597.0
        ],
        [
          1649.0,
          592.0
        ],
        [
          1650.0,
          591.0
        ],
        [
          1650.0,
          588.0
        ],
        [
          1649.0,
          587.0
        ],
        [
          1649.0,
          584.0
        ],
        [
          1648.0,
          583.0
        ],
        [
          1648.0,
          579.0
        ],
        [
          1647.0,
          578.0
        ]
      ],
      "group_id": null,
      "description": "",
      "difficult": false,
      "shape_type": "polygon",
      "flags": {},
      "attributes": {},
      "kie_linking": []
    },
    {
      "label": "fish",
      "score": null,
      "points": [
        [
          1625.0,
          692.0
        ],
        [
          1625.0,
          693.0
        ],
        [
          1630.0,
          698.0
        ],
        [
          1630.0,
          699.0
        ],
        [
          1635.0,
          704.0
        ],
        [
          1636.0,
          704.0
        ],
        [
          1640.0,
          708.0
        ],
        [
          1640.0,
          709.0
        ],
        [
          1641.0,
          710.0
        ],
        [
          1642.0,
          710.0
        ],
        [
          1646.0,
          714.0
        ],
        [
          1647.0,
          714.0
        ],
        [
          1652.0,
          719.0
        ],
        [
          1653.0,
          719.0
        ],
        [
          1655.0,
          721.0
        ],
        [
          1656.0,
          721.0
        ],
        [
          1661.0,
          726.0
        ],
        [
          1662.0,
          726.0
        ],
        [
          1667.0,
          731.0
        ],
        [
          1668.0,
          731.0
        ],
        [
          1670.0,
          733.0
        ],
        [
          1671.0,
          733.0
        ],
        [
          1673.0,
          735.0
        ],
        [
          1674.0,
          735.0
        ],
        [
          1676.0,
          737.0
        ],
        [
          1677.0,
          737.0
        ],
        [
          1678.0,
          738.0
        ],
        [
          1679.0,
          738.0
        ],
        [
          1680.0,
          739.0
        ],
        [
          1682.0,
          739.0
        ],
        [
          1683.0,
          740.0
        ],
        [
          1685.0,
          740.0
        ],
        [
          1686.0,
          741.0
        ],
        [
          1687.0,
          741.0
        ],
        [
          1688.0,
          742.0
        ],
        [
          1690.0,
          742.0
        ],
        [
          1691.0,
          743.0
        ],
        [
          1693.0,
          743.0
        ],
        [
          1694.0,
          744.0
        ],
        [
          1696.0,
          744.0
        ],
        [
          1697.0,
          745.0
        ],
        [
          1698.0,
          745.0
        ],
        [
          1699.0,
          746.0
        ],
        [
          1700.0,
          746.0
        ],
        [
          1701.0,
          747.0
        ],
        [
          1703.0,
          747.0
        ],
        [
          1704.0,
          748.0
        ],
        [
          1721.0,
          748.0
        ],
        [
          1722.0,
          747.0
        ],
        [
          1724.0,
          747.0
        ],
        [
          1725.0,
          746.0
        ],
        [
          1728.0,
          746.0
        ],
        [
          1729.0,
          745.0
        ],
        [
          1730.0,
          745.0
        ],
        [
          1732.0,
          743.0
        ],
        [
          1732.0,
          741.0
        ],
        [
          1733.0,
          740.0
        ],
        [
          1733.0,
          738.0
        ],
        [
          1732.0,
          737.0
        ],
        [
          1732.0,
          736.0
        ],
        [
          1724.0,
          728.0
        ],
        [
          1723.0,
          728.0
        ],
        [
          1722.0,
          727.0
        ],
        [
          1721.0,
          727.0
        ],
        [
          1720.0,
          726.0
        ],
        [
          1719.0,
          726.0
        ],
        [
          1718.0,
          725.0
        ],
        [
          1717.0,
          725.0
        ],
        [
          1716.0,
          724.0
        ],
        [
          1715.0,
          724.0
        ],
        [
          1713.0,
          722.0
        ],
        [
          1711.0,
          722.0
        ],
        [
          1710.0,
          721.0
        ],
        [
          1708.0,
          721.0
        ],
        [
          1707.0,
          720.0
        ],
        [
          1705.0,
          720.0
        ],
        [
          1704.0,
          719.0
        ],
        [
          1701.0,
          719.0
        ],
        [
          1700.0,
          718.0
        ],
        [
          1698.0,
          718.0
        ],
        [
          1697.0,
          717.0
        ],
        [
          1696.0,
          717.0
        ],
        [
          1695.0,
          716.0
        ],
        [
          1693.0,
          716.0
        ],
        [
          1692.0,
          715.0
        ],
        [
          1690.0,
          715.0
        ],
        [
          1689.0,
          714.0
        ],
        [
          1686.0,
          714.0
        ],
        [
          1685.0,
          713.0
        ],
        [
          1682.0,
          713.0
        ],
        [
          1681.0,
          712.0
        ],
        [
          1678.0,
          712.0
        ],
        [
          1677.0,
          711.0
        ],
        [
          1673.0,
          711.0
        ],
        [
          1672.0,
          710.0
        ],
        [
          1668.0,
          710.0
        ],
        [
          1667.0,
          709.0
        ],
        [
          1664.0,
          709.0
        ],
        [
          1663.0,
          708.0
        ],
        [
          1661.0,
          708.0
        ],
        [
          1660.0,
          707.0
        ],
        [
          1658.0,
          707.0
        ],
        [
          1657.0,
          706.0
        ],
        [
          1656.0,
          706.0
        ],
        [
          1655.0,
          705.0
        ],
        [
          1653.0,
          705.0
        ],
        [
          1652.0,
          704.0
        ],
        [
          1650.0,
          704.0
        ],
        [
          1649.0,
          703.0
        ],
        [
          1648.0,
          703.0
        ],
        [
          1647.0,
          702.0
        ],
        [
          1646.0,
          702.0
        ],
        [
          1644.0,
          700.0
        ],
        [
          1643.0,
          700.0
        ],
        [
          1639.0,
          696.0
        ],
        [
          1639.0,
          695.0
        ],
        [
          1638.0,
          695.0
        ],
        [
          1637.0,
          694.0
        ],
        [
          1637.0,
          693.0
        ],
        [
          1636.0,
          693.0
        ],
        [
          1635.0,
          692.0
        ],
        [
          1634.0,
          692.0
        ],
        [
          1633.0,
          691.0
        ],
        [
          1628.0,
          691.0
        ],
        [
          1627.0,
          692.0
        ]
      ],
      "group_id": null,
      "description": "",
      "difficult": false,
      "shape_type": "polygon",
      "flags": {},
      "attributes": {},
      "kie_linking": []
    },
    {
      "label": "fish",
      "score": null,
      "points": [
        [
          1622.0,
          836.0
        ],
        [
          1623.0,
          837.0
        ],
        [
          1624.0,
          837.0
        ],
        [
          1625.0,
          838.0
        ],
        [
          1626.0,
          838.0
        ],
        [
          1628.0,
          840.0
        ],
        [
          1629.0,
          840.0
        ],
        [
          1630.0,
          841.0
        ],
        [
          1631.0,
          841.0
        ],
        [
          1632.0,
          842.0
        ],
        [
          1634.0,
          842.0
        ],
        [
          1635.0,
          843.0
        ],
        [
          1637.0,
          843.0
        ],
        [
          1638.0,
          844.0
        ],
        [
          1640.0,
          844.0
        ],
        [
          1641.0,
          845.0
        ],
        [
          1645.0,
          845.0
        ],
        [
          1646.0,
          846.0
        ],
        [
          1656.0,
          846.0
        ],
        [
          1657.0,
          847.0
        ],
        [
          1662.0,
          847.0
        ],
        [
          1663.0,
          848.0
        ],
        [
          1666.0,
          848.0
        ],
        [
          1667.0,
          849.0
        ],
        [
          1669.0,
          849.0
        ],
        [
          1670.0,
          850.0
        ],
        [
          1672.0,
          850.0
        ],
        [
          1673.0,
          851.0
        ],
        [
          1675.0,
          851.0
        ],
        [
          1676.0,
          852.0
        ],
        [
          1680.0,
          852.0
        ],
        [
          1681.0,
          853.0
        ],
        [
          1688.0,
          853.0
        ],
        [
          1689.0,
          854.0
        ],
        [
          1704.0,
          854.0
        ],
        [
          1705.0,
          853.0
        ],
        [
          1710.0,
          853.0
        ],
        [
          1711.0,
          852.0
        ],
        [
          1714.0,
          852.0
        ],
        [
          1715.0,
          851.0
        ],
        [
          1717.0,
          851.0
        ],
        [
          1718.0,
          850.0
        ],
        [
          1721.0,
          850.0
        ],
        [
          1722.0,
          849.0
        ],
        [
          1724.0,
          849.0
        ],
        [
          1725.0,
          848.0
        ],
        [
          1727.0,
          848.0
        ],
        [
          1731.0,
          844.0
        ],
        [
          1731.0,
          841.0
        ],
        [
          1730.0,
          840.0
        ],
        [
          1730.0,
          839.0
        ],
        [
          1725.0,
          834.0
        ],
        [
          1724.0,
          834.0
        ],
        [
          1723.0,
          833.0
        ],
        [
          1722.0,
          833.0
        ],
        [
          1721.0,
          832.0
        ],
        [
          1720.0,
          832.0
        ],
        [
          1719.0,
          831.0
        ],
        [
          1716.0,
          831.0
        ],
        [
          1715.0,
          830.0
        ],
        [
          1710.0,
          830.0
        ],
        [
          1709.0,
          829.0
        ],
        [
          1702.0,
          829.0
        ],
        [
          1701.0,
          828.0
        ],
        [
          1681.0,
          828.0
        ],
        [
          1680.0,
          827.0
        ],
        [
          1675.0,
          827.0
        ],
        [
          1674.0,
          828.0
        ],
        [
          1669.0,
          828.0
        ],
        [
          1668.0,
          829.0
        ],
        [
          1664.0,
          829.0
        ],
        [
          1663.0,
          830.0
        ],
        [
          1654.0,
          830.0
        ],
        [
          1653.0,
          831.0
        ],
        [
          1648.0,
          831.0
        ],
        [
          1647.0,
          832.0
        ],
        [
          1640.0,
          832.0
        ],
        [
          1639.0,
          833.0
        ],
        [
          1634.0,
          833.0
        ],
        [
          1633.0,
          834.0
        ],
        [
          1626.0,
          834.0
        ],
        [
          1625.0,
          835.0
        ],
        [
          1623.0,
          835.0
        ]
      ],
      "group_id": null,
      "description": "",
      "difficult": false,
      "shape_type": "polygon",
      "flags": {},
      "attributes": {},
      "kie_linking": []
    }
  ],
  "imagePath": "frame_000021.jpg",
  "imageData": null,
  "imageHeight": 1080,
  "imageWidth": 1920
}