{
  "version": "3.1.1",
  "flags": {},
  "shapes": [
    {
      "label": "fish",
      "score": null,
      "points": [
        [
          1534.0,
          226.0
        ],
        [
          1532.0,
          226.0
        ],
        [
          1531.0,
          227.0
        ],
        [
          1530.0,
          227.0
        ],
        [
          1528.0,
          229.0
        ],
        [
          1527.0,
          229.0
        ],
        [
          1527.0,
          230.0
        ],
        [
          1524.0,
          233.0
        ],
        [
          1524.0,
          234.0
        ],
        [
          1523.0,
          235.0
        ],
        [
          1523.0,
          236.0
        ],
        [
          1521.0,
          238.0
        ],
        [
          1521.0,
          239.0
        ],
        [
          1519.0,
          241.0
        ],
        [
          1519.0,
          242.0
        ],
        [
          1518.0,
          243.0
        ],
        [
          1518.0,
          245.0
        ],
        [
          1519.0,
          246.0
        ],
        [
          1519.0,
          250.0
        ],
        [
          1521.0,
          252.0
        ],
        [
          1521.0,
          253.0
        ],
        [
          1523.0,
          256.0
        ],
        [
          1523.0,
          258.0
        ],
        [
          1524.0,
          259.0
        ],
        [
          1524.0,
          262.0
        ],
        [
          1525.0,
          263.0
        ],
        [
          1525.0,
          266.0
        ],
        [
          1526.0,
          267.0
        ],
        [
          1526.0,
          268.0
        ],
        [
          1527.0,
          269.0
        ],
        [
          1527.0,
          271.0
        ],
        [
          1528.0,
          272.0
        ],
        [
          1528.0,
          275.0
        ],
        [
          1529.0,
          276.0
        ],
        [
          1529.0,
          280.0
        ],
        [
          1530.0,
          281.0
        ],
        [
          1530.0,
          282.0
        ],
        [
          1532.0,
          284.0
        ],
        [
          1532.0,
          285.0
        ],
        [
          1534.0,
          287.0
        ],
        [
          1534.0,
          288.0
        ],
        [
          1535.0,
          289.0
        ],
        [
          1535.0,
          290.0
        ],
        [
          1536.0,
          291.0
        ],
        [
          1536.0,
          292.0
        ],
        [
          1538.0,
          295.0
        ],
        [
          1538.0,
          298.0
        ],
        [
          1539.0,
          299.0
        ],
        [
          1539.0,
          301.0
        ],
        [
          1540.0,
          302.0
        ],
        [
          1540.0,
          307.0
        ],
        [
          1541.0,
          308.0
        ],
        [
          1541.0,
          311.0
        ],
        [
          1539.0,
          313.0
        ],
        [
          1539.0,
          314.0
        ],
        [
          1538.0,
          315.0
        ],
        [
          1538.0,
          316.0
        ],
        [
          1536.0,
          319.0
        ],
        [
          1536.0,
          321.0
        ],
        [
          1534.0,
          324.0
        ],
        [
          1534.0,
          326.0
        ],
        [
          1532.0,
          329.0
        ],
        [
          1532.0,
          332.0
        ],
        [
          1531.0,
          333.0
        ],
        [
          1531.0,
          335.0
        ],
        [
          1530.0,
          336.0
        ],
        [
          1530.0,
          337.0
        ],
        [
          1528.0,
          339.0
        ],
        [
          1527.0,
          339.0
        ],
        [
          1526.0,
          340.0
        ],
        [
          1526.0,
          343.0
        ],
        [
          1525.0,
          344.0
        ],
        [
          1525.0,
          346.0
        ],
        [
          1526.0,
          346.0
        ],
        [
          1526.0,
          345.0
        ],
        [
          1528.0,
          343.0
        ],
        [
          1530.0,
          343.0
        ],
        [
          1531.0,
          342.0
        ],
        [
          1533.0,
          342.0
        ],
        [
          1538.0,
          337.0
        ],
        [
          1539.0,
          337.0
        ],
        [
          1540.0,
          336.0
        ],
        [
          1541.0,
          336.0
        ],
        [
          1542.0,
          335.0
        ],
        [
          1543.0,
          335.0
        ],
        [
          1544.0,
          334.0
        ],
        [
          1545.0,
          334.0
        ],
        [
          1549.0,
          330.0
        ],
        [
          1549.0,
          329.0
        ],
        [
          1551.0,
          326.0
        ],
        [
          1551.0,
          323.0
        ],
        [
          1552.0,
          322.0
        ],
        [
          1552.0,
          313.0
        ],
        [
          1553.0,
          312.0
        ],
        [
          1553.0,
          309.0
        ],
        [
          1554.0,
          308.0
        ],
        [
          1554.0,
          305.0
        ],
        [
          1555.0,
          304.0
        ],
        [
          1555.0,
          301.0
        ],
        [
          1556.0,
          300.0
        ],
        [
          1556.0,
          298.0
        ],
        [
          1557.0,
          297.0
        ],
        [
          1557.0,
          295.0
        ],
        [
          1558.0,
          294.0
        ],
        [
          1558.0,
          286.0
        ],
        [
          1557.0,
          285.0
        ],
        [
          1557.0,
          284.0
        ],
        [
          1555.0,
          281.0
        ],
        [
          1555.0,
          279.0
        ],
        [
          1554.0,
          278.0
        ],
        [
          1554.0,
          274.0
        ],
        [
          1553.0,
          273.0
        ],
        [
          1553.0,
          269.0
        ],
        [
          1552.0,
          268.0
        ],
        [
          1552.0,
          264.0
        ],
        [
          1551.0,
          263.0
        ],
        [
          1551.0,
          260.0
        ],
        [
          1550.0,
          259.0
        ],
        [
          1550.0,
          256.0
        ],
        [
          1549.0,
          255.0
        ],
        [
          1549.0,
          253.0
        ],
        [
          1548.0,
          252.0
        ],
        [
          1548.0,
          246.0
        ],
        [
          1547.0,
          245.0
        ],
        [
          1547.0,
          242.0
        ],
        [
          1546.0,
          241.0
        ],
        [
          1546.0,
          240.0
        ],
        [
          1545.0,
          239.0
        ],
        [
          1545.0,
          238.0
        ],
        [
          1544.0,
          237.0
        ],
        [
          1544.0,
          236.0
        ],
        [
          1543.0,
          235.0
        ],
        [
          1543.0,
          234.0
        ],
        [
          1540.0,
          231.0
        ],
        [
          1540.0,
          230.0
        ],
        [
          1538.0,
          228.0
        ],
        [
          1537.0,
          228.0
        ]
      ],
      "group_id": null,
      "description": "",
      "difficult": false,
      "shape_type": "polygon",
      "flags": {},
      "attributes": {},
      "kie_linking": []
    },
    {
      "label": "fish",
      "score": null,
      "points": [
        [
          1555.0,
          707.0
        ],
        [
          1554.0,
          708.0
        ],
        [
          1554.0,
          709.0
        ],
        [
          1553.0,
          710.0
        ],
        [
          1553.0,
          712.0
        ],
        [
          1552.0,
          713.0
        ],
        [
          1552.0,
          716.0
        ],
        [
          1551.0,
          717.0
        ],
        [
          1551.0,
          720.0
        ],
        [
          1550.0,
          721.0
        ],
        [
          1550.0,
          727.0
        ],
        [
          1551.0,
          728.0
        ],
        [
          1551.0,
          730.0
        ],
        [
          1552.0,
          731.0
        ],
        [
          1552.0,
          732.0
        ],
        [
          1555.0,
          735.0
        ],
        [
          1556.0,
          735.0
        ],
        [
          1560.0,
          739.0
        ],
        [
          1560.0,
          740.0
        ],
        [
          1562.0,
          742.0
        ],
        [
          1562.0,
          743.0
        ],
        [
          1564.0,
          745.0
        ],
        [
          1564.0,
          746.0
        ],
        [
          1567.0,
          749.0
        ],
        [
          1567.0,
          750.0
        ],
        [
          1569.0,
          752.0
        ],
        [
          1569.0,
          753.0
        ],
        [
          1574.0,
          758.0
        ],
        [
          1574.0,
          759.0
        ],
        [
          1575.0,
          760.0
        ],
        [
          1575.0,
          761.0
        ],
        [
          1576.0,
          762.0
        ],
        [
          1576.0,
          763.0
        ],
        [
          1577.0,
          764.0
        ],
        [
          1577.0,
          765.0
        ],
        [
          1578.0,
          766.0
        ],
        [
          1578.0,
          767.0
        ],
        [
          1584.0,
          773.0
        ],
        [
          1585.0,
          773.0
        ],
        [
          1591.0,
          779.0
        ],
        [
          1592.0,
          779.0
        ],
        [
          1594.0,
          781.0
        ],
        [
          1595.0,
          781.0
        ],
        [
          1598.0,
          784.0
        ],
        [
          1599.0,
          784.0
        ],
        [
          1601.0,
          786.0
        ],
        [
          1602.0,
          786.0
        ],
        [
          1607.0,
          791.0
        ],
        [
          1608.0,
          791.0
        ],
        [
          1609.0,
          792.0
        ],
        [
          1610.0,
          792.0
        ],
        [
          1611.0,
          793.0
        ],
        [
          1612.0,
          793.0
        ],
        [
          1614.0,
          795.0
        ],
        [
          1615.0,
          795.0
        ],
        [
          1616.0,
          796.0
        ],
        [
          1617.0,
          796.0
        ],
        [
          1618.0,
          797.0
        ],
        [
          1619.0,
          797.0
        ],
        [
          1621.0,
          799.0
        ],
        [
          1632.0,
          799.0
        ],
        [
          1632.0,
          798.0
        ],
        [
          1631.0,
          797.0
        ],
        [
          1630.0,
          797.0
        ],
        [
          1629.0,
          796.0
        ],
        [
          1628.0,
          796.0
        ],
        [
          1627.0,
          795.0
        ],
        [
          1626.0,
          795.0
        ],
        [
          1624.0,
          793.0
        ],
        [
          1624.0,
          792.0
        ],
        [
          1617.0,
          785.0
        ],
        [
          1617.0,
          784.0
        ],
        [
          1616.0,
          783.0
        ],
        [
          1616.0,
          778.0
        ],
        [
          1615.0,
          777.0
        ],
        [
          1615.0,
          771.0
        ],
        [
          1614.0,
          770.0
        ],
        [
          1614.0,
          767.0
        ],
        [
          1612.0,
          765.0
        ],
        [
          1612.0,
          764.0
        ],
        [
          1611.0,
          763.0
        ],
        [
          1611.0,
          762.0
        ],
        [
          1610.0,
          761.0
        ],
        [
          1610.0,
          760.0
        ],
        [
          1608.0,
          758.0
        ],
        [
          1608.0,
          757.0
        ],
        [
          1606.0,
          755.0
        ],
        [
          1606.0,
          754.0
        ],
        [
          1605.0,
          753.0
        ],
        [
          1605.0,
          752.0
        ],
        [
          1603.0,
          750.0
        ],
        [
          1603.0,
          749.0
        ],
        [
          1601.0,
          747.0
        ],
        [
          1601.0,
          746.0
        ],
        [
          1597.0,
          742.0
        ],
        [
          1597.0,
          741.0
        ],
        [
          1596.0,
          740.0
        ],
        [
          1596.0,
          739.0
        ],
        [
          1594.0,
          737.0
        ],
        [
          1594.0,
          736.0
        ],
        [
          1589.0,
          731.0
        ],
        [
          1589.0,
          730.0
        ],
        [
          1586.0,
          727.0
        ],
        [
          1586.0,
          726.0
        ],
        [
          1579.0,
          719.0
        ],
        [
          1579.0,
          718.0
        ],
        [
          1575.0,
          714.0
        ],
        [
          1574.0,
          714.0
        ],
        [
          1572.0,
          712.0
        ],
        [
          1571.0,
          712.0
        ],
        [
          1569.0,
          710.0
        ],
        [
          1568.0,
          710.0
        ],
        [
          1565.0,
          707.0
        ],
        [
          1564.0,
          707.0
        ],
        [
          1563.0,
          706.0
        ],
        [
          1557.0,
          706.0
        ],
        [
          1556.0,
          707.0
        ]
      ],
      "group_id": null,
      "description": "",
      "difficult": false,
      "shape_type": "polygon",
      "flags": {},
      "attributes": {},
      "kie_linking": []
    },
    {
      "label": "fish",
      "score": null,
      "points": [
        [
          1747.0,
          819.0
        ],
        [
          1746.0,
          819.0
        ],
        [
          1745.0,
          818.0
        ],
        [
          1741.0,
          818.0
        ],
        [
          1740.0,
          817.0
        ],
        [
          1731.0,
          817.0
        ],
        [
          1730.0,
          816.0
        ],
        [
          1726.0,
          816.0
        ],
        [
          1725.0,
          817.0
        ],
        [
          1721.0,
          817.0
        ],
        [
          1712.0,
          826.0
        ],
        [
          1711.0,
          826.0
        ],
        [
          1708.0,
          829.0
        ],
        [
          1707.0,
          829.0
        ],
        [
          1706.0,
          830.0
        ],
        [
          1705.0,
          830.0
        ],
        [
          1704.0,
          831.0
        ],
        [
          1703.0,
          831.0
        ],
        [
          1702.0,
          832.0
        ],
        [
          1701.0,
          832.0
        ],
        [
          1700.0,
          833.0
        ],
        [
          1699.0,
          833.0
        ],
        [
          1698.0,
          834.0
        ],
        [
          1695.0,
          835.0
        ],
        [
          1691.0,
          839.0
        ],
        [
          1690.0,
          839.0
        ],
        [
          1688.0,
          841.0
        ],
        [
          1687.0,
          841.0
        ],
        [
          1682.0,
          846.0
        ],
        [
          1681.0,
          846.0
        ],
        [
          1679.0,
          848.0
        ],
        [
          1676.0,
          849.0
        ],
        [
          1672.0,
          853.0
        ],
        [
          1671.0,
          853.0
        ],
        [
          1669.0,
          855.0
        ],
        [
          1666.0,
          856.0
        ],
        [
          1663.0,
          859.0
        ],
        [
          1662.0,
          859.0
        ],
        [
          1658.0,
          863.0
        ],
        [
          1657.0,
          863.0
        ],
        [
          1654.0,
          866.0
        ],
        [
          1653.0,
          866.0
        ],
        [
          1650.0,
          869.0
        ],
        [
          1649.0,
          869.0
        ],
        [
          1643.0,
          875.0
        ],
        [
          1643.0,
          876.0
        ],
        [
          1639.0,
          880.0
        ],
        [
          1639.0,
          881.0
        ],
        [
          1637.0,
          884.0
        ],
        [
          1637.0,
          886.0
        ],
        [
          1636.0,
          887.0
        ],
        [
          1636.0,
          893.0
        ],
        [
          1635.0,
          894.0
        ],
        [
          1635.0,
          900.0
        ],
        [
          1634.0,
          901.0
        ],
        [
          1634.0,
          903.0
        ],
        [
          1635.0,
          904.0
        ],
        [
          1635.0,
          905.0
        ],
        [
          1636.0,
          906.0
        ],
        [
          1639.0,
          906.0
        ],
        [
          1643.0,
          902.0
        ],
        [
          1643.0,
          901.0
        ],
        [
          1645.0,
          899.0
        ],
        [
          1645.0,
          898.0
        ],
        [
          1648.0,
          895.0
        ],
        [
          1648.0,
          894.0
        ],
        [
          1653.0,
          890.0
        ],
        [
          1654.0,
          890.0
        ],
        [
          1655.0,
          889.0
        ],
        [
          1657.0,
          889.0
        ],
        [
          1660.0,
          887.0
        ],
        [
          1662.0,
          887.0
        ],
        [
          1663.0,
          886.0
        ],
        [
          1665.0,
          886.0
        ],
        [
          1666.0,
          885.0
        ],
        [
          1668.0,
          885.0
        ],
        [
          1669.0,
          884.0
        ],
        [
          1670.0,
          884.0
        ],
        [
          1671.0,
          883.0
        ],
        [
          1672.0,
          883.0
        ],
        [
          1675.0,
          881.0
        ],
        [
          1677.0,
          881.0
        ],
        [
          1678.0,
          880.0
        ],
        [
          1681.0,
          880.0
        ],
        [
          1682.0,
          879.0
        ],
        [
          1685.0,
          879.0
        ],
        [
          1686.0,
          878.0
        ],
        [
          1690.0,
          878.0
        ],
        [
          1691.0,
          877.0
        ],
        [
          1693.0,
          877.0
        ],
        [
          1696.0,
          875.0
        ],
        [
          1698.0,
          875.0
        ],
        [
          1699.0,
          874.0
        ],
        [
          1702.0,
          873.0
        ],
        [
          1705.0,
          870.0
        ],
        [
          1706.0,
          870.0
        ],
        [
          1707.0,
          869.0
        ],
        [
          1710.0,
          868.0
        ],
        [
          1712.0,
          866.0
        ],
        [
          1713.0,
          866.0
        ],
        [
          1714.0,
          865.0
        ],
        [
          1714.0,
          864.0
        ],
        [
          1737.0,
          841.0
        ],
        [
          1737.0,
          840.0
        ],
        [
          1738.0,
          839.0
        ],
        [
          1739.0,
          836.0
        ],
        [
          1742.0,
          833.0
        ],
        [
          1742.0,
          832.0
        ],
        [
          1744.0,
          830.0
        ],
        [
          1744.0,
          829.0
        ],
        [
          1746.0,
          826.0
        ],
        [
          1746.0,
          824.0
        ],
        [
          1747.0,
          823.0
        ]
      ],
      "group_id": null,
      "description": "",
      "difficult": false,
      "shape_type": "polygon",
      "flags": {},
      "attributes": {},
      "kie_linking": []
    },
    {
      "label": "fish",
      "score": null,
      "points": [
        [
          1149.0,
          832.0
        ],
        [
          1147.0,
          834.0
        ],
        [
          1147.0,
          838.0
        ],
        [
          1148.0,
          839.0
        ],
        [
          1148.0,
          843.0
        ],
        [
          1149.0,
          844.0
        ],
        [
          1149.0,
          846.0
        ],
        [
          1150.0,
          847.0
        ],
        [
          1150.0,
          848.0
        ],
        [
          1151.0,
          849.0
        ],
        [
          1151.0,
          850.0
        ],
        [
          1154.0,
          853.0
        ],
        [
          1154.0,
          854.0
        ],
        [
          1162.0,
          862.0
        ],
        [
          1162.0,
          863.0
        ],
        [
          1163.0,
          864.0
        ],
        [
          1163.0,
          865.0
        ],
        [
          1168.0,
          870.0
        ],
        [
          1168.0,
          871.0
        ],
        [
          1170.0,
          873.0
        ],
        [
          1170.0,
          874.0
        ],
        [
          1171.0,
          875.0
        ],
        [
          1171.0,
          877.0
        ],
        [
          1172.0,
          878.0
        ],
        [
          1172.0,
          879.0
        ],
        [
          1173.0,
          880.0
        ],
        [
          1173.0,
          881.0
        ],
        [
          1175.0,
          883.0
        ],
        [
          1175.0,
          884.0
        ],
        [
          1177.0,
          887.0
        ],
        [
          1177.0,
          889.0
        ],
        [
          1178.0,
          890.0
        ],
        [
          1178.0,
          892.0
        ],
        [
          1180.0,
          895.0
        ],
        [
          1180.0,
          897.0
        ],
        [
          1181.0,
          898.0
        ],
        [
          1181.0,
          900.0
        ],
        [
          1182.0,
          901.0
        ],
        [
          1182.0,
          903.0
        ],
        [
          1183.0,
          904.0
        ],
        [
          1183.0,
          905.0
        ],
        [
          1185.0,
          908.0
        ],
        [
          1185.0,
          910.0
        ],
        [
          1186.0,
          911.0
        ],
        [
          1186.0,
          913.0
        ],
        [
          1187.0,
          914.0
        ],
        [
          1187.0,
          916.0
        ],
        [
          1188.0,
          917.0
        ],
        [
          1188.0,
          919.0
        ],
        [
          1189.0,
          920.0
        ],
        [
          1189.0,
          921.0
        ],
        [
          1190.0,
          922.0
        ],
        [
          1190.0,
          923.0
        ],
        [
          1191.0,
          924.0
        ],
        [
          1191.0,
          925.0
        ],
        [
          1192.0,
          926.0
        ],
        [
          1192.0,
          927.0
        ],
        [
          1193.0,
          928.0
        ],
        [
          1193.0,
          929.0
        ],
        [
          1194.0,
          930.0
        ],
        [
          1194.0,
          931.0
        ],
        [
          1195.0,
          932.0
        ],
        [
          1195.0,
          933.0
        ],
        [
          1196.0,
          934.0
        ],
        [
          1196.0,
          935.0
        ],
        [
          1197.0,
          936.0
        ],
        [
          1197.0,
          937.0
        ],
        [
          1199.0,
          939.0
        ],
        [
          1200.0,
          939.0
        ],
        [
          1201.0,
          940.0
        ],
        [
          1216.0,
          940.0
        ],
        [
          1217.0,
          939.0
        ],
        [
          1219.0,
          939.0
        ],
        [
          1221.0,
          937.0
        ],
        [
          1221.0,
          935.0
        ],
        [
          1222.0,
          934.0
        ],
        [
          1222.0,
          932.0
        ],
        [
          1221.0,
          931.0
        ],
        [
          1221.0,
          926.0
        ],
        [
          1220.0,
          925.0
        ],
        [
          1220.0,
          924.0
        ],
        [
          1207.0,
          911.0
        ],
        [
          1207.0,
          910.0
        ],
        [
          1205.0,
          908.0
        ],
        [
          1205.0,
          907.0
        ],
        [
          1204.0,
          906.0
        ],
        [
          1204.0,
          905.0
        ],
        [
          1203.0,
          904.0
        ],
        [
          1203.0,
          903.0
        ],
        [
          1202.0,
          902.0
        ],
        [
          1202.0,
          901.0
        ],
        [
          1200.0,
          899.0
        ],
        [
          1200.0,
          898.0
        ],
        [
          1198.0,
          896.0
        ],
        [
          1198.0,
          895.0
        ],
        [
          1195.0,
          892.0
        ],
        [
          1195.0,
          891.0
        ],
        [
          1192.0,
          888.0
        ],
        [
          1192.0,
          887.0
        ],
        [
          1189.0,
          884.0
        ],
        [
          1189.0,
          883.0
        ],
        [
          1186.0,
          880.0
        ],
        [
          1186.0,
          879.0
        ],
        [
          1184.0,
          877.0
        ],
        [
          1184.0,
          876.0
        ],
        [
          1183.0,
          875.0
        ],
        [
          1183.0,
          874.0
        ],
        [
          1181.0,
          872.0
        ],
        [
          1181.0,
          871.0
        ],
        [
          1178.0,
          868.0
        ],
        [
          1178.0,
          867.0
        ],
        [
          1176.0,
          865.0
        ],
        [
          1176.0,
          864.0
        ],
        [
          1168.0,
          856.0
        ],
        [
          1168.0,
          855.0
        ],
        [
          1167.0,
          854.0
        ],
        [
          1167.0,
          853.0
        ],
        [
          1160.0,
          846.0
        ],
        [
          1160.0,
          845.0
        ],
        [
          1155.0,
          840.0
        ],
        [
          1155.0,
          839.0
        ],
        [
          1154.0,
          838.0
        ],
        [
          1154.0,
          837.0
        ],
        [
          1153.0,
          836.0
        ],
        [
          1153.0,
          835.0
        ],
        [
          1152.0,
          834.0
        ],
        [
          1152.0,
          833.0
        ],
        [
          1151.0,
          832.0
        ]
      ],
      "group_id": null,
      "description": "",
      "difficult": false,
      "shape_type": "polygon",
      "flags": {},
      "attributes": {},
      "kie_linking": []
    }
  ],
  "imagePath": "frame_000039.jpg",
  "imageData": null,
  "imageHeight": 1080,
  "imageWidth": 1920
}