{
  "version": "3.1.1",
  "flags": {},
  "shapes": [
    {
      "label": "fish",
      "score": null,
      "points": [
        [
          1616.0,
          527.0
        ],
        [
          1607.0,
          527.0
        ],
        [
          1604.0,
          529.0
        ],
        [
          1602.0,
          529.0
        ],
        [
          1601.0,
          530.0
        ],
        [
          1599.0,
          530.0
        ],
        [
          1596.0,
          532.0
        ],
        [
          1594.0,
          532.0
        ],
        [
          1592.0,
          534.0
        ],
        [
          1591.0,
          534.0
        ],
        [
          1587.0,
          538.0
        ],
        [
          1586.0,
          538.0
        ],
        [
          1585.0,
          539.0
        ],
        [
          1584.0,
          539.0
        ],
        [
          1583.0,
          540.0
        ],
        [
          1582.0,
          540.0
        ],
        [
          1581.0,
          541.0
        ],
        [
          1580.0,
          541.0
        ],
        [
          1577.0,
          543.0
        ],
        [
          1575.0,
          543.0
        ],
        [
          1574.0,
          544.0
        ],
        [
          1573.0,
          544.0
        ],
        [
          1572.0,
          545.0
        ],
        [
          1571.0,
          545.0
        ],
        [
          1570.0,
          546.0
        ],
        [
          1569.0,
          546.0
        ],
        [
          1566.0,
          548.0
        ],
        [
          1564.0,
          548.0
        ],
        [
          1563.0,
          549.0
        ],
        [
          1560.0,
          550.0
        ],
        [
          1558.0,
          552.0
        ],
        [
          1557.0,
          552.0
        ],
        [
          1556.0,
          553.0
        ],
        [
          1555.0,
          553.0
        ],
        [
          1552.0,
          555.0
        ],
        [
          1550.0,
          555.0
        ],
        [
          1549.0,
          556.0
        ],
        [
          1547.0,
          556.0
        ],
        [
          1546.0,
          557.0
        ],
        [
          1543.0,
          557.0
        ],
        [
          1542.0,
          558.0
        ],
        [
          1541.0,
          558.0
        ],
        [
          1540.0,
          559.0
        ],
        [
          1539.0,
          559.0
        ],
        [
          1538.0,
          560.0
        ],
        [
          1537.0,
          560.0
        ],
        [
          1536.0,
          561.0
        ],
        [
          1535.0,
          561.0
        ],
        [
          1532.0,
          563.0
        ],
        [
          1530.0,
          563.0
        ],
        [
          1529.0,
          564.0
        ],
        [
          1528.0,
          564.0
        ],
        [
          1526.0,
          566.0
        ],
        [
          1525.0,
          566.0
        ],
        [
          1524.0,
          567.0
        ],
        [
          1523.0,
          567.0
        ],
        [
          1522.0,
          568.0
        ],
        [
          1521.0,
          568.0
        ],
        [
          1518.0,
          570.0
        ],
        [
          1516.0,
          570.0
        ],
        [
          1515.0,
          571.0
        ],
        [
          1513.0,
          571.0
        ],
        [
          1512.0,
          572.0
        ],
        [
          1509.0,
          572.0
        ],
        [
          1508.0,
          573.0
        ],
        [
          1506.0,
          573.0
        ],
        [
          1505.0,
          574.0
        ],
        [
          1503.0,
          574.0
        ],
        [
          1500.0,
          577.0
        ],
        [
          1499.0,
          577.0
        ],
        [
          1495.0,
          581.0
        ],
        [
          1495.0,
          582.0
        ],
        [
          1494.0,
          583.0
        ],
        [
          1494.0,
          584.0
        ],
        [
          1493.0,
          585.0
        ],
        [
          1493.0,
          586.0
        ],
        [
          1491.0,
          589.0
        ],
        [
          1491.0,
          591.0
        ],
        [
          1490.0,
          592.0
        ],
        [
          1490.0,
          597.0
        ],
        [
          1492.0,
          599.0
        ],
        [
          1493.0,
          599.0
        ],
        [
          1494.0,
          600.0
        ],
        [
          1509.0,
          600.0
        ],
        [
          1510.0,
          599.0
        ],
        [
          1515.0,
          599.0
        ],
        [
          1516.0,
          598.0
        ],
        [
          1519.0,
          598.0
        ],
        [
          1520.0,
          597.0
        ],
        [
          1522.0,
          597.0
        ],
        [
          1523.0,
          596.0
        ],
        [
          1525.0,
          596.0
        ],
        [
          1526.0,
          595.0
        ],
        [
          1528.0,
          595.0
        ],
        [
          1529.0,
          594.0
        ],
        [
          1531.0,
          594.0
        ],
        [
          1532.0,
          593.0
        ],
        [
          1534.0,
          593.0
        ],
        [
          1535.0,
          592.0
        ],
        [
          1537.0,
          592.0
        ],
        [
          1538.0,
          591.0
        ],
        [
          1540.0,
          591.0
        ],
        [
          1541.0,
          590.0
        ],
        [
          1543.0,
          590.0
        ],
        [
          1544.0,
          589.0
        ],
        [
          1546.0,
          589.0
        ],
        [
          1547.0,
          588.0
        ],
        [
          1548.0,
          588.0
        ],
        [
          1553.0,
          584.0
        ],
        [
          1554.0,
          584.0
        ],
        [
          1555.0,
          583.0
        ],
        [
          1556.0,
          583.0
        ],
        [
          1557.0,
          582.0
        ],
        [
          1560.0,
          581.0
        ],
        [
          1563.0,
          578.0
        ],
        [
          1564.0,
          578.0
        ],
        [
          1564.0,
          577.0
        ],
        [
          1569.0,
          572.0
        ],
        [
          1570.0,
          572.0
        ],
        [
          1571.0,
          571.0
        ],
        [
          1571.0,
          570.0
        ],
        [
          1585.0,
          556.0
        ],
        [
          1586.0,
          556.0
        ],
        [
          1590.0,
          552.0
        ],
        [
          1591.0,
          552.0
        ],
        [
          1596.0,
          547.0
        ],
        [
          1596.0,
          546.0
        ],
        [
          1599.0,
          543.0
        ],
        [
          1599.0,
          542.0
        ],
        [
          1601.0,
          540.0
        ],
        [
          1602.0,
          540.0
        ],
        [
          1605.0,
          537.0
        ],
        [
          1605.0,
          536.0
        ],
        [
          1609.0,
          531.0
        ],
        [
          1610.0,
          531.0
        ],
        [
          1611.0,
          530.0
        ],
        [
          1613.0,
          530.0
        ],
        [
          1614.0,
          529.0
        ],
        [
          1616.0,
          529.0
        ]
      ],
      "group_id": null,
      "description": "",
      "difficult": false,
      "shape_type": "polygon",
      "flags": {},
      "attributes": {},
      "kie_linking": []
    },
    {
      "label": "fish",
      "score": null,
      "points": [
        [
          1669.0,
          739.0
        ],
        [
          1666.0,
          736.0
        ],
        [
          1664.0,
          736.0
        ],
        [
          1663.0,
          735.0
        ],
        [
          1657.0,
          735.0
        ],
        [
          1656.0,
          736.0
        ],
        [
          1653.0,
          736.0
        ],
        [
          1652.0,
          737.0
        ],
        [
          1651.0,
          737.0
        ],
        [
          1650.0,
          736.0
        ],
        [
          1645.0,
          736.0
        ],
        [
          1644.0,
          737.0
        ],
        [
          1643.0,
          737.0
        ],
        [
          1640.0,
          740.0
        ],
        [
          1639.0,
          740.0
        ],
        [
          1635.0,
          744.0
        ],
        [
          1634.0,
          744.0
        ],
        [
          1628.0,
          750.0
        ],
        [
          1627.0,
          750.0
        ],
        [
          1625.0,
          752.0
        ],
        [
          1624.0,
          752.0
        ],
        [
          1622.0,
          754.0
        ],
        [
          1621.0,
          754.0
        ],
        [
          1619.0,
          756.0
        ],
        [
          1617.0,
          756.0
        ],
        [
          1616.0,
          757.0
        ],
        [
          1615.0,
          757.0
        ],
        [
          1614.0,
          758.0
        ],
        [
          1613.0,
          758.0
        ],
        [
          1612.0,
          759.0
        ],
        [
          1611.0,
          759.0
        ],
        [
          1606.0,
          764.0
        ],
        [
          1606.0,
          765.0
        ],
        [
          1603.0,
          768.0
        ],
        [
          1603.0,
          769.0
        ],
        [
          1599.0,
          773.0
        ],
        [
          1599.0,
          774.0
        ],
        [
          1598.0,
          775.0
        ],
        [
          1598.0,
          776.0
        ],
        [
          1597.0,
          777.0
        ],
        [
          1597.0,
          779.0
        ],
        [
          1596.0,
          780.0
        ],
        [
          1596.0,
          781.0
        ],
        [
          1594.0,
          783.0
        ],
        [
          1594.0,
          784.0
        ],
        [
          1592.0,
          786.0
        ],
        [
          1592.0,
          787.0
        ],
        [
          1589.0,
          790.0
        ],
        [
          1589.0,
          809.0
        ],
        [
          1590.0,
          810.0
        ],
        [
          1590.0,
          811.0
        ],
        [
          1591.0,
          812.0
        ],
        [
          1592.0,
          812.0
        ],
        [
          1593.0,
          813.0
        ],
        [
          1598.0,
          813.0
        ],
        [
          1599.0,
          814.0
        ],
        [
          1600.0,
          813.0
        ],
        [
          1601.0,
          813.0
        ],
        [
          1603.0,
          811.0
        ],
        [
          1604.0,
          811.0
        ],
        [
          1605.0,
          810.0
        ],
        [
          1606.0,
          810.0
        ],
        [
          1607.0,
          809.0
        ],
        [
          1608.0,
          809.0
        ],
        [
          1609.0,
          808.0
        ],
        [
          1610.0,
          808.0
        ],
        [
          1611.0,
          807.0
        ],
        [
          1612.0,
          807.0
        ],
        [
          1613.0,
          806.0
        ],
        [
          1614.0,
          806.0
        ],
        [
          1615.0,
          805.0
        ],
        [
          1616.0,
          805.0
        ],
        [
          1619.0,
          802.0
        ],
        [
          1621.0,
          802.0
        ],
        [
          1622.0,
          801.0
        ],
        [
          1623.0,
          801.0
        ],
        [
          1624.0,
          800.0
        ],
        [
          1625.0,
          800.0
        ],
        [
          1627.0,
          798.0
        ],
        [
          1628.0,
          798.0
        ],
        [
          1629.0,
          797.0
        ],
        [
          1630.0,
          797.0
        ],
        [
          1636.0,
          791.0
        ],
        [
          1636.0,
          790.0
        ],
        [
          1639.0,
          787.0
        ],
        [
          1639.0,
          786.0
        ],
        [
          1643.0,
          782.0
        ],
        [
          1643.0,
          781.0
        ],
        [
          1655.0,
          769.0
        ],
        [
          1655.0,
          768.0
        ],
        [
          1656.0,
          767.0
        ],
        [
          1656.0,
          766.0
        ],
        [
          1659.0,
          763.0
        ],
        [
          1659.0,
          762.0
        ],
        [
          1661.0,
          760.0
        ],
        [
          1661.0,
          759.0
        ],
        [
          1662.0,
          758.0
        ],
        [
          1662.0,
          757.0
        ],
        [
          1664.0,
          755.0
        ],
        [
          1664.0,
          754.0
        ],
        [
          1666.0,
          752.0
        ],
        [
          1666.0,
          751.0
        ],
        [
          1667.0,
          750.0
        ],
        [
          1667.0,
          749.0
        ],
        [
          1668.0,
          748.0
        ],
        [
          1668.0,
          746.0
        ],
        [
          1669.0,
          745.0
        ]
      ],
      "group_id": null,
      "description": "",
      "difficult": false,
      "shape_type": "polygon",
      "flags": {},
      "attributes": {},
      "kie_linking": []
    },
    {
      "label": "fish",
      "score": null,
      "points": [
        [
          1565.0,
          823.0
        ],
        [
          1562.0,
          823.0
        ],
        [
          1557.0,
          828.0
        ],
        [
          1556.0,
          828.0
        ],
        [
          1555.0,
          829.0
        ],
        [
          1554.0,
          829.0
        ],
        [
          1549.0,
          834.0
        ],
        [
          1548.0,
          834.0
        ],
        [
          1547.0,
          835.0
        ],
        [
          1544.0,
          835.0
        ],
        [
          1543.0,
          836.0
        ],
        [
          1541.0,
          836.0
        ],
        [
          1539.0,
          838.0
        ],
        [
          1539.0,
          839.0
        ],
        [
          1538.0,
          840.0
        ],
        [
          1538.0,
          841.0
        ],
        [
          1536.0,
          843.0
        ],
        [
          1536.0,
          844.0
        ],
        [
          1534.0,
          846.0
        ],
        [
          1533.0,
          846.0
        ],
        [
          1526.0,
          853.0
        ],
        [
          1526.0,
          854.0
        ],
        [
          1525.0,
          855.0
        ],
        [
          1525.0,
          856.0
        ],
        [
          1523.0,
          859.0
        ],
        [
          1523.0,
          861.0
        ],
        [
          1519.0,
          867.0
        ],
        [
          1519.0,
          869.0
        ],
        [
          1517.0,
          872.0
        ],
        [
          1517.0,
          874.0
        ],
        [
          1516.0,
          875.0
        ],
        [
          1516.0,
          876.0
        ],
        [
          1515.0,
          877.0
        ],
        [
          1515.0,
          878.0
        ],
        [
          1514.0,
          879.0
        ],
        [
          1514.0,
          880.0
        ],
        [
          1513.0,
          881.0
        ],
        [
          1513.0,
          882.0
        ],
        [
          1511.0,
          885.0
        ],
        [
          1511.0,
          887.0
        ],
        [
          1509.0,
          890.0
        ],
        [
          1509.0,
          892.0
        ],
        [
          1508.0,
          893.0
        ],
        [
          1508.0,
          895.0
        ],
        [
          1507.0,
          896.0
        ],
        [
          1507.0,
          898.0
        ],
        [
          1506.0,
          899.0
        ],
        [
          1506.0,
          901.0
        ],
        [
          1505.0,
          902.0
        ],
        [
          1505.0,
          903.0
        ],
        [
          1504.0,
          904.0
        ],
        [
          1504.0,
          905.0
        ],
        [
          1503.0,
          906.0
        ],
        [
          1503.0,
          907.0
        ],
        [
          1502.0,
          908.0
        ],
        [
          1502.0,
          909.0
        ],
        [
          1500.0,
          912.0
        ],
        [
          1500.0,
          916.0
        ],
        [
          1499.0,
          917.0
        ],
        [
          1499.0,
          925.0
        ],
        [
          1500.0,
          926.0
        ],
        [
          1502.0,
          926.0
        ],
        [
          1503.0,
          927.0
        ],
        [
          1506.0,
          927.0
        ],
        [
          1507.0,
          926.0
        ],
        [
          1526.0,
          926.0
        ],
        [
          1527.0,
          925.0
        ],
        [
          1528.0,
          925.0
        ],
        [
          1529.0,
          924.0
        ],
        [
          1530.0,
          924.0
        ],
        [
          1533.0,
          921.0
        ],
        [
          1533.0,
          920.0
        ],
        [
          1534.0,
          919.0
        ],
        [
          1534.0,
          918.0
        ],
        [
          1535.0,
          917.0
        ],
        [
          1535.0,
          916.0
        ],
        [
          1536.0,
          915.0
        ],
        [
          1536.0,
          914.0
        ],
        [
          1540.0,
          910.0
        ],
        [
          1540.0,
          909.0
        ],
        [
          1542.0,
          907.0
        ],
        [
          1542.0,
          906.0
        ],
        [
          1543.0,
          905.0
        ],
        [
          1543.0,
          904.0
        ],
        [
          1551.0,
          896.0
        ],
        [
          1551.0,
          895.0
        ],
        [
          1552.0,
          894.0
        ],
        [
          1552.0,
          891.0
        ],
        [
          1553.0,
          890.0
        ],
        [
          1553.0,
          887.0
        ],
        [
          1554.0,
          886.0
        ],
        [
          1554.0,
          883.0
        ],
        [
          1555.0,
          882.0
        ],
        [
          1555.0,
          880.0
        ],
        [
          1556.0,
          879.0
        ],
        [
          1556.0,
          876.0
        ],
        [
          1557.0,
          875.0
        ],
        [
          1557.0,
          872.0
        ],
        [
          1558.0,
          871.0
        ],
        [
          1558.0,
          867.0
        ],
        [
          1559.0,
          866.0
        ],
        [
          1559.0,
          864.0
        ],
        [
          1560.0,
          863.0
        ],
        [
          1560.0,
          861.0
        ],
        [
          1561.0,
          860.0
        ],
        [
          1561.0,
          858.0
        ],
        [
          1562.0,
          857.0
        ],
        [
          1562.0,
          854.0
        ],
        [
          1563.0,
          853.0
        ],
        [
          1563.0,
          850.0
        ],
        [
          1564.0,
          849.0
        ],
        [
          1564.0,
          845.0
        ],
        [
          1565.0,
          844.0
        ],
        [
          1565.0,
          841.0
        ],
        [
          1566.0,
          840.0
        ],
        [
          1566.0,
          838.0
        ],
        [
          1568.0,
          835.0
        ],
        [
          1568.0,
          832.0
        ],
        [
          1570.0,
          829.0
        ],
        [
          1570.0,
          827.0
        ],
        [
          1569.0,
          826.0
        ],
        [
          1568.0,
          826.0
        ]
      ],
      "group_id": null,
      "description": "",
      "difficult": false,
      "shape_type": "polygon",
      "flags": {},
      "attributes": {},
      "kie_linking": []
    },
    {
      "label": "fish",
      "score": null,
      "points": [
        [
          1670.0,
          834.0
        ],
        [
          1668.0,
          834.0
        ],
        [
          1667.0,
          833.0
        ],
        [
          1665.0,
          833.0
        ],
        [
          1662.0,
          831.0
        ],
        [
          1660.0,
          831.0
        ],
        [
          1658.0,
          833.0
        ],
        [
          1657.0,
          833.0
        ],
        [
          1656.0,
          834.0
        ],
        [
          1655.0,
          834.0
        ],
        [
          1654.0,
          835.0
        ],
        [
          1653.0,
          835.0
        ],
        [
          1649.0,
          839.0
        ],
        [
          1648.0,
          839.0
        ],
        [
          1647.0,
          840.0
        ],
        [
          1646.0,
          840.0
        ],
        [
          1645.0,
          841.0
        ],
        [
          1644.0,
          841.0
        ],
        [
          1638.0,
          847.0
        ],
        [
          1636.0,
          847.0
        ],
        [
          1635.0,
          848.0
        ],
        [
          1631.0,
          848.0
        ],
        [
          1630.0,
          849.0
        ],
        [
          1629.0,
          849.0
        ],
        [
          1628.0,
          850.0
        ],
        [
          1627.0,
          850.0
        ],
        [
          1625.0,
          852.0
        ],
        [
          1624.0,
          852.0
        ],
        [
          1623.0,
          853.0
        ],
        [
          1622.0,
          853.0
        ],
        [
          1620.0,
          855.0
        ],
        [
          1619.0,
          855.0
        ],
        [
          1618.0,
          856.0
        ],
        [
          1617.0,
          856.0
        ],
        [
          1616.0,
          857.0
        ],
        [
          1615.0,
          857.0
        ],
        [
          1614.0,
          858.0
        ],
        [
          1614.0,
          859.0
        ],
        [
          1610.0,
          863.0
        ],
        [
          1609.0,
          863.0
        ],
        [
          1606.0,
          866.0
        ],
        [
          1606.0,
          867.0
        ],
        [
          1599.0,
          874.0
        ],
        [
          1599.0,
          875.0
        ],
        [
          1598.0,
          876.0
        ],
        [
          1598.0,
          877.0
        ],
        [
          1592.0,
          883.0
        ],
        [
          1592.0,
          884.0
        ],
        [
          1591.0,
          885.0
        ],
        [
          1591.0,
          886.0
        ],
        [
          1589.0,
          888.0
        ],
        [
          1589.0,
          889.0
        ],
        [
          1588.0,
          890.0
        ],
        [
          1587.0,
          890.0
        ],
        [
          1583.0,
          894.0
        ],
        [
          1583.0,
          895.0
        ],
        [
          1582.0,
          896.0
        ],
        [
          1582.0,
          900.0
        ],
        [
          1581.0,
          901.0
        ],
        [
          1581.0,
          904.0
        ],
        [
          1580.0,
          905.0
        ],
        [
          1580.0,
          907.0
        ],
        [
          1579.0,
          908.0
        ],
        [
          1579.0,
          915.0
        ],
        [
          1580.0,
          916.0
        ],
        [
          1580.0,
          918.0
        ],
        [
          1581.0,
          919.0
        ],
        [
          1582.0,
          919.0
        ],
        [
          1585.0,
          921.0
        ],
        [
          1586.0,
          921.0
        ],
        [
          1587.0,
          920.0
        ],
        [
          1591.0,
          920.0
        ],
        [
          1592.0,
          919.0
        ],
        [
          1601.0,
          919.0
        ],
        [
          1602.0,
          918.0
        ],
        [
          1607.0,
          918.0
        ],
        [
          1608.0,
          917.0
        ],
        [
          1609.0,
          917.0
        ],
        [
          1609.0,
          916.0
        ],
        [
          1611.0,
          914.0
        ],
        [
          1612.0,
          914.0
        ],
        [
          1614.0,
          912.0
        ],
        [
          1615.0,
          912.0
        ],
        [
          1616.0,
          911.0
        ],
        [
          1617.0,
          911.0
        ],
        [
          1621.0,
          907.0
        ],
        [
          1622.0,
          907.0
        ],
        [
          1624.0,
          905.0
        ],
        [
          1624.0,
          904.0
        ],
        [
          1625.0,
          903.0
        ],
        [
          1625.0,
          902.0
        ],
        [
          1626.0,
          901.0
        ],
        [
          1626.0,
          900.0
        ],
        [
          1627.0,
          899.0
        ],
        [
          1627.0,
          898.0
        ],
        [
          1632.0,
          893.0
        ],
        [
          1632.0,
          892.0
        ],
        [
          1634.0,
          890.0
        ],
        [
          1634.0,
          889.0
        ],
        [
          1636.0,
          887.0
        ],
        [
          1636.0,
          886.0
        ],
        [
          1637.0,
          885.0
        ],
        [
          1637.0,
          884.0
        ],
        [
          1639.0,
          881.0
        ],
        [
          1639.0,
          878.0
        ],
        [
          1640.0,
          877.0
        ],
        [
          1640.0,
          875.0
        ],
        [
          1641.0,
          874.0
        ],
        [
          1641.0,
          873.0
        ],
        [
          1642.0,
          872.0
        ],
        [
          1642.0,
          871.0
        ],
        [
          1644.0,
          869.0
        ],
        [
          1644.0,
          868.0
        ],
        [
          1646.0,
          866.0
        ],
        [
          1646.0,
          865.0
        ],
        [
          1647.0,
          864.0
        ],
        [
          1647.0,
          863.0
        ],
        [
          1649.0,
          861.0
        ],
        [
          1649.0,
          860.0
        ],
        [
          1651.0,
          858.0
        ],
        [
          1651.0,
          857.0
        ],
        [
          1652.0,
          856.0
        ],
        [
          1652.0,
          855.0
        ],
        [
          1653.0,
          854.0
        ],
        [
          1653.0,
          853.0
        ],
        [
          1654.0,
          852.0
        ],
        [
          1654.0,
          851.0
        ],
        [
          1655.0,
          850.0
        ],
        [
          1655.0,
          849.0
        ],
        [
          1656.0,
          848.0
        ],
        [
          1656.0,
          847.0
        ],
        [
          1657.0,
          846.0
        ],
        [
          1657.0,
          845.0
        ],
        [
          1660.0,
          842.0
        ],
        [
          1660.0,
          841.0
        ],
        [
          1663.0,
          838.0
        ],
        [
          1664.0,
          838.0
        ],
        [
          1665.0,
          837.0
        ],
        [
          1666.0,
          837.0
        ],
        [
          1667.0,
          836.0
        ],
        [
          1668.0,
          836.0
        ],
        [
          1669.0,
          835.0
        ],
        [
          1670.0,
          835.0
        ]
      ],
      "group_id": null,
      "description": "",
      "difficult": false,
      "shape_type": "polygon",
      "flags": {},
      "attributes": {},
      "kie_linking": []
    }
  ],
  "imagePath": "frame_000026.jpg",
  "imageData": null,
  "imageHeight": 1080,
  "imageWidth": 1920
}