{
  "version": "3.1.1",
  "flags": {},
  "shapes": [
    {
      "label": "fish",
      "score": null,
      "points": [
        [
          1338.0,
          497.0
        ],
        [
          1340.0,
          497.0
        ],
        [
          1341.0,
          498.0
        ],
        [
          1346.0,
          498.0
        ],
        [
          1347.0,
          499.0
        ],
        [
          1350.0,
          499.0
        ],
        [
          1351.0,
          500.0
        ],
        [
          1353.0,
          500.0
        ],
        [
          1356.0,
          502.0
        ],
        [
          1358.0,
          502.0
        ],
        [
          1360.0,
          504.0
        ],
        [
          1361.0,
          504.0
        ],
        [
          1365.0,
          508.0
        ],
        [
          1366.0,
          508.0
        ],
        [
          1368.0,
          510.0
        ],
        [
          1369.0,
          510.0
        ],
        [
          1376.0,
          517.0
        ],
        [
          1377.0,
          517.0
        ],
        [
          1383.0,
          523.0
        ],
        [
          1383.0,
          524.0
        ],
        [
          1385.0,
          526.0
        ],
        [
          1385.0,
          527.0
        ],
        [
          1388.0,
          530.0
        ],
        [
          1388.0,
          531.0
        ],
        [
          1392.0,
          535.0
        ],
        [
          1392.0,
          536.0
        ],
        [
          1394.0,
          538.0
        ],
        [
          1394.0,
          539.0
        ],
        [
          1396.0,
          542.0
        ],
        [
          1396.0,
          544.0
        ],
        [
          1397.0,
          545.0
        ],
        [
          1397.0,
          546.0
        ],
        [
          1401.0,
          550.0
        ],
        [
          1401.0,
          551.0
        ],
        [
          1408.0,
          558.0
        ],
        [
          1408.0,
          559.0
        ],
        [
          1412.0,
          563.0
        ],
        [
          1412.0,
          564.0
        ],
        [
          1414.0,
          566.0
        ],
        [
          1414.0,
          567.0
        ],
        [
          1417.0,
          570.0
        ],
        [
          1418.0,
          570.0
        ],
        [
          1420.0,
          572.0
        ],
        [
          1421.0,
          572.0
        ],
        [
          1422.0,
          573.0
        ],
        [
          1423.0,
          573.0
        ],
        [
          1424.0,
          574.0
        ],
        [
          1425.0,
          574.0
        ],
        [
          1427.0,
          576.0
        ],
        [
          1428.0,
          576.0
        ],
        [
          1429.0,
          577.0
        ],
        [
          1430.0,
          577.0
        ],
        [
          1431.0,
          578.0
        ],
        [
          1432.0,
          578.0
        ],
        [
          1435.0,
          580.0
        ],
        [
          1436.0,
          580.0
        ],
        [
          1437.0,
          579.0
        ],
        [
          1438.0,
          579.0
        ],
        [
          1439.0,
          578.0
        ],
        [
          1440.0,
          578.0
        ],
        [
          1440.0,
          577.0
        ],
        [
          1442.0,
          574.0
        ],
        [
          1442.0,
          570.0
        ],
        [
          1441.0,
          569.0
        ],
        [
          1441.0,
          567.0
        ],
        [
          1440.0,
          566.0
        ],
        [
          1440.0,
          564.0
        ],
        [
          1439.0,
          563.0
        ],
        [
          1439.0,
          561.0
        ],
        [
          1438.0,
          560.0
        ],
        [
          1438.0,
          558.0
        ],
        [
          1437.0,
          557.0
        ],
        [
          1437.0,
          555.0
        ],
        [
          1436.0,
          554.0
        ],
        [
          1436.0,
          553.0
        ],
        [
          1435.0,
          552.0
        ],
        [
          1435.0,
          551.0
        ],
        [
          1434.0,
          550.0
        ],
        [
          1434.0,
          549.0
        ],
        [
          1433.0,
          548.0
        ],
        [
          1433.0,
          547.0
        ],
        [
          1432.0,
          546.0
        ],
        [
          1432.0,
          545.0
        ],
        [
          1431.0,
          544.0
        ],
        [
          1431.0,
          543.0
        ],
        [
          1430.0,
          542.0
        ],
        [
          1430.0,
          541.0
        ],
        [
          1429.0,
          540.0
        ],
        [
          1429.0,
          539.0
        ],
        [
          1427.0,
          537.0
        ],
        [
          1427.0,
          536.0
        ],
        [
          1426.0,
          535.0
        ],
        [
          1426.0,
          534.0
        ],
        [
          1424.0,
          532.0
        ],
        [
          1424.0,
          531.0
        ],
        [
          1423.0,
          530.0
        ],
        [
          1423.0,
          529.0
        ],
        [
          1421.0,
          527.0
        ],
        [
          1421.0,
          526.0
        ],
        [
          1420.0,
          525.0
        ],
        [
          1420.0,
          524.0
        ],
        [
          1418.0,
          522.0
        ],
        [
          1418.0,
          521.0
        ],
        [
          1414.0,
          517.0
        ],
        [
          1413.0,
          517.0
        ],
        [
          1412.0,
          516.0
        ],
        [
          1410.0,
          516.0
        ],
        [
          1409.0,
          515.0
        ],
        [
          1407.0,
          515.0
        ],
        [
          1406.0,
          514.0
        ],
        [
          1405.0,
          514.0
        ],
        [
          1402.0,
          511.0
        ],
        [
          1401.0,
          511.0
        ],
        [
          1400.0,
          510.0
        ],
        [
          1399.0,
          510.0
        ],
        [
          1397.0,
          508.0
        ],
        [
          1396.0,
          508.0
        ],
        [
          1394.0,
          506.0
        ],
        [
          1393.0,
          506.0
        ],
        [
          1390.0,
          504.0
        ],
        [
          1388.0,
          504.0
        ],
        [
          1387.0,
          503.0
        ],
        [
          1386.0,
          503.0
        ],
        [
          1385.0,
          502.0
        ],
        [
          1384.0,
          502.0
        ],
        [
          1381.0,
          500.0
        ],
        [
          1379.0,
          500.0
        ],
        [
          1378.0,
          499.0
        ],
        [
          1376.0,
          499.0
        ],
        [
          1375.0,
          498.0
        ],
        [
          1374.0,
          498.0
        ],
        [
          1373.0,
          497.0
        ],
        [
          1372.0,
          497.0
        ],
        [
          1369.0,
          495.0
        ],
        [
          1366.0,
          495.0
        ],
        [
          1365.0,
          494.0
        ],
        [
          1362.0,
          494.0
        ],
        [
          1361.0,
          493.0
        ],
        [
          1357.0,
          493.0
        ],
        [
          1356.0,
          494.0
        ],
        [
          1349.0,
          494.0
        ],
        [
          1348.0,
          495.0
        ],
        [
          1345.0,
          495.0
        ],
        [
          1344.0,
          496.0
        ],
        [
          1340.0,
          496.0
        ],
        [
          1339.0,
          497.0
        ]
      ],
      "group_id": null,
      "description": "",
      "difficult": false,
      "shape_type": "polygon",
      "flags": {},
      "attributes": {},
      "kie_linking": []
    },
    {
      "label": "fish",
      "score": null,
      "points": [
        [
          1531.0,
          320.0
        ],
        [
          1530.0,
          321.0
        ],
        [
          1530.0,
          326.0
        ],
        [
          1535.0,
          331.0
        ],
        [
          1535.0,
          332.0
        ],
        [
          1537.0,
          334.0
        ],
        [
          1538.0,
          334.0
        ],
        [
          1546.0,
          342.0
        ],
        [
          1547.0,
          342.0
        ],
        [
          1550.0,
          345.0
        ],
        [
          1551.0,
          345.0
        ],
        [
          1556.0,
          350.0
        ],
        [
          1559.0,
          351.0
        ],
        [
          1562.0,
          354.0
        ],
        [
          1563.0,
          354.0
        ],
        [
          1564.0,
          355.0
        ],
        [
          1565.0,
          354.0
        ],
        [
          1570.0,
          354.0
        ],
        [
          1572.0,
          356.0
        ],
        [
          1572.0,
          357.0
        ],
        [
          1573.0,
          358.0
        ],
        [
          1573.0,
          359.0
        ],
        [
          1574.0,
          360.0
        ],
        [
          1575.0,
          363.0
        ],
        [
          1577.0,
          365.0
        ],
        [
          1577.0,
          366.0
        ],
        [
          1580.0,
          371.0
        ],
        [
          1580.0,
          373.0
        ],
        [
          1581.0,
          374.0
        ],
        [
          1581.0,
          375.0
        ],
        [
          1582.0,
          376.0
        ],
        [
          1583.0,
          379.0
        ],
        [
          1585.0,
          381.0
        ],
        [
          1585.0,
          382.0
        ],
        [
          1589.0,
          387.0
        ],
        [
          1589.0,
          388.0
        ],
        [
          1590.0,
          389.0
        ],
        [
          1591.0,
          392.0
        ],
        [
          1595.0,
          396.0
        ],
        [
          1595.0,
          397.0
        ],
        [
          1598.0,
          400.0
        ],
        [
          1599.0,
          403.0
        ],
        [
          1601.0,
          405.0
        ],
        [
          1601.0,
          406.0
        ],
        [
          1603.0,
          408.0
        ],
        [
          1604.0,
          411.0
        ],
        [
          1606.0,
          413.0
        ],
        [
          1606.0,
          414.0
        ],
        [
          1610.0,
          419.0
        ],
        [
          1611.0,
          422.0
        ],
        [
          1613.0,
          424.0
        ],
        [
          1614.0,
          424.0
        ],
        [
          1617.0,
          426.0
        ],
        [
          1620.0,
          426.0
        ],
        [
          1621.0,
          427.0
        ],
        [
          1623.0,
          427.0
        ],
        [
          1628.0,
          430.0
        ],
        [
          1634.0,
          430.0
        ],
        [
          1635.0,
          429.0
        ],
        [
          1636.0,
          429.0
        ],
        [
          1638.0,
          427.0
        ],
        [
          1638.0,
          426.0
        ],
        [
          1639.0,
          425.0
        ],
        [
          1639.0,
          420.0
        ],
        [
          1638.0,
          419.0
        ],
        [
          1638.0,
          417.0
        ],
        [
          1637.0,
          416.0
        ],
        [
          1637.0,
          414.0
        ],
        [
          1636.0,
          413.0
        ],
        [
          1636.0,
          409.0
        ],
        [
          1635.0,
          408.0
        ],
        [
          1635.0,
          406.0
        ],
        [
          1634.0,
          405.0
        ],
        [
          1634.0,
          402.0
        ],
        [
          1633.0,
          401.0
        ],
        [
          1633.0,
          400.0
        ],
        [
          1632.0,
          399.0
        ],
        [
          1632.0,
          398.0
        ],
        [
          1631.0,
          397.0
        ],
        [
          1630.0,
          394.0
        ],
        [
          1628.0,
          392.0
        ],
        [
          1628.0,
          391.0
        ],
        [
          1626.0,
          389.0
        ],
        [
          1626.0,
          388.0
        ],
        [
          1623.0,
          385.0
        ],
        [
          1623.0,
          384.0
        ],
        [
          1619.0,
          380.0
        ],
        [
          1619.0,
          379.0
        ],
        [
          1618.0,
          378.0
        ],
        [
          1617.0,
          375.0
        ],
        [
          1611.0,
          368.0
        ],
        [
          1611.0,
          367.0
        ],
        [
          1609.0,
          365.0
        ],
        [
          1608.0,
          362.0
        ],
        [
          1603.0,
          357.0
        ],
        [
          1603.0,
          356.0
        ],
        [
          1602.0,
          356.0
        ],
        [
          1597.0,
          352.0
        ],
        [
          1596.0,
          352.0
        ],
        [
          1593.0,
          350.0
        ],
        [
          1591.0,
          350.0
        ],
        [
          1590.0,
          349.0
        ],
        [
          1589.0,
          349.0
        ],
        [
          1587.0,
          347.0
        ],
        [
          1586.0,
          347.0
        ],
        [
          1585.0,
          346.0
        ],
        [
          1582.0,
          345.0
        ],
        [
          1580.0,
          343.0
        ],
        [
          1579.0,
          343.0
        ],
        [
          1576.0,
          341.0
        ],
        [
          1574.0,
          341.0
        ],
        [
          1573.0,
          340.0
        ],
        [
          1572.0,
          340.0
        ],
        [
          1571.0,
          339.0
        ],
        [
          1570.0,
          339.0
        ],
        [
          1569.0,
          338.0
        ],
        [
          1566.0,
          337.0
        ],
        [
          1564.0,
          335.0
        ],
        [
          1564.0,
          334.0
        ],
        [
          1563.0,
          334.0
        ],
        [
          1561.0,
          332.0
        ],
        [
          1560.0,
          332.0
        ],
        [
          1555.0,
          329.0
        ],
        [
          1553.0,
          329.0
        ],
        [
          1548.0,
          326.0
        ],
        [
          1546.0,
          326.0
        ],
        [
          1543.0,
          324.0
        ],
        [
          1540.0,
          324.0
        ],
        [
          1539.0,
          323.0
        ],
        [
          1537.0,
          323.0
        ],
        [
          1536.0,
          322.0
        ],
        [
          1535.0,
          322.0
        ],
        [
          1534.0,
          321.0
        ]
      ],
      "group_id": null,
      "description": "",
      "difficult": false,
      "shape_type": "polygon",
      "flags": {},
      "attributes": {},
      "kie_linking": []
    },
    {
      "label": "fish",
      "score": null,
      "points": [
        [
          1706.0,
          493.0
        ],
        [
          1704.0,
          493.0
        ],
        [
          1702.0,
          495.0
        ],
        [
          1702.0,
          496.0
        ],
        [
          1701.0,
          497.0
        ],
        [
          1701.0,
          499.0
        ],
        [
          1699.0,
          502.0
        ],
        [
          1699.0,
          504.0
        ],
        [
          1698.0,
          505.0
        ],
        [
          1698.0,
          507.0
        ],
        [
          1697.0,
          508.0
        ],
        [
          1697.0,
          510.0
        ],
        [
          1696.0,
          511.0
        ],
        [
          1696.0,
          515.0
        ],
        [
          1695.0,
          516.0
        ],
        [
          1695.0,
          518.0
        ],
        [
          1694.0,
          519.0
        ],
        [
          1694.0,
          537.0
        ],
        [
          1693.0,
          538.0
        ],
        [
          1693.0,
          540.0
        ],
        [
          1692.0,
          541.0
        ],
        [
          1692.0,
          543.0
        ],
        [
          1691.0,
          544.0
        ],
        [
          1691.0,
          545.0
        ],
        [
          1690.0,
          546.0
        ],
        [
          1690.0,
          547.0
        ],
        [
          1688.0,
          549.0
        ],
        [
          1688.0,
          551.0
        ],
        [
          1687.0,
          552.0
        ],
        [
          1687.0,
          553.0
        ],
        [
          1685.0,
          556.0
        ],
        [
          1685.0,
          558.0
        ],
        [
          1683.0,
          560.0
        ],
        [
          1683.0,
          561.0
        ],
        [
          1681.0,
          563.0
        ],
        [
          1681.0,
          564.0
        ],
        [
          1680.0,
          565.0
        ],
        [
          1680.0,
          566.0
        ],
        [
          1676.0,
          570.0
        ],
        [
          1676.0,
          571.0
        ],
        [
          1674.0,
          574.0
        ],
        [
          1674.0,
          578.0
        ],
        [
          1673.0,
          579.0
        ],
        [
          1673.0,
          584.0
        ],
        [
          1672.0,
          585.0
        ],
        [
          1672.0,
          590.0
        ],
        [
          1671.0,
          591.0
        ],
        [
          1671.0,
          604.0
        ],
        [
          1673.0,
          607.0
        ],
        [
          1673.0,
          609.0
        ],
        [
          1674.0,
          610.0
        ],
        [
          1674.0,
          611.0
        ],
        [
          1675.0,
          612.0
        ],
        [
          1675.0,
          613.0
        ],
        [
          1676.0,
          614.0
        ],
        [
          1676.0,
          615.0
        ],
        [
          1678.0,
          617.0
        ],
        [
          1678.0,
          618.0
        ],
        [
          1681.0,
          621.0
        ],
        [
          1685.0,
          621.0
        ],
        [
          1686.0,
          620.0
        ],
        [
          1688.0,
          620.0
        ],
        [
          1692.0,
          616.0
        ],
        [
          1692.0,
          615.0
        ],
        [
          1694.0,
          613.0
        ],
        [
          1694.0,
          612.0
        ],
        [
          1697.0,
          609.0
        ],
        [
          1697.0,
          608.0
        ],
        [
          1698.0,
          607.0
        ],
        [
          1698.0,
          606.0
        ],
        [
          1699.0,
          605.0
        ],
        [
          1699.0,
          604.0
        ],
        [
          1700.0,
          603.0
        ],
        [
          1700.0,
          602.0
        ],
        [
          1701.0,
          601.0
        ],
        [
          1701.0,
          600.0
        ],
        [
          1702.0,
          599.0
        ],
        [
          1702.0,
          598.0
        ],
        [
          1704.0,
          595.0
        ],
        [
          1704.0,
          593.0
        ],
        [
          1705.0,
          592.0
        ],
        [
          1705.0,
          590.0
        ],
        [
          1706.0,
          589.0
        ],
        [
          1706.0,
          586.0
        ],
        [
          1707.0,
          585.0
        ],
        [
          1707.0,
          583.0
        ],
        [
          1708.0,
          582.0
        ],
        [
          1708.0,
          580.0
        ],
        [
          1709.0,
          579.0
        ],
        [
          1709.0,
          577.0
        ],
        [
          1711.0,
          574.0
        ],
        [
          1711.0,
          572.0
        ],
        [
          1712.0,
          571.0
        ],
        [
          1712.0,
          569.0
        ],
        [
          1713.0,
          568.0
        ],
        [
          1713.0,
          565.0
        ],
        [
          1714.0,
          564.0
        ],
        [
          1714.0,
          560.0
        ],
        [
          1715.0,
          559.0
        ],
        [
          1715.0,
          546.0
        ],
        [
          1716.0,
          545.0
        ],
        [
          1716.0,
          542.0
        ],
        [
          1715.0,
          541.0
        ],
        [
          1715.0,
          538.0
        ],
        [
          1714.0,
          537.0
        ],
        [
          1714.0,
          532.0
        ],
        [
          1713.0,
          531.0
        ],
        [
          1713.0,
          527.0
        ],
        [
          1712.0,
          526.0
        ],
        [
          1712.0,
          523.0
        ],
        [
          1711.0,
          522.0
        ],
        [
          1711.0,
          519.0
        ],
        [
          1710.0,
          518.0
        ],
        [
          1710.0,
          512.0
        ],
        [
          1709.0,
          511.0
        ],
        [
          1709.0,
          506.0
        ],
        [
          1708.0,
          505.0
        ],
        [
          1708.0,
          496.0
        ]
      ],
      "group_id": null,
      "description": "",
      "difficult": false,
      "shape_type": "polygon",
      "flags": {},
      "attributes": {},
      "kie_linking": []
    },
    {
      "label": "fish",
      "score": null,
      "points": [
        [
          1606.0,
          751.0
        ],
        [
          1603.0,
          754.0
        ],
        [
          1602.0,
          754.0
        ],
        [
          1599.0,
          757.0
        ],
        [
          1598.0,
          757.0
        ],
        [
          1594.0,
          761.0
        ],
        [
          1594.0,
          762.0
        ],
        [
          1592.0,
          764.0
        ],
        [
          1592.0,
          766.0
        ],
        [
          1591.0,
          767.0
        ],
        [
          1591.0,
          770.0
        ],
        [
          1590.0,
          771.0
        ],
        [
          1590.0,
          774.0
        ],
        [
          1589.0,
          775.0
        ],
        [
          1589.0,
          779.0
        ],
        [
          1588.0,
          780.0
        ],
        [
          1588.0,
          784.0
        ],
        [
          1587.0,
          785.0
        ],
        [
          1587.0,
          788.0
        ],
        [
          1586.0,
          789.0
        ],
        [
          1586.0,
          797.0
        ],
        [
          1587.0,
          798.0
        ],
        [
          1587.0,
          807.0
        ],
        [
          1588.0,
          808.0
        ],
        [
          1588.0,
          811.0
        ],
        [
          1589.0,
          812.0
        ],
        [
          1589.0,
          813.0
        ],
        [
          1590.0,
          814.0
        ],
        [
          1591.0,
          814.0
        ],
        [
          1592.0,
          815.0
        ],
        [
          1593.0,
          815.0
        ],
        [
          1594.0,
          816.0
        ],
        [
          1595.0,
          816.0
        ],
        [
          1597.0,
          818.0
        ],
        [
          1598.0,
          818.0
        ],
        [
          1606.0,
          826.0
        ],
        [
          1606.0,
          827.0
        ],
        [
          1607.0,
          828.0
        ],
        [
          1607.0,
          829.0
        ],
        [
          1611.0,
          833.0
        ],
        [
          1612.0,
          833.0
        ],
        [
          1614.0,
          835.0
        ],
        [
          1615.0,
          835.0
        ],
        [
          1616.0,
          836.0
        ],
        [
          1618.0,
          836.0
        ],
        [
          1619.0,
          837.0
        ],
        [
          1621.0,
          837.0
        ],
        [
          1622.0,
          838.0
        ],
        [
          1624.0,
          838.0
        ],
        [
          1625.0,
          837.0
        ],
        [
          1626.0,
          837.0
        ],
        [
          1627.0,
          836.0
        ],
        [
          1628.0,
          836.0
        ],
        [
          1627.0,
          835.0
        ],
        [
          1627.0,
          834.0
        ],
        [
          1626.0,
          833.0
        ],
        [
          1626.0,
          831.0
        ],
        [
          1625.0,
          830.0
        ],
        [
          1625.0,
          812.0
        ],
        [
          1624.0,
          811.0
        ],
        [
          1624.0,
          804.0
        ],
        [
          1623.0,
          803.0
        ],
        [
          1623.0,
          799.0
        ],
        [
          1622.0,
          798.0
        ],
        [
          1622.0,
          794.0
        ],
        [
          1621.0,
          793.0
        ],
        [
          1621.0,
          788.0
        ],
        [
          1620.0,
          787.0
        ],
        [
          1620.0,
          777.0
        ],
        [
          1619.0,
          776.0
        ],
        [
          1619.0,
          769.0
        ],
        [
          1618.0,
          768.0
        ],
        [
          1618.0,
          764.0
        ],
        [
          1617.0,
          763.0
        ],
        [
          1617.0,
          760.0
        ],
        [
          1616.0,
          759.0
        ],
        [
          1616.0,
          757.0
        ],
        [
          1615.0,
          756.0
        ],
        [
          1615.0,
          754.0
        ],
        [
          1613.0,
          752.0
        ],
        [
          1612.0,
          752.0
        ],
        [
          1611.0,
          751.0
        ]
      ],
      "group_id": null,
      "description": "",
      "difficult": false,
      "shape_type": "polygon",
      "flags": {},
      "attributes": {},
      "kie_linking": []
    }
  ],
  "imagePath": "frame_000017.jpg",
  "imageData": null,
  "imageHeight": 1080,
  "imageWidth": 1920
}