{
  "version": "3.1.1",
  "flags": {},
  "shapes": [
    {
      "label": "fish",
      "score": null,
      "points": [
        [
          1466.0,
          66.0
        ],
        [
          1464.0,
          69.0
        ],
        [
          1464.0,
          73.0
        ],
        [
          1463.0,
          74.0
        ],
        [
          1463.0,
          79.0
        ],
        [
          1464.0,
          80.0
        ],
        [
          1464.0,
          85.0
        ],
        [
          1465.0,
          86.0
        ],
        [
          1465.0,
          89.0
        ],
        [
          1466.0,
          90.0
        ],
        [
          1466.0,
          94.0
        ],
        [
          1467.0,
          95.0
        ],
        [
          1467.0,
          100.0
        ],
        [
          1473.0,
          109.0
        ],
        [
          1473.0,
          111.0
        ],
        [
          1474.0,
          112.0
        ],
        [
          1474.0,
          115.0
        ],
        [
          1475.0,
          116.0
        ],
        [
          1475.0,
          118.0
        ],
        [
          1476.0,
          119.0
        ],
        [
          1476.0,
          120.0
        ],
        [
          1478.0,
          123.0
        ],
        [
          1478.0,
          125.0
        ],
        [
          1480.0,
          127.0
        ],
        [
          1480.0,
          128.0
        ],
        [
          1481.0,
          129.0
        ],
        [
          1481.0,
          130.0
        ],
        [
          1483.0,
          132.0
        ],
        [
          1483.0,
          133.0
        ],
        [
          1484.0,
          134.0
        ],
        [
          1484.0,
          135.0
        ],
        [
          1486.0,
          138.0
        ],
        [
          1486.0,
          140.0
        ],
        [
          1487.0,
          141.0
        ],
        [
          1487.0,
          142.0
        ],
        [
          1488.0,
          143.0
        ],
        [
          1488.0,
          144.0
        ],
        [
          1490.0,
          146.0
        ],
        [
          1490.0,
          147.0
        ],
        [
          1492.0,
          149.0
        ],
        [
          1492.0,
          150.0
        ],
        [
          1493.0,
          151.0
        ],
        [
          1493.0,
          152.0
        ],
        [
          1502.0,
          161.0
        ],
        [
          1503.0,
          161.0
        ],
        [
          1504.0,
          162.0
        ],
        [
          1505.0,
          162.0
        ],
        [
          1506.0,
          163.0
        ],
        [
          1507.0,
          163.0
        ],
        [
          1509.0,
          165.0
        ],
        [
          1510.0,
          165.0
        ],
        [
          1511.0,
          166.0
        ],
        [
          1512.0,
          166.0
        ],
        [
          1513.0,
          167.0
        ],
        [
          1514.0,
          167.0
        ],
        [
          1516.0,
          169.0
        ],
        [
          1518.0,
          169.0
        ],
        [
          1519.0,
          170.0
        ],
        [
          1525.0,
          170.0
        ],
        [
          1525.0,
          168.0
        ],
        [
          1520.0,
          163.0
        ],
        [
          1520.0,
          161.0
        ],
        [
          1519.0,
          160.0
        ],
        [
          1519.0,
          159.0
        ],
        [
          1517.0,
          157.0
        ],
        [
          1517.0,
          156.0
        ],
        [
          1514.0,
          153.0
        ],
        [
          1514.0,
          150.0
        ],
        [
          1513.0,
          149.0
        ],
        [
          1513.0,
          146.0
        ],
        [
          1512.0,
          145.0
        ],
        [
          1511.0,
          145.0
        ],
        [
          1509.0,
          143.0
        ],
        [
          1508.0,
          143.0
        ],
        [
          1503.0,
          138.0
        ],
        [
          1503.0,
          137.0
        ],
        [
          1501.0,
          134.0
        ],
        [
          1501.0,
          132.0
        ],
        [
          1500.0,
          131.0
        ],
        [
          1500.0,
          125.0
        ],
        [
          1499.0,
          124.0
        ],
        [
          1499.0,
          119.0
        ],
        [
          1498.0,
          118.0
        ],
        [
          1498.0,
          113.0
        ],
        [
          1497.0,
          112.0
        ],
        [
          1497.0,
          108.0
        ],
        [
          1496.0,
          107.0
        ],
        [
          1496.0,
          104.0
        ],
        [
          1495.0,
          103.0
        ],
        [
          1495.0,
          101.0
        ],
        [
          1494.0,
          100.0
        ],
        [
          1494.0,
          98.0
        ],
        [
          1493.0,
          97.0
        ],
        [
          1493.0,
          94.0
        ],
        [
          1491.0,
          91.0
        ],
        [
          1491.0,
          89.0
        ],
        [
          1490.0,
          88.0
        ],
        [
          1490.0,
          86.0
        ],
        [
          1489.0,
          85.0
        ],
        [
          1489.0,
          82.0
        ],
        [
          1488.0,
          81.0
        ],
        [
          1488.0,
          79.0
        ],
        [
          1487.0,
          78.0
        ],
        [
          1487.0,
          76.0
        ],
        [
          1485.0,
          74.0
        ],
        [
          1485.0,
          73.0
        ],
        [
          1484.0,
          72.0
        ],
        [
          1484.0,
          70.0
        ],
        [
          1481.0,
          67.0
        ],
        [
          1480.0,
          67.0
        ],
        [
          1479.0,
          66.0
        ],
        [
          1476.0,
          66.0
        ],
        [
          1475.0,
          65.0
        ],
        [
          1470.0,
          65.0
        ],
        [
          1469.0,
          66.0
        ]
      ],
      "group_id": null,
      "description": "",
      "difficult": false,
      "shape_type": "polygon",
      "flags": {},
      "attributes": {},
      "kie_linking": []
    },
    {
      "label": "fish",
      "score": null,
      "points": [
        [
          1464.0,
          270.0
        ],
        [
          1459.0,
          270.0
        ],
        [
          1456.0,
          272.0
        ],
        [
          1456.0,
          273.0
        ],
        [
          1455.0,
          274.0
        ],
        [
          1455.0,
          275.0
        ],
        [
          1454.0,
          276.0
        ],
        [
          1454.0,
          277.0
        ],
        [
          1448.0,
          283.0
        ],
        [
          1448.0,
          284.0
        ],
        [
          1445.0,
          287.0
        ],
        [
          1445.0,
          293.0
        ],
        [
          1444.0,
          294.0
        ],
        [
          1444.0,
          295.0
        ],
        [
          1445.0,
          296.0
        ],
        [
          1445.0,
          324.0
        ],
        [
          1446.0,
          325.0
        ],
        [
          1446.0,
          329.0
        ],
        [
          1447.0,
          330.0
        ],
        [
          1447.0,
          332.0
        ],
        [
          1448.0,
          333.0
        ],
        [
          1448.0,
          336.0
        ],
        [
          1449.0,
          337.0
        ],
        [
          1449.0,
          338.0
        ],
        [
          1451.0,
          341.0
        ],
        [
          1451.0,
          344.0
        ],
        [
          1452.0,
          345.0
        ],
        [
          1452.0,
          350.0
        ],
        [
          1453.0,
          351.0
        ],
        [
          1453.0,
          354.0
        ],
        [
          1454.0,
          355.0
        ],
        [
          1454.0,
          357.0
        ],
        [
          1453.0,
          358.0
        ],
        [
          1453.0,
          362.0
        ],
        [
          1452.0,
          363.0
        ],
        [
          1452.0,
          366.0
        ],
        [
          1451.0,
          367.0
        ],
        [
          1451.0,
          372.0
        ],
        [
          1452.0,
          373.0
        ],
        [
          1452.0,
          378.0
        ],
        [
          1453.0,
          379.0
        ],
        [
          1453.0,
          394.0
        ],
        [
          1454.0,
          395.0
        ],
        [
          1454.0,
          399.0
        ],
        [
          1455.0,
          400.0
        ],
        [
          1455.0,
          402.0
        ],
        [
          1456.0,
          403.0
        ],
        [
          1456.0,
          405.0
        ],
        [
          1458.0,
          407.0
        ],
        [
          1460.0,
          407.0
        ],
        [
          1461.0,
          406.0
        ],
        [
          1462.0,
          406.0
        ],
        [
          1462.0,
          405.0
        ],
        [
          1463.0,
          404.0
        ],
        [
          1463.0,
          390.0
        ],
        [
          1464.0,
          389.0
        ],
        [
          1464.0,
          384.0
        ],
        [
          1465.0,
          383.0
        ],
        [
          1465.0,
          381.0
        ],
        [
          1466.0,
          380.0
        ],
        [
          1466.0,
          376.0
        ],
        [
          1467.0,
          375.0
        ],
        [
          1467.0,
          371.0
        ],
        [
          1468.0,
          370.0
        ],
        [
          1468.0,
          368.0
        ],
        [
          1472.0,
          363.0
        ],
        [
          1472.0,
          357.0
        ],
        [
          1473.0,
          356.0
        ],
        [
          1473.0,
          354.0
        ],
        [
          1474.0,
          353.0
        ],
        [
          1474.0,
          351.0
        ],
        [
          1475.0,
          350.0
        ],
        [
          1475.0,
          348.0
        ],
        [
          1476.0,
          347.0
        ],
        [
          1476.0,
          345.0
        ],
        [
          1477.0,
          344.0
        ],
        [
          1477.0,
          342.0
        ],
        [
          1478.0,
          341.0
        ],
        [
          1478.0,
          338.0
        ],
        [
          1479.0,
          337.0
        ],
        [
          1479.0,
          336.0
        ],
        [
          1480.0,
          335.0
        ],
        [
          1480.0,
          333.0
        ],
        [
          1481.0,
          332.0
        ],
        [
          1481.0,
          328.0
        ],
        [
          1480.0,
          327.0
        ],
        [
          1480.0,
          324.0
        ],
        [
          1479.0,
          323.0
        ],
        [
          1479.0,
          321.0
        ],
        [
          1478.0,
          320.0
        ],
        [
          1478.0,
          318.0
        ],
        [
          1477.0,
          317.0
        ],
        [
          1477.0,
          305.0
        ],
        [
          1476.0,
          304.0
        ],
        [
          1476.0,
          299.0
        ],
        [
          1475.0,
          298.0
        ],
        [
          1475.0,
          294.0
        ],
        [
          1474.0,
          293.0
        ],
        [
          1474.0,
          289.0
        ],
        [
          1473.0,
          288.0
        ],
        [
          1473.0,
          286.0
        ],
        [
          1472.0,
          285.0
        ],
        [
          1472.0,
          282.0
        ],
        [
          1471.0,
          281.0
        ],
        [
          1471.0,
          280.0
        ],
        [
          1469.0,
          277.0
        ],
        [
          1469.0,
          275.0
        ],
        [
          1468.0,
          274.0
        ],
        [
          1468.0,
          273.0
        ],
        [
          1466.0,
          271.0
        ],
        [
          1465.0,
          271.0
        ]
      ],
      "group_id": null,
      "description": "",
      "difficult": false,
      "shape_type": "polygon",
      "flags": {},
      "attributes": {},
      "kie_linking": []
    },
    {
      "label": "fish",
      "score": null,
      "points": [
        [
          1396.0,
          642.0
        ],
        [
          1393.0,
          642.0
        ],
        [
          1392.0,
          641.0
        ],
        [
          1390.0,
          641.0
        ],
        [
          1389.0,
          642.0
        ],
        [
          1386.0,
          642.0
        ],
        [
          1385.0,
          643.0
        ],
        [
          1383.0,
          643.0
        ],
        [
          1382.0,
          644.0
        ],
        [
          1378.0,
          644.0
        ],
        [
          1377.0,
          645.0
        ],
        [
          1375.0,
          645.0
        ],
        [
          1367.0,
          653.0
        ],
        [
          1367.0,
          654.0
        ],
        [
          1366.0,
          655.0
        ],
        [
          1366.0,
          656.0
        ],
        [
          1365.0,
          657.0
        ],
        [
          1365.0,
          658.0
        ],
        [
          1363.0,
          660.0
        ],
        [
          1363.0,
          661.0
        ],
        [
          1362.0,
          662.0
        ],
        [
          1361.0,
          662.0
        ],
        [
          1359.0,
          664.0
        ],
        [
          1359.0,
          665.0
        ],
        [
          1357.0,
          667.0
        ],
        [
          1356.0,
          667.0
        ],
        [
          1354.0,
          669.0
        ],
        [
          1353.0,
          669.0
        ],
        [
          1351.0,
          671.0
        ],
        [
          1351.0,
          672.0
        ],
        [
          1346.0,
          677.0
        ],
        [
          1345.0,
          677.0
        ],
        [
          1345.0,
          678.0
        ],
        [
          1337.0,
          686.0
        ],
        [
          1337.0,
          687.0
        ],
        [
          1335.0,
          690.0
        ],
        [
          1335.0,
          692.0
        ],
        [
          1334.0,
          693.0
        ],
        [
          1334.0,
          694.0
        ],
        [
          1330.0,
          698.0
        ],
        [
          1330.0,
          699.0
        ],
        [
          1329.0,
          700.0
        ],
        [
          1329.0,
          701.0
        ],
        [
          1328.0,
          702.0
        ],
        [
          1328.0,
          703.0
        ],
        [
          1327.0,
          704.0
        ],
        [
          1327.0,
          705.0
        ],
        [
          1326.0,
          706.0
        ],
        [
          1326.0,
          707.0
        ],
        [
          1325.0,
          708.0
        ],
        [
          1325.0,
          709.0
        ],
        [
          1322.0,
          712.0
        ],
        [
          1322.0,
          713.0
        ],
        [
          1320.0,
          715.0
        ],
        [
          1320.0,
          716.0
        ],
        [
          1319.0,
          717.0
        ],
        [
          1319.0,
          718.0
        ],
        [
          1317.0,
          720.0
        ],
        [
          1317.0,
          721.0
        ],
        [
          1316.0,
          722.0
        ],
        [
          1316.0,
          723.0
        ],
        [
          1314.0,
          725.0
        ],
        [
          1314.0,
          726.0
        ],
        [
          1312.0,
          728.0
        ],
        [
          1312.0,
          729.0
        ],
        [
          1311.0,
          730.0
        ],
        [
          1311.0,
          731.0
        ],
        [
          1310.0,
          732.0
        ],
        [
          1310.0,
          733.0
        ],
        [
          1305.0,
          738.0
        ],
        [
          1305.0,
          739.0
        ],
        [
          1306.0,
          740.0
        ],
        [
          1306.0,
          741.0
        ],
        [
          1307.0,
          741.0
        ],
        [
          1308.0,
          742.0
        ],
        [
          1310.0,
          742.0
        ],
        [
          1311.0,
          743.0
        ],
        [
          1316.0,
          743.0
        ],
        [
          1319.0,
          740.0
        ],
        [
          1319.0,
          739.0
        ],
        [
          1320.0,
          738.0
        ],
        [
          1320.0,
          737.0
        ],
        [
          1329.0,
          728.0
        ],
        [
          1330.0,
          728.0
        ],
        [
          1331.0,
          727.0
        ],
        [
          1334.0,
          727.0
        ],
        [
          1335.0,
          726.0
        ],
        [
          1337.0,
          726.0
        ],
        [
          1339.0,
          724.0
        ],
        [
          1339.0,
          723.0
        ],
        [
          1342.0,
          720.0
        ],
        [
          1342.0,
          719.0
        ],
        [
          1344.0,
          717.0
        ],
        [
          1344.0,
          716.0
        ],
        [
          1350.0,
          710.0
        ],
        [
          1351.0,
          710.0
        ],
        [
          1352.0,
          709.0
        ],
        [
          1354.0,
          709.0
        ],
        [
          1355.0,
          708.0
        ],
        [
          1358.0,
          708.0
        ],
        [
          1359.0,
          707.0
        ],
        [
          1360.0,
          707.0
        ],
        [
          1361.0,
          706.0
        ],
        [
          1362.0,
          706.0
        ],
        [
          1364.0,
          704.0
        ],
        [
          1365.0,
          704.0
        ],
        [
          1375.0,
          694.0
        ],
        [
          1375.0,
          693.0
        ],
        [
          1376.0,
          692.0
        ],
        [
          1376.0,
          691.0
        ],
        [
          1377.0,
          690.0
        ],
        [
          1377.0,
          689.0
        ],
        [
          1378.0,
          688.0
        ],
        [
          1378.0,
          687.0
        ],
        [
          1379.0,
          686.0
        ],
        [
          1379.0,
          685.0
        ],
        [
          1380.0,
          684.0
        ],
        [
          1380.0,
          683.0
        ],
        [
          1382.0,
          681.0
        ],
        [
          1382.0,
          680.0
        ],
        [
          1384.0,
          678.0
        ],
        [
          1384.0,
          677.0
        ],
        [
          1385.0,
          676.0
        ],
        [
          1385.0,
          675.0
        ],
        [
          1387.0,
          673.0
        ],
        [
          1387.0,
          672.0
        ],
        [
          1388.0,
          671.0
        ],
        [
          1388.0,
          670.0
        ],
        [
          1389.0,
          669.0
        ],
        [
          1389.0,
          668.0
        ],
        [
          1391.0,
          666.0
        ],
        [
          1391.0,
          665.0
        ],
        [
          1393.0,
          663.0
        ],
        [
          1393.0,
          662.0
        ],
        [
          1394.0,
          661.0
        ],
        [
          1394.0,
          660.0
        ],
        [
          1396.0,
          657.0
        ],
        [
          1396.0,
          655.0
        ],
        [
          1397.0,
          654.0
        ],
        [
          1397.0,
          652.0
        ],
        [
          1398.0,
          651.0
        ],
        [
          1398.0,
          648.0
        ],
        [
          1399.0,
          647.0
        ],
        [
          1398.0,
          646.0
        ],
        [
          1398.0,
          645.0
        ]
      ],
      "group_id": null,
      "description": "",
      "difficult": false,
      "shape_type": "polygon",
      "flags": {},
      "attributes": {},
      "kie_linking": []
    },
    {
      "label": "fish",
      "score": null,
      "points": [
        [
          1580.0,
          700.0
        ],
        [
          1580.0,
          703.0
        ],
        [
          1579.0,
          704.0
        ],
        [
          1579.0,
          710.0
        ],
        [
          1580.0,
          711.0
        ],
        [
          1580.0,
          712.0
        ],
        [
          1581.0,
          713.0
        ],
        [
          1581.0,
          714.0
        ],
        [
          1584.0,
          717.0
        ],
        [
          1585.0,
          717.0
        ],
        [
          1586.0,
          718.0
        ],
        [
          1587.0,
          718.0
        ],
        [
          1589.0,
          720.0
        ],
        [
          1590.0,
          720.0
        ],
        [
          1594.0,
          724.0
        ],
        [
          1595.0,
          724.0
        ],
        [
          1597.0,
          726.0
        ],
        [
          1598.0,
          726.0
        ],
        [
          1599.0,
          727.0
        ],
        [
          1600.0,
          727.0
        ],
        [
          1601.0,
          728.0
        ],
        [
          1602.0,
          728.0
        ],
        [
          1603.0,
          729.0
        ],
        [
          1604.0,
          729.0
        ],
        [
          1605.0,
          730.0
        ],
        [
          1606.0,
          730.0
        ],
        [
          1609.0,
          732.0
        ],
        [
          1611.0,
          732.0
        ],
        [
          1612.0,
          733.0
        ],
        [
          1613.0,
          733.0
        ],
        [
          1614.0,
          734.0
        ],
        [
          1616.0,
          734.0
        ],
        [
          1617.0,
          735.0
        ],
        [
          1620.0,
          735.0
        ],
        [
          1621.0,
          736.0
        ],
        [
          1622.0,
          736.0
        ],
        [
          1623.0,
          737.0
        ],
        [
          1625.0,
          737.0
        ],
        [
          1626.0,
          738.0
        ],
        [
          1629.0,
          738.0
        ],
        [
          1630.0,
          739.0
        ],
        [
          1632.0,
          739.0
        ],
        [
          1633.0,
          740.0
        ],
        [
          1635.0,
          740.0
        ],
        [
          1636.0,
          741.0
        ],
        [
          1637.0,
          741.0
        ],
        [
          1638.0,
          742.0
        ],
        [
          1640.0,
          742.0
        ],
        [
          1641.0,
          743.0
        ],
        [
          1642.0,
          743.0
        ],
        [
          1643.0,
          744.0
        ],
        [
          1644.0,
          744.0
        ],
        [
          1645.0,
          745.0
        ],
        [
          1646.0,
          745.0
        ],
        [
          1647.0,
          746.0
        ],
        [
          1648.0,
          746.0
        ],
        [
          1651.0,
          748.0
        ],
        [
          1653.0,
          748.0
        ],
        [
          1654.0,
          749.0
        ],
        [
          1655.0,
          749.0
        ],
        [
          1658.0,
          751.0
        ],
        [
          1660.0,
          751.0
        ],
        [
          1662.0,
          753.0
        ],
        [
          1663.0,
          753.0
        ],
        [
          1667.0,
          757.0
        ],
        [
          1668.0,
          757.0
        ],
        [
          1671.0,
          760.0
        ],
        [
          1671.0,
          761.0
        ],
        [
          1673.0,
          763.0
        ],
        [
          1673.0,
          764.0
        ],
        [
          1674.0,
          765.0
        ],
        [
          1674.0,
          767.0
        ],
        [
          1675.0,
          768.0
        ],
        [
          1675.0,
          769.0
        ],
        [
          1677.0,
          771.0
        ],
        [
          1677.0,
          772.0
        ],
        [
          1678.0,
          773.0
        ],
        [
          1678.0,
          775.0
        ],
        [
          1679.0,
          776.0
        ],
        [
          1679.0,
          777.0
        ],
        [
          1681.0,
          779.0
        ],
        [
          1681.0,
          780.0
        ],
        [
          1682.0,
          781.0
        ],
        [
          1684.0,
          781.0
        ],
        [
          1684.0,
          780.0
        ],
        [
          1686.0,
          777.0
        ],
        [
          1686.0,
          775.0
        ],
        [
          1685.0,
          774.0
        ],
        [
          1685.0,
          773.0
        ],
        [
          1684.0,
          772.0
        ],
        [
          1684.0,
          771.0
        ],
        [
          1683.0,
          770.0
        ],
        [
          1683.0,
          769.0
        ],
        [
          1682.0,
          768.0
        ],
        [
          1682.0,
          767.0
        ],
        [
          1681.0,
          767.0
        ],
        [
          1679.0,
          765.0
        ],
        [
          1679.0,
          763.0
        ],
        [
          1678.0,
          762.0
        ],
        [
          1678.0,
          760.0
        ],
        [
          1677.0,
          759.0
        ],
        [
          1677.0,
          758.0
        ],
        [
          1675.0,
          756.0
        ],
        [
          1675.0,
          755.0
        ],
        [
          1671.0,
          751.0
        ],
        [
          1671.0,
          750.0
        ],
        [
          1670.0,
          749.0
        ],
        [
          1670.0,
          747.0
        ],
        [
          1669.0,
          746.0
        ],
        [
          1669.0,
          744.0
        ],
        [
          1667.0,
          742.0
        ],
        [
          1666.0,
          742.0
        ],
        [
          1662.0,
          738.0
        ],
        [
          1661.0,
          738.0
        ],
        [
          1658.0,
          735.0
        ],
        [
          1658.0,
          734.0
        ],
        [
          1657.0,
          733.0
        ],
        [
          1657.0,
          732.0
        ],
        [
          1655.0,
          729.0
        ],
        [
          1655.0,
          727.0
        ],
        [
          1654.0,
          726.0
        ],
        [
          1654.0,
          725.0
        ],
        [
          1651.0,
          722.0
        ],
        [
          1650.0,
          722.0
        ],
        [
          1648.0,
          720.0
        ],
        [
          1647.0,
          720.0
        ],
        [
          1645.0,
          718.0
        ],
        [
          1644.0,
          718.0
        ],
        [
          1641.0,
          715.0
        ],
        [
          1640.0,
          715.0
        ],
        [
          1637.0,
          712.0
        ],
        [
          1636.0,
          712.0
        ],
        [
          1635.0,
          711.0
        ],
        [
          1634.0,
          711.0
        ],
        [
          1629.0,
          707.0
        ],
        [
          1628.0,
          707.0
        ],
        [
          1627.0,
          706.0
        ],
        [
          1626.0,
          706.0
        ],
        [
          1623.0,
          704.0
        ],
        [
          1621.0,
          704.0
        ],
        [
          1620.0,
          703.0
        ],
        [
          1619.0,
          703.0
        ],
        [
          1616.0,
          701.0
        ],
        [
          1614.0,
          701.0
        ],
        [
          1611.0,
          699.0
        ],
        [
          1608.0,
          699.0
        ],
        [
          1607.0,
          698.0
        ],
        [
          1606.0,
          698.0
        ],
        [
          1605.0,
          697.0
        ],
        [
          1604.0,
          697.0
        ],
        [
          1601.0,
          695.0
        ],
        [
          1599.0,
          695.0
        ],
        [
          1598.0,
          694.0
        ],
        [
          1590.0,
          694.0
        ],
        [
          1589.0,
          695.0
        ],
        [
          1586.0,
          695.0
        ],
        [
          1585.0,
          696.0
        ],
        [
          1584.0,
          696.0
        ]
      ],
      "group_id": null,
      "description": "",
      "difficult": false,
      "shape_type": "polygon",
      "flags": {},
      "attributes": {},
      "kie_linking": []
    }
  ],
  "imagePath": "frame_000044.jpg",
  "imageData": null,
  "imageHeight": 1080,
  "imageWidth": 1920
}