{
  "version": "3.1.1",
  "flags": {},
  "shapes": [
    {
      "label": "fish",
      "score": null,
      "points": [
        [
          1540.0,
          70.0
        ],
        [
          1531.0,
          70.0
        ],
        [
          1530.0,
          71.0
        ],
        [
          1527.0,
          71.0
        ],
        [
          1525.0,
          73.0
        ],
        [
          1525.0,
          74.0
        ],
        [
          1524.0,
          75.0
        ],
        [
          1524.0,
          81.0
        ],
        [
          1525.0,
          82.0
        ],
        [
          1525.0,
          84.0
        ],
        [
          1526.0,
          85.0
        ],
        [
          1526.0,
          86.0
        ],
        [
          1528.0,
          88.0
        ],
        [
          1528.0,
          89.0
        ],
        [
          1529.0,
          90.0
        ],
        [
          1529.0,
          93.0
        ],
        [
          1530.0,
          94.0
        ],
        [
          1530.0,
          95.0
        ],
        [
          1529.0,
          96.0
        ],
        [
          1529.0,
          101.0
        ],
        [
          1530.0,
          102.0
        ],
        [
          1530.0,
          103.0
        ],
        [
          1535.0,
          108.0
        ],
        [
          1535.0,
          110.0
        ],
        [
          1536.0,
          111.0
        ],
        [
          1536.0,
          113.0
        ],
        [
          1537.0,
          114.0
        ],
        [
          1537.0,
          128.0
        ],
        [
          1538.0,
          129.0
        ],
        [
          1538.0,
          136.0
        ],
        [
          1537.0,
          137.0
        ],
        [
          1537.0,
          141.0
        ],
        [
          1536.0,
          142.0
        ],
        [
          1536.0,
          145.0
        ],
        [
          1535.0,
          146.0
        ],
        [
          1535.0,
          148.0
        ],
        [
          1534.0,
          149.0
        ],
        [
          1534.0,
          150.0
        ],
        [
          1533.0,
          151.0
        ],
        [
          1533.0,
          153.0
        ],
        [
          1532.0,
          154.0
        ],
        [
          1532.0,
          159.0
        ],
        [
          1531.0,
          160.0
        ],
        [
          1531.0,
          162.0
        ],
        [
          1530.0,
          163.0
        ],
        [
          1530.0,
          164.0
        ],
        [
          1528.0,
          167.0
        ],
        [
          1528.0,
          169.0
        ],
        [
          1527.0,
          170.0
        ],
        [
          1527.0,
          171.0
        ],
        [
          1525.0,
          173.0
        ],
        [
          1525.0,
          174.0
        ],
        [
          1524.0,
          175.0
        ],
        [
          1524.0,
          177.0
        ],
        [
          1523.0,
          178.0
        ],
        [
          1523.0,
          179.0
        ],
        [
          1520.0,
          182.0
        ],
        [
          1519.0,
          182.0
        ],
        [
          1517.0,
          184.0
        ],
        [
          1517.0,
          185.0
        ],
        [
          1516.0,
          186.0
        ],
        [
          1516.0,
          188.0
        ],
        [
          1515.0,
          189.0
        ],
        [
          1515.0,
          190.0
        ],
        [
          1517.0,
          192.0
        ],
        [
          1518.0,
          192.0
        ],
        [
          1523.0,
          187.0
        ],
        [
          1524.0,
          187.0
        ],
        [
          1525.0,
          186.0
        ],
        [
          1526.0,
          186.0
        ],
        [
          1529.0,
          183.0
        ],
        [
          1529.0,
          182.0
        ],
        [
          1532.0,
          179.0
        ],
        [
          1533.0,
          179.0
        ],
        [
          1534.0,
          178.0
        ],
        [
          1534.0,
          177.0
        ],
        [
          1536.0,
          175.0
        ],
        [
          1536.0,
          174.0
        ],
        [
          1538.0,
          172.0
        ],
        [
          1538.0,
          171.0
        ],
        [
          1549.0,
          160.0
        ],
        [
          1549.0,
          159.0
        ],
        [
          1550.0,
          158.0
        ],
        [
          1550.0,
          154.0
        ],
        [
          1551.0,
          153.0
        ],
        [
          1551.0,
          150.0
        ],
        [
          1553.0,
          147.0
        ],
        [
          1553.0,
          145.0
        ],
        [
          1554.0,
          144.0
        ],
        [
          1554.0,
          142.0
        ],
        [
          1555.0,
          141.0
        ],
        [
          1555.0,
          138.0
        ],
        [
          1556.0,
          137.0
        ],
        [
          1556.0,
          132.0
        ],
        [
          1557.0,
          131.0
        ],
        [
          1557.0,
          127.0
        ],
        [
          1558.0,
          126.0
        ],
        [
          1558.0,
          117.0
        ],
        [
          1557.0,
          116.0
        ],
        [
          1557.0,
          104.0
        ],
        [
          1556.0,
          103.0
        ],
        [
          1556.0,
          100.0
        ],
        [
          1555.0,
          99.0
        ],
        [
          1555.0,
          96.0
        ],
        [
          1554.0,
          95.0
        ],
        [
          1554.0,
          93.0
        ],
        [
          1553.0,
          92.0
        ],
        [
          1553.0,
          90.0
        ],
        [
          1552.0,
          89.0
        ],
        [
          1552.0,
          86.0
        ],
        [
          1551.0,
          85.0
        ],
        [
          1551.0,
          83.0
        ],
        [
          1550.0,
          82.0
        ],
        [
          1550.0,
          79.0
        ],
        [
          1549.0,
          78.0
        ],
        [
          1549.0,
          76.0
        ],
        [
          1545.0,
          72.0
        ],
        [
          1544.0,
          72.0
        ],
        [
          1543.0,
          71.0
        ],
        [
          1541.0,
          71.0
        ]
      ],
      "group_id": null,
      "description": "",
      "difficult": false,
      "shape_type": "polygon",
      "flags": {},
      "attributes": {},
      "kie_linking": []
    },
    {
      "label": "fish",
      "score": null,
      "points": [
        [
          1481.0,
          403.0
        ],
        [
          1480.0,
          404.0
        ],
        [
          1479.0,
          404.0
        ],
        [
          1479.0,
          405.0
        ],
        [
          1477.0,
          407.0
        ],
        [
          1477.0,
          410.0
        ],
        [
          1476.0,
          411.0
        ],
        [
          1476.0,
          413.0
        ],
        [
          1475.0,
          414.0
        ],
        [
          1475.0,
          416.0
        ],
        [
          1474.0,
          417.0
        ],
        [
          1474.0,
          419.0
        ],
        [
          1473.0,
          420.0
        ],
        [
          1473.0,
          422.0
        ],
        [
          1472.0,
          423.0
        ],
        [
          1472.0,
          424.0
        ],
        [
          1473.0,
          425.0
        ],
        [
          1473.0,
          430.0
        ],
        [
          1474.0,
          431.0
        ],
        [
          1474.0,
          432.0
        ],
        [
          1476.0,
          434.0
        ],
        [
          1476.0,
          435.0
        ],
        [
          1477.0,
          436.0
        ],
        [
          1477.0,
          437.0
        ],
        [
          1479.0,
          440.0
        ],
        [
          1479.0,
          442.0
        ],
        [
          1480.0,
          443.0
        ],
        [
          1480.0,
          445.0
        ],
        [
          1481.0,
          446.0
        ],
        [
          1481.0,
          447.0
        ],
        [
          1482.0,
          448.0
        ],
        [
          1482.0,
          450.0
        ],
        [
          1483.0,
          451.0
        ],
        [
          1483.0,
          452.0
        ],
        [
          1485.0,
          455.0
        ],
        [
          1485.0,
          457.0
        ],
        [
          1486.0,
          458.0
        ],
        [
          1486.0,
          459.0
        ],
        [
          1487.0,
          460.0
        ],
        [
          1487.0,
          462.0
        ],
        [
          1488.0,
          463.0
        ],
        [
          1488.0,
          464.0
        ],
        [
          1490.0,
          467.0
        ],
        [
          1490.0,
          469.0
        ],
        [
          1491.0,
          470.0
        ],
        [
          1491.0,
          471.0
        ],
        [
          1493.0,
          474.0
        ],
        [
          1493.0,
          476.0
        ],
        [
          1494.0,
          477.0
        ],
        [
          1494.0,
          479.0
        ],
        [
          1495.0,
          480.0
        ],
        [
          1495.0,
          481.0
        ],
        [
          1497.0,
          484.0
        ],
        [
          1497.0,
          486.0
        ],
        [
          1498.0,
          487.0
        ],
        [
          1498.0,
          489.0
        ],
        [
          1499.0,
          490.0
        ],
        [
          1499.0,
          491.0
        ],
        [
          1501.0,
          493.0
        ],
        [
          1501.0,
          494.0
        ],
        [
          1503.0,
          497.0
        ],
        [
          1503.0,
          499.0
        ],
        [
          1504.0,
          500.0
        ],
        [
          1504.0,
          505.0
        ],
        [
          1505.0,
          506.0
        ],
        [
          1505.0,
          508.0
        ],
        [
          1507.0,
          511.0
        ],
        [
          1507.0,
          514.0
        ],
        [
          1506.0,
          515.0
        ],
        [
          1506.0,
          516.0
        ],
        [
          1504.0,
          518.0
        ],
        [
          1503.0,
          518.0
        ],
        [
          1502.0,
          519.0
        ],
        [
          1495.0,
          519.0
        ],
        [
          1495.0,
          520.0
        ],
        [
          1496.0,
          521.0
        ],
        [
          1502.0,
          521.0
        ],
        [
          1503.0,
          522.0
        ],
        [
          1504.0,
          522.0
        ],
        [
          1506.0,
          524.0
        ],
        [
          1507.0,
          524.0
        ],
        [
          1509.0,
          527.0
        ],
        [
          1510.0,
          527.0
        ],
        [
          1511.0,
          528.0
        ],
        [
          1512.0,
          528.0
        ],
        [
          1513.0,
          529.0
        ],
        [
          1514.0,
          529.0
        ],
        [
          1517.0,
          531.0
        ],
        [
          1519.0,
          529.0
        ],
        [
          1519.0,
          523.0
        ],
        [
          1518.0,
          522.0
        ],
        [
          1518.0,
          519.0
        ],
        [
          1519.0,
          518.0
        ],
        [
          1519.0,
          505.0
        ],
        [
          1518.0,
          504.0
        ],
        [
          1518.0,
          500.0
        ],
        [
          1517.0,
          499.0
        ],
        [
          1517.0,
          497.0
        ],
        [
          1518.0,
          496.0
        ],
        [
          1518.0,
          494.0
        ],
        [
          1519.0,
          493.0
        ],
        [
          1519.0,
          480.0
        ],
        [
          1520.0,
          479.0
        ],
        [
          1520.0,
          463.0
        ],
        [
          1519.0,
          462.0
        ],
        [
          1519.0,
          458.0
        ],
        [
          1518.0,
          457.0
        ],
        [
          1518.0,
          454.0
        ],
        [
          1517.0,
          453.0
        ],
        [
          1517.0,
          452.0
        ],
        [
          1515.0,
          449.0
        ],
        [
          1515.0,
          447.0
        ],
        [
          1513.0,
          444.0
        ],
        [
          1513.0,
          442.0
        ],
        [
          1512.0,
          441.0
        ],
        [
          1512.0,
          439.0
        ],
        [
          1511.0,
          438.0
        ],
        [
          1511.0,
          436.0
        ],
        [
          1510.0,
          435.0
        ],
        [
          1510.0,
          434.0
        ],
        [
          1509.0,
          433.0
        ],
        [
          1509.0,
          432.0
        ],
        [
          1508.0,
          431.0
        ],
        [
          1508.0,
          430.0
        ],
        [
          1507.0,
          429.0
        ],
        [
          1507.0,
          428.0
        ],
        [
          1506.0,
          427.0
        ],
        [
          1505.0,
          424.0
        ],
        [
          1502.0,
          421.0
        ],
        [
          1502.0,
          420.0
        ],
        [
          1497.0,
          415.0
        ],
        [
          1497.0,
          414.0
        ],
        [
          1493.0,
          410.0
        ],
        [
          1493.0,
          409.0
        ],
        [
          1489.0,
          404.0
        ],
        [
          1488.0,
          404.0
        ],
        [
          1487.0,
          403.0
        ]
      ],
      "group_id": null,
      "description": "",
      "difficult": false,
      "shape_type": "polygon",
      "flags": {},
      "attributes": {},
      "kie_linking": []
    },
    {
      "label": "fish",
      "score": null,
      "points": [
        [
          1313.0,
          804.0
        ],
        [
          1311.0,
          802.0
        ],
        [
          1310.0,
          802.0
        ],
        [
          1309.0,
          801.0
        ],
        [
          1292.0,
          801.0
        ],
        [
          1289.0,
          803.0
        ],
        [
          1287.0,
          803.0
        ],
        [
          1286.0,
          804.0
        ],
        [
          1285.0,
          804.0
        ],
        [
          1282.0,
          807.0
        ],
        [
          1281.0,
          807.0
        ],
        [
          1278.0,
          810.0
        ],
        [
          1277.0,
          810.0
        ],
        [
          1275.0,
          812.0
        ],
        [
          1274.0,
          812.0
        ],
        [
          1270.0,
          816.0
        ],
        [
          1269.0,
          816.0
        ],
        [
          1265.0,
          820.0
        ],
        [
          1264.0,
          820.0
        ],
        [
          1263.0,
          821.0
        ],
        [
          1263.0,
          822.0
        ],
        [
          1255.0,
          830.0
        ],
        [
          1254.0,
          830.0
        ],
        [
          1254.0,
          831.0
        ],
        [
          1250.0,
          835.0
        ],
        [
          1249.0,
          835.0
        ],
        [
          1240.0,
          844.0
        ],
        [
          1239.0,
          844.0
        ],
        [
          1234.0,
          849.0
        ],
        [
          1233.0,
          849.0
        ],
        [
          1230.0,
          852.0
        ],
        [
          1229.0,
          852.0
        ],
        [
          1226.0,
          855.0
        ],
        [
          1225.0,
          855.0
        ],
        [
          1222.0,
          858.0
        ],
        [
          1222.0,
          859.0
        ],
        [
          1215.0,
          866.0
        ],
        [
          1215.0,
          867.0
        ],
        [
          1213.0,
          869.0
        ],
        [
          1213.0,
          870.0
        ],
        [
          1210.0,
          873.0
        ],
        [
          1210.0,
          874.0
        ],
        [
          1211.0,
          875.0
        ],
        [
          1211.0,
          876.0
        ],
        [
          1212.0,
          877.0
        ],
        [
          1220.0,
          877.0
        ],
        [
          1223.0,
          875.0
        ],
        [
          1226.0,
          875.0
        ],
        [
          1227.0,
          874.0
        ],
        [
          1230.0,
          874.0
        ],
        [
          1231.0,
          873.0
        ],
        [
          1234.0,
          873.0
        ],
        [
          1235.0,
          872.0
        ],
        [
          1240.0,
          872.0
        ],
        [
          1241.0,
          871.0
        ],
        [
          1243.0,
          871.0
        ],
        [
          1246.0,
          869.0
        ],
        [
          1248.0,
          869.0
        ],
        [
          1249.0,
          868.0
        ],
        [
          1250.0,
          868.0
        ],
        [
          1252.0,
          866.0
        ],
        [
          1253.0,
          866.0
        ],
        [
          1256.0,
          864.0
        ],
        [
          1262.0,
          864.0
        ],
        [
          1263.0,
          863.0
        ],
        [
          1265.0,
          863.0
        ],
        [
          1266.0,
          862.0
        ],
        [
          1267.0,
          862.0
        ],
        [
          1268.0,
          861.0
        ],
        [
          1269.0,
          861.0
        ],
        [
          1270.0,
          860.0
        ],
        [
          1271.0,
          860.0
        ],
        [
          1272.0,
          859.0
        ],
        [
          1273.0,
          859.0
        ],
        [
          1274.0,
          858.0
        ],
        [
          1275.0,
          858.0
        ],
        [
          1278.0,
          855.0
        ],
        [
          1279.0,
          855.0
        ],
        [
          1283.0,
          851.0
        ],
        [
          1283.0,
          850.0
        ],
        [
          1286.0,
          847.0
        ],
        [
          1287.0,
          847.0
        ],
        [
          1288.0,
          846.0
        ],
        [
          1288.0,
          845.0
        ],
        [
          1298.0,
          835.0
        ],
        [
          1299.0,
          835.0
        ],
        [
          1305.0,
          829.0
        ],
        [
          1305.0,
          828.0
        ],
        [
          1307.0,
          826.0
        ],
        [
          1307.0,
          825.0
        ],
        [
          1309.0,
          823.0
        ],
        [
          1309.0,
          822.0
        ],
        [
          1311.0,
          819.0
        ],
        [
          1311.0,
          817.0
        ],
        [
          1312.0,
          816.0
        ],
        [
          1312.0,
          814.0
        ],
        [
          1313.0,
          813.0
        ]
      ],
      "group_id": null,
      "description": "",
      "difficult": false,
      "shape_type": "polygon",
      "flags": {},
      "attributes": {},
      "kie_linking": []
    },
    {
      "label": "fish",
      "score": null,
      "points": [
        [
          1684.0,
          718.0
        ],
        [
          1683.0,
          719.0
        ],
        [
          1681.0,
          719.0
        ],
        [
          1675.0,
          725.0
        ],
        [
          1674.0,
          725.0
        ],
        [
          1670.0,
          729.0
        ],
        [
          1669.0,
          729.0
        ],
        [
          1669.0,
          730.0
        ],
        [
          1667.0,
          733.0
        ],
        [
          1667.0,
          742.0
        ],
        [
          1666.0,
          743.0
        ],
        [
          1666.0,
          759.0
        ],
        [
          1665.0,
          760.0
        ],
        [
          1665.0,
          764.0
        ],
        [
          1664.0,
          765.0
        ],
        [
          1664.0,
          779.0
        ],
        [
          1663.0,
          780.0
        ],
        [
          1663.0,
          790.0
        ],
        [
          1662.0,
          791.0
        ],
        [
          1662.0,
          796.0
        ],
        [
          1661.0,
          797.0
        ],
        [
          1661.0,
          801.0
        ],
        [
          1660.0,
          802.0
        ],
        [
          1660.0,
          810.0
        ],
        [
          1661.0,
          811.0
        ],
        [
          1661.0,
          818.0
        ],
        [
          1662.0,
          819.0
        ],
        [
          1662.0,
          823.0
        ],
        [
          1663.0,
          824.0
        ],
        [
          1663.0,
          827.0
        ],
        [
          1664.0,
          828.0
        ],
        [
          1664.0,
          830.0
        ],
        [
          1665.0,
          831.0
        ],
        [
          1665.0,
          833.0
        ],
        [
          1666.0,
          834.0
        ],
        [
          1666.0,
          848.0
        ],
        [
          1665.0,
          849.0
        ],
        [
          1665.0,
          864.0
        ],
        [
          1667.0,
          867.0
        ],
        [
          1669.0,
          867.0
        ],
        [
          1671.0,
          864.0
        ],
        [
          1671.0,
          858.0
        ],
        [
          1672.0,
          857.0
        ],
        [
          1672.0,
          838.0
        ],
        [
          1673.0,
          837.0
        ],
        [
          1673.0,
          834.0
        ],
        [
          1674.0,
          833.0
        ],
        [
          1674.0,
          828.0
        ],
        [
          1675.0,
          827.0
        ],
        [
          1676.0,
          824.0
        ],
        [
          1679.0,
          821.0
        ],
        [
          1680.0,
          821.0
        ],
        [
          1681.0,
          820.0
        ],
        [
          1682.0,
          820.0
        ],
        [
          1683.0,
          819.0
        ],
        [
          1686.0,
          818.0
        ],
        [
          1688.0,
          815.0
        ],
        [
          1688.0,
          805.0
        ],
        [
          1689.0,
          804.0
        ],
        [
          1689.0,
          802.0
        ],
        [
          1690.0,
          801.0
        ],
        [
          1690.0,
          799.0
        ],
        [
          1692.0,
          796.0
        ],
        [
          1692.0,
          794.0
        ],
        [
          1693.0,
          793.0
        ],
        [
          1693.0,
          790.0
        ],
        [
          1694.0,
          789.0
        ],
        [
          1694.0,
          785.0
        ],
        [
          1695.0,
          784.0
        ],
        [
          1695.0,
          768.0
        ],
        [
          1696.0,
          767.0
        ],
        [
          1696.0,
          758.0
        ],
        [
          1697.0,
          757.0
        ],
        [
          1697.0,
          741.0
        ],
        [
          1696.0,
          740.0
        ],
        [
          1696.0,
          734.0
        ],
        [
          1695.0,
          733.0
        ],
        [
          1695.0,
          729.0
        ],
        [
          1694.0,
          728.0
        ],
        [
          1694.0,
          725.0
        ],
        [
          1693.0,
          724.0
        ],
        [
          1693.0,
          722.0
        ],
        [
          1691.0,
          720.0
        ],
        [
          1691.0,
          719.0
        ],
        [
          1685.0,
          719.0
        ]
      ],
      "group_id": null,
      "description": "",
      "difficult": false,
      "shape_type": "polygon",
      "flags": {},
      "attributes": {},
      "kie_linking": []
    }
  ],
  "imagePath": "frame_000042.jpg",
  "imageData": null,
  "imageHeight": 1080,
  "imageWidth": 1920
}