{
  "version": "3.1.1",
  "flags": {},
  "shapes": [
    {
      "label": "fish",
      "score": null,
      "points": [
        [
          1443.0,
          124.0
        ],
        [
          1435.0,
          124.0
        ],
        [
          1430.0,
          129.0
        ],
        [
          1429.0,
          132.0
        ],
        [
          1423.0,
          138.0
        ],
        [
          1423.0,
          139.0
        ],
        [
          1421.0,
          142.0
        ],
        [
          1421.0,
          157.0
        ],
        [
          1420.0,
          158.0
        ],
        [
          1420.0,
          162.0
        ],
        [
          1421.0,
          163.0
        ],
        [
          1421.0,
          170.0
        ],
        [
          1420.0,
          171.0
        ],
        [
          1420.0,
          174.0
        ],
        [
          1419.0,
          175.0
        ],
        [
          1419.0,
          208.0
        ],
        [
          1418.0,
          209.0
        ],
        [
          1418.0,
          279.0
        ],
        [
          1419.0,
          280.0
        ],
        [
          1419.0,
          286.0
        ],
        [
          1420.0,
          287.0
        ],
        [
          1420.0,
          288.0
        ],
        [
          1422.0,
          290.0
        ],
        [
          1423.0,
          290.0
        ],
        [
          1424.0,
          291.0
        ],
        [
          1426.0,
          291.0
        ],
        [
          1427.0,
          292.0
        ],
        [
          1428.0,
          291.0
        ],
        [
          1429.0,
          291.0
        ],
        [
          1429.0,
          289.0
        ],
        [
          1430.0,
          288.0
        ],
        [
          1430.0,
          280.0
        ],
        [
          1429.0,
          279.0
        ],
        [
          1429.0,
          275.0
        ],
        [
          1428.0,
          274.0
        ],
        [
          1428.0,
          270.0
        ],
        [
          1427.0,
          269.0
        ],
        [
          1427.0,
          255.0
        ],
        [
          1428.0,
          254.0
        ],
        [
          1428.0,
          252.0
        ],
        [
          1429.0,
          251.0
        ],
        [
          1429.0,
          248.0
        ],
        [
          1430.0,
          247.0
        ],
        [
          1430.0,
          244.0
        ],
        [
          1431.0,
          243.0
        ],
        [
          1431.0,
          237.0
        ],
        [
          1432.0,
          236.0
        ],
        [
          1432.0,
          232.0
        ],
        [
          1434.0,
          229.0
        ],
        [
          1434.0,
          227.0
        ],
        [
          1436.0,
          225.0
        ],
        [
          1436.0,
          224.0
        ],
        [
          1437.0,
          223.0
        ],
        [
          1437.0,
          222.0
        ],
        [
          1438.0,
          221.0
        ],
        [
          1440.0,
          216.0
        ],
        [
          1442.0,
          214.0
        ],
        [
          1442.0,
          213.0
        ],
        [
          1443.0,
          212.0
        ],
        [
          1444.0,
          209.0
        ],
        [
          1446.0,
          207.0
        ],
        [
          1446.0,
          205.0
        ],
        [
          1447.0,
          204.0
        ],
        [
          1447.0,
          199.0
        ],
        [
          1448.0,
          198.0
        ],
        [
          1448.0,
          196.0
        ],
        [
          1447.0,
          195.0
        ],
        [
          1447.0,
          186.0
        ],
        [
          1448.0,
          185.0
        ],
        [
          1448.0,
          181.0
        ],
        [
          1449.0,
          180.0
        ],
        [
          1449.0,
          178.0
        ],
        [
          1451.0,
          175.0
        ],
        [
          1451.0,
          171.0
        ],
        [
          1452.0,
          170.0
        ],
        [
          1452.0,
          168.0
        ],
        [
          1450.0,
          165.0
        ],
        [
          1450.0,
          162.0
        ],
        [
          1449.0,
          161.0
        ],
        [
          1449.0,
          149.0
        ],
        [
          1448.0,
          148.0
        ],
        [
          1448.0,
          139.0
        ],
        [
          1447.0,
          138.0
        ],
        [
          1447.0,
          133.0
        ],
        [
          1446.0,
          132.0
        ],
        [
          1446.0,
          129.0
        ]
      ],
      "group_id": null,
      "description": "",
      "difficult": false,
      "shape_type": "polygon",
      "flags": {},
      "attributes": {},
      "kie_linking": []
    },
    {
      "label": "fish",
      "score": null,
      "points": [
        [
          1541.0,
          138.0
        ],
        [
          1540.0,
          139.0
        ],
        [
          1539.0,
          139.0
        ],
        [
          1539.0,
          140.0
        ],
        [
          1535.0,
          145.0
        ],
        [
          1535.0,
          147.0
        ],
        [
          1534.0,
          148.0
        ],
        [
          1534.0,
          149.0
        ],
        [
          1532.0,
          151.0
        ],
        [
          1532.0,
          152.0
        ],
        [
          1530.0,
          154.0
        ],
        [
          1530.0,
          155.0
        ],
        [
          1526.0,
          160.0
        ],
        [
          1526.0,
          164.0
        ],
        [
          1527.0,
          165.0
        ],
        [
          1527.0,
          174.0
        ],
        [
          1528.0,
          175.0
        ],
        [
          1528.0,
          178.0
        ],
        [
          1529.0,
          179.0
        ],
        [
          1529.0,
          197.0
        ],
        [
          1530.0,
          198.0
        ],
        [
          1530.0,
          201.0
        ],
        [
          1531.0,
          202.0
        ],
        [
          1531.0,
          209.0
        ],
        [
          1532.0,
          210.0
        ],
        [
          1532.0,
          214.0
        ],
        [
          1533.0,
          215.0
        ],
        [
          1533.0,
          218.0
        ],
        [
          1534.0,
          219.0
        ],
        [
          1534.0,
          222.0
        ],
        [
          1535.0,
          223.0
        ],
        [
          1535.0,
          225.0
        ],
        [
          1536.0,
          226.0
        ],
        [
          1536.0,
          229.0
        ],
        [
          1537.0,
          230.0
        ],
        [
          1537.0,
          234.0
        ],
        [
          1538.0,
          235.0
        ],
        [
          1538.0,
          236.0
        ],
        [
          1537.0,
          237.0
        ],
        [
          1537.0,
          240.0
        ],
        [
          1534.0,
          243.0
        ],
        [
          1534.0,
          244.0
        ],
        [
          1532.0,
          246.0
        ],
        [
          1532.0,
          247.0
        ],
        [
          1530.0,
          250.0
        ],
        [
          1530.0,
          254.0
        ],
        [
          1531.0,
          255.0
        ],
        [
          1531.0,
          263.0
        ],
        [
          1532.0,
          264.0
        ],
        [
          1532.0,
          267.0
        ],
        [
          1533.0,
          268.0
        ],
        [
          1533.0,
          274.0
        ],
        [
          1534.0,
          275.0
        ],
        [
          1534.0,
          281.0
        ],
        [
          1535.0,
          282.0
        ],
        [
          1535.0,
          283.0
        ],
        [
          1537.0,
          285.0
        ],
        [
          1537.0,
          286.0
        ],
        [
          1545.0,
          293.0
        ],
        [
          1545.0,
          298.0
        ],
        [
          1546.0,
          299.0
        ],
        [
          1546.0,
          304.0
        ],
        [
          1547.0,
          305.0
        ],
        [
          1547.0,
          306.0
        ],
        [
          1549.0,
          308.0
        ],
        [
          1549.0,
          309.0
        ],
        [
          1551.0,
          309.0
        ],
        [
          1552.0,
          308.0
        ],
        [
          1553.0,
          308.0
        ],
        [
          1553.0,
          302.0
        ],
        [
          1551.0,
          299.0
        ],
        [
          1551.0,
          297.0
        ],
        [
          1550.0,
          296.0
        ],
        [
          1550.0,
          294.0
        ],
        [
          1549.0,
          293.0
        ],
        [
          1549.0,
          290.0
        ],
        [
          1548.0,
          289.0
        ],
        [
          1548.0,
          287.0
        ],
        [
          1547.0,
          286.0
        ],
        [
          1547.0,
          281.0
        ],
        [
          1546.0,
          280.0
        ],
        [
          1546.0,
          278.0
        ],
        [
          1547.0,
          277.0
        ],
        [
          1547.0,
          272.0
        ],
        [
          1548.0,
          271.0
        ],
        [
          1548.0,
          270.0
        ],
        [
          1549.0,
          269.0
        ],
        [
          1549.0,
          267.0
        ],
        [
          1550.0,
          266.0
        ],
        [
          1550.0,
          261.0
        ],
        [
          1549.0,
          260.0
        ],
        [
          1549.0,
          257.0
        ],
        [
          1550.0,
          256.0
        ],
        [
          1550.0,
          252.0
        ],
        [
          1551.0,
          251.0
        ],
        [
          1551.0,
          249.0
        ],
        [
          1552.0,
          248.0
        ],
        [
          1552.0,
          246.0
        ],
        [
          1553.0,
          245.0
        ],
        [
          1553.0,
          243.0
        ],
        [
          1554.0,
          242.0
        ],
        [
          1554.0,
          238.0
        ],
        [
          1555.0,
          237.0
        ],
        [
          1555.0,
          235.0
        ],
        [
          1556.0,
          234.0
        ],
        [
          1556.0,
          232.0
        ],
        [
          1558.0,
          229.0
        ],
        [
          1558.0,
          227.0
        ],
        [
          1559.0,
          226.0
        ],
        [
          1559.0,
          224.0
        ],
        [
          1560.0,
          223.0
        ],
        [
          1560.0,
          220.0
        ],
        [
          1561.0,
          219.0
        ],
        [
          1561.0,
          191.0
        ],
        [
          1560.0,
          190.0
        ],
        [
          1560.0,
          176.0
        ],
        [
          1559.0,
          175.0
        ],
        [
          1559.0,
          171.0
        ],
        [
          1558.0,
          170.0
        ],
        [
          1558.0,
          166.0
        ],
        [
          1557.0,
          165.0
        ],
        [
          1557.0,
          163.0
        ],
        [
          1556.0,
          162.0
        ],
        [
          1556.0,
          160.0
        ],
        [
          1555.0,
          159.0
        ],
        [
          1555.0,
          156.0
        ],
        [
          1554.0,
          155.0
        ],
        [
          1554.0,
          153.0
        ],
        [
          1553.0,
          152.0
        ],
        [
          1553.0,
          150.0
        ],
        [
          1552.0,
          149.0
        ],
        [
          1552.0,
          146.0
        ],
        [
          1551.0,
          145.0
        ],
        [
          1551.0,
          143.0
        ],
        [
          1547.0,
          138.0
        ]
      ],
      "group_id": null,
      "description": "",
      "difficult": false,
      "shape_type": "polygon",
      "flags": {},
      "attributes": {},
      "kie_linking": []
    },
    {
      "label": "fish",
      "score": null,
      "points": [
        [
          1717.0,
          355.0
        ],
        [
          1714.0,
          357.0
        ],
        [
          1714.0,
          365.0
        ],
        [
          1713.0,
          366.0
        ],
        [
          1713.0,
          376.0
        ],
        [
          1714.0,
          377.0
        ],
        [
          1714.0,
          387.0
        ],
        [
          1715.0,
          388.0
        ],
        [
          1715.0,
          391.0
        ],
        [
          1716.0,
          392.0
        ],
        [
          1716.0,
          400.0
        ],
        [
          1717.0,
          401.0
        ],
        [
          1717.0,
          403.0
        ],
        [
          1718.0,
          404.0
        ],
        [
          1718.0,
          411.0
        ],
        [
          1717.0,
          412.0
        ],
        [
          1717.0,
          419.0
        ],
        [
          1716.0,
          420.0
        ],
        [
          1716.0,
          426.0
        ],
        [
          1715.0,
          427.0
        ],
        [
          1715.0,
          433.0
        ],
        [
          1714.0,
          434.0
        ],
        [
          1714.0,
          439.0
        ],
        [
          1713.0,
          440.0
        ],
        [
          1713.0,
          443.0
        ],
        [
          1712.0,
          444.0
        ],
        [
          1712.0,
          448.0
        ],
        [
          1711.0,
          449.0
        ],
        [
          1711.0,
          453.0
        ],
        [
          1710.0,
          454.0
        ],
        [
          1710.0,
          457.0
        ],
        [
          1709.0,
          458.0
        ],
        [
          1709.0,
          467.0
        ],
        [
          1710.0,
          468.0
        ],
        [
          1710.0,
          469.0
        ],
        [
          1712.0,
          471.0
        ],
        [
          1712.0,
          472.0
        ],
        [
          1719.0,
          479.0
        ],
        [
          1719.0,
          480.0
        ],
        [
          1721.0,
          482.0
        ],
        [
          1723.0,
          482.0
        ],
        [
          1724.0,
          481.0
        ],
        [
          1725.0,
          481.0
        ],
        [
          1726.0,
          480.0
        ],
        [
          1727.0,
          480.0
        ],
        [
          1727.0,
          479.0
        ],
        [
          1728.0,
          478.0
        ],
        [
          1728.0,
          477.0
        ],
        [
          1729.0,
          476.0
        ],
        [
          1729.0,
          475.0
        ],
        [
          1731.0,
          472.0
        ],
        [
          1731.0,
          470.0
        ],
        [
          1733.0,
          467.0
        ],
        [
          1733.0,
          464.0
        ],
        [
          1734.0,
          463.0
        ],
        [
          1734.0,
          461.0
        ],
        [
          1735.0,
          460.0
        ],
        [
          1735.0,
          458.0
        ],
        [
          1736.0,
          457.0
        ],
        [
          1736.0,
          453.0
        ],
        [
          1737.0,
          452.0
        ],
        [
          1737.0,
          440.0
        ],
        [
          1738.0,
          439.0
        ],
        [
          1738.0,
          434.0
        ],
        [
          1739.0,
          433.0
        ],
        [
          1739.0,
          429.0
        ],
        [
          1740.0,
          428.0
        ],
        [
          1740.0,
          423.0
        ],
        [
          1741.0,
          422.0
        ],
        [
          1740.0,
          421.0
        ],
        [
          1740.0,
          413.0
        ],
        [
          1739.0,
          412.0
        ],
        [
          1739.0,
          408.0
        ],
        [
          1738.0,
          407.0
        ],
        [
          1738.0,
          405.0
        ],
        [
          1737.0,
          404.0
        ],
        [
          1737.0,
          401.0
        ],
        [
          1736.0,
          400.0
        ],
        [
          1736.0,
          397.0
        ],
        [
          1734.0,
          394.0
        ],
        [
          1734.0,
          390.0
        ],
        [
          1733.0,
          389.0
        ],
        [
          1733.0,
          386.0
        ],
        [
          1732.0,
          385.0
        ],
        [
          1732.0,
          384.0
        ],
        [
          1731.0,
          383.0
        ],
        [
          1731.0,
          382.0
        ],
        [
          1729.0,
          379.0
        ],
        [
          1729.0,
          377.0
        ],
        [
          1728.0,
          376.0
        ],
        [
          1728.0,
          374.0
        ],
        [
          1726.0,
          371.0
        ],
        [
          1726.0,
          368.0
        ],
        [
          1725.0,
          367.0
        ],
        [
          1725.0,
          364.0
        ],
        [
          1724.0,
          363.0
        ],
        [
          1724.0,
          360.0
        ],
        [
          1723.0,
          359.0
        ],
        [
          1723.0,
          358.0
        ],
        [
          1721.0,
          355.0
        ]
      ],
      "group_id": null,
      "description": "",
      "difficult": false,
      "shape_type": "polygon",
      "flags": {},
      "attributes": {},
      "kie_linking": []
    },
    {
      "label": "fish",
      "score": null,
      "points": [
        [
          1676.0,
          652.0
        ],
        [
          1675.0,
          653.0
        ],
        [
          1674.0,
          653.0
        ],
        [
          1674.0,
          654.0
        ],
        [
          1673.0,
          655.0
        ],
        [
          1673.0,
          657.0
        ],
        [
          1672.0,
          658.0
        ],
        [
          1672.0,
          661.0
        ],
        [
          1671.0,
          662.0
        ],
        [
          1671.0,
          665.0
        ],
        [
          1670.0,
          666.0
        ],
        [
          1670.0,
          668.0
        ],
        [
          1669.0,
          669.0
        ],
        [
          1669.0,
          670.0
        ],
        [
          1668.0,
          671.0
        ],
        [
          1668.0,
          672.0
        ],
        [
          1667.0,
          673.0
        ],
        [
          1667.0,
          674.0
        ],
        [
          1666.0,
          675.0
        ],
        [
          1666.0,
          677.0
        ],
        [
          1665.0,
          678.0
        ],
        [
          1665.0,
          683.0
        ],
        [
          1664.0,
          684.0
        ],
        [
          1664.0,
          688.0
        ],
        [
          1665.0,
          689.0
        ],
        [
          1665.0,
          702.0
        ],
        [
          1666.0,
          703.0
        ],
        [
          1666.0,
          712.0
        ],
        [
          1665.0,
          713.0
        ],
        [
          1665.0,
          747.0
        ],
        [
          1664.0,
          748.0
        ],
        [
          1664.0,
          754.0
        ],
        [
          1663.0,
          755.0
        ],
        [
          1663.0,
          760.0
        ],
        [
          1664.0,
          761.0
        ],
        [
          1664.0,
          762.0
        ],
        [
          1675.0,
          773.0
        ],
        [
          1680.0,
          773.0
        ],
        [
          1681.0,
          772.0
        ],
        [
          1682.0,
          772.0
        ],
        [
          1684.0,
          770.0
        ],
        [
          1684.0,
          769.0
        ],
        [
          1685.0,
          768.0
        ],
        [
          1685.0,
          767.0
        ],
        [
          1686.0,
          766.0
        ],
        [
          1686.0,
          765.0
        ],
        [
          1687.0,
          764.0
        ],
        [
          1687.0,
          762.0
        ],
        [
          1688.0,
          761.0
        ],
        [
          1688.0,
          760.0
        ],
        [
          1689.0,
          759.0
        ],
        [
          1689.0,
          758.0
        ],
        [
          1690.0,
          757.0
        ],
        [
          1690.0,
          755.0
        ],
        [
          1691.0,
          754.0
        ],
        [
          1691.0,
          752.0
        ],
        [
          1692.0,
          751.0
        ],
        [
          1692.0,
          745.0
        ],
        [
          1693.0,
          744.0
        ],
        [
          1693.0,
          722.0
        ],
        [
          1692.0,
          721.0
        ],
        [
          1692.0,
          713.0
        ],
        [
          1691.0,
          712.0
        ],
        [
          1691.0,
          710.0
        ],
        [
          1690.0,
          709.0
        ],
        [
          1690.0,
          707.0
        ],
        [
          1689.0,
          706.0
        ],
        [
          1689.0,
          704.0
        ],
        [
          1688.0,
          703.0
        ],
        [
          1688.0,
          701.0
        ],
        [
          1687.0,
          700.0
        ],
        [
          1687.0,
          697.0
        ],
        [
          1686.0,
          696.0
        ],
        [
          1686.0,
          693.0
        ],
        [
          1685.0,
          692.0
        ],
        [
          1685.0,
          681.0
        ],
        [
          1684.0,
          680.0
        ],
        [
          1684.0,
          675.0
        ],
        [
          1683.0,
          674.0
        ],
        [
          1683.0,
          670.0
        ],
        [
          1682.0,
          669.0
        ],
        [
          1682.0,
          662.0
        ],
        [
          1681.0,
          661.0
        ],
        [
          1681.0,
          657.0
        ]
      ],
      "group_id": null,
      "description": "",
      "difficult": false,
      "shape_type": "polygon",
      "flags": {},
      "attributes": {},
      "kie_linking": []
    }
  ],
  "imagePath": "frame_000014.jpg",
  "imageData": null,
  "imageHeight": 1080,
  "imageWidth": 1920
}