{
  "version": "3.1.1",
  "flags": {},
  "shapes": [
    {
      "label": "fish",
      "score": null,
      "points": [
        [
          1384.0,
          336.0
        ],
        [
          1382.0,
          338.0
        ],
        [
          1382.0,
          339.0
        ],
        [
          1381.0,
          340.0
        ],
        [
          1381.0,
          353.0
        ],
        [
          1380.0,
          354.0
        ],
        [
          1380.0,
          362.0
        ],
        [
          1381.0,
          363.0
        ],
        [
          1381.0,
          364.0
        ],
        [
          1382.0,
          365.0
        ],
        [
          1382.0,
          366.0
        ],
        [
          1384.0,
          368.0
        ],
        [
          1385.0,
          368.0
        ],
        [
          1392.0,
          375.0
        ],
        [
          1392.0,
          376.0
        ],
        [
          1394.0,
          378.0
        ],
        [
          1394.0,
          379.0
        ],
        [
          1395.0,
          380.0
        ],
        [
          1395.0,
          381.0
        ],
        [
          1396.0,
          382.0
        ],
        [
          1396.0,
          383.0
        ],
        [
          1398.0,
          385.0
        ],
        [
          1398.0,
          386.0
        ],
        [
          1400.0,
          388.0
        ],
        [
          1400.0,
          389.0
        ],
        [
          1403.0,
          392.0
        ],
        [
          1403.0,
          393.0
        ],
        [
          1404.0,
          394.0
        ],
        [
          1404.0,
          395.0
        ],
        [
          1407.0,
          398.0
        ],
        [
          1407.0,
          399.0
        ],
        [
          1411.0,
          403.0
        ],
        [
          1411.0,
          404.0
        ],
        [
          1427.0,
          420.0
        ],
        [
          1427.0,
          421.0
        ],
        [
          1432.0,
          426.0
        ],
        [
          1433.0,
          426.0
        ],
        [
          1434.0,
          427.0
        ],
        [
          1435.0,
          427.0
        ],
        [
          1438.0,
          430.0
        ],
        [
          1439.0,
          430.0
        ],
        [
          1441.0,
          432.0
        ],
        [
          1442.0,
          432.0
        ],
        [
          1445.0,
          434.0
        ],
        [
          1447.0,
          434.0
        ],
        [
          1448.0,
          435.0
        ],
        [
          1450.0,
          435.0
        ],
        [
          1451.0,
          436.0
        ],
        [
          1453.0,
          436.0
        ],
        [
          1454.0,
          437.0
        ],
        [
          1456.0,
          437.0
        ],
        [
          1457.0,
          438.0
        ],
        [
          1461.0,
          438.0
        ],
        [
          1462.0,
          439.0
        ],
        [
          1467.0,
          439.0
        ],
        [
          1468.0,
          438.0
        ],
        [
          1468.0,
          437.0
        ],
        [
          1467.0,
          436.0
        ],
        [
          1466.0,
          436.0
        ],
        [
          1464.0,
          434.0
        ],
        [
          1463.0,
          434.0
        ],
        [
          1461.0,
          432.0
        ],
        [
          1461.0,
          431.0
        ],
        [
          1458.0,
          428.0
        ],
        [
          1457.0,
          428.0
        ],
        [
          1455.0,
          426.0
        ],
        [
          1454.0,
          426.0
        ],
        [
          1450.0,
          422.0
        ],
        [
          1449.0,
          422.0
        ],
        [
          1446.0,
          419.0
        ],
        [
          1446.0,
          418.0
        ],
        [
          1444.0,
          416.0
        ],
        [
          1444.0,
          414.0
        ],
        [
          1443.0,
          413.0
        ],
        [
          1443.0,
          411.0
        ],
        [
          1441.0,
          408.0
        ],
        [
          1441.0,
          406.0
        ],
        [
          1440.0,
          405.0
        ],
        [
          1440.0,
          403.0
        ],
        [
          1439.0,
          402.0
        ],
        [
          1439.0,
          400.0
        ],
        [
          1438.0,
          399.0
        ],
        [
          1438.0,
          398.0
        ],
        [
          1437.0,
          397.0
        ],
        [
          1437.0,
          396.0
        ],
        [
          1436.0,
          395.0
        ],
        [
          1436.0,
          394.0
        ],
        [
          1434.0,
          392.0
        ],
        [
          1434.0,
          391.0
        ],
        [
          1432.0,
          389.0
        ],
        [
          1432.0,
          388.0
        ],
        [
          1430.0,
          386.0
        ],
        [
          1430.0,
          385.0
        ],
        [
          1429.0,
          384.0
        ],
        [
          1429.0,
          383.0
        ],
        [
          1428.0,
          382.0
        ],
        [
          1428.0,
          381.0
        ],
        [
          1427.0,
          380.0
        ],
        [
          1427.0,
          379.0
        ],
        [
          1424.0,
          376.0
        ],
        [
          1424.0,
          375.0
        ],
        [
          1422.0,
          373.0
        ],
        [
          1422.0,
          372.0
        ],
        [
          1419.0,
          369.0
        ],
        [
          1419.0,
          368.0
        ],
        [
          1417.0,
          366.0
        ],
        [
          1417.0,
          365.0
        ],
        [
          1416.0,
          364.0
        ],
        [
          1416.0,
          363.0
        ],
        [
          1414.0,
          361.0
        ],
        [
          1414.0,
          360.0
        ],
        [
          1410.0,
          356.0
        ],
        [
          1410.0,
          355.0
        ],
        [
          1407.0,
          352.0
        ],
        [
          1407.0,
          351.0
        ],
        [
          1401.0,
          345.0
        ],
        [
          1401.0,
          344.0
        ],
        [
          1395.0,
          338.0
        ],
        [
          1394.0,
          338.0
        ],
        [
          1391.0,
          335.0
        ],
        [
          1387.0,
          335.0
        ],
        [
          1386.0,
          336.0
        ]
      ],
      "group_id": null,
      "description": "",
      "difficult": false,
      "shape_type": "polygon",
      "flags": {},
      "attributes": {},
      "kie_linking": []
    },
    {
      "label": "fish",
      "score": null,
      "points": [
        [
          1530.0,
          235.0
        ],
        [
          1530.0,
          236.0
        ],
        [
          1533.0,
          237.0
        ],
        [
          1534.0,
          236.0
        ],
        [
          1536.0,
          236.0
        ],
        [
          1539.0,
          234.0
        ],
        [
          1541.0,
          234.0
        ],
        [
          1542.0,
          233.0
        ],
        [
          1544.0,
          233.0
        ],
        [
          1545.0,
          232.0
        ],
        [
          1550.0,
          232.0
        ],
        [
          1551.0,
          231.0
        ],
        [
          1555.0,
          231.0
        ],
        [
          1556.0,
          230.0
        ],
        [
          1573.0,
          230.0
        ],
        [
          1574.0,
          229.0
        ],
        [
          1576.0,
          229.0
        ],
        [
          1577.0,
          228.0
        ],
        [
          1579.0,
          228.0
        ],
        [
          1580.0,
          229.0
        ],
        [
          1583.0,
          229.0
        ],
        [
          1584.0,
          230.0
        ],
        [
          1586.0,
          230.0
        ],
        [
          1587.0,
          231.0
        ],
        [
          1588.0,
          231.0
        ],
        [
          1589.0,
          232.0
        ],
        [
          1590.0,
          232.0
        ],
        [
          1591.0,
          233.0
        ],
        [
          1592.0,
          233.0
        ],
        [
          1593.0,
          234.0
        ],
        [
          1596.0,
          235.0
        ],
        [
          1598.0,
          237.0
        ],
        [
          1599.0,
          237.0
        ],
        [
          1600.0,
          238.0
        ],
        [
          1601.0,
          238.0
        ],
        [
          1602.0,
          239.0
        ],
        [
          1605.0,
          240.0
        ],
        [
          1609.0,
          244.0
        ],
        [
          1610.0,
          244.0
        ],
        [
          1612.0,
          246.0
        ],
        [
          1613.0,
          246.0
        ],
        [
          1616.0,
          248.0
        ],
        [
          1618.0,
          248.0
        ],
        [
          1619.0,
          249.0
        ],
        [
          1620.0,
          249.0
        ],
        [
          1621.0,
          250.0
        ],
        [
          1622.0,
          250.0
        ],
        [
          1623.0,
          251.0
        ],
        [
          1626.0,
          252.0
        ],
        [
          1628.0,
          254.0
        ],
        [
          1629.0,
          254.0
        ],
        [
          1631.0,
          256.0
        ],
        [
          1632.0,
          256.0
        ],
        [
          1635.0,
          259.0
        ],
        [
          1636.0,
          259.0
        ],
        [
          1637.0,
          260.0
        ],
        [
          1638.0,
          260.0
        ],
        [
          1641.0,
          262.0
        ],
        [
          1643.0,
          262.0
        ],
        [
          1644.0,
          263.0
        ],
        [
          1646.0,
          263.0
        ],
        [
          1647.0,
          262.0
        ],
        [
          1649.0,
          262.0
        ],
        [
          1650.0,
          261.0
        ],
        [
          1662.0,
          261.0
        ],
        [
          1663.0,
          260.0
        ],
        [
          1664.0,
          260.0
        ],
        [
          1666.0,
          258.0
        ],
        [
          1666.0,
          256.0
        ],
        [
          1667.0,
          255.0
        ],
        [
          1667.0,
          251.0
        ],
        [
          1666.0,
          250.0
        ],
        [
          1666.0,
          249.0
        ],
        [
          1665.0,
          249.0
        ],
        [
          1655.0,
          239.0
        ],
        [
          1654.0,
          239.0
        ],
        [
          1647.0,
          232.0
        ],
        [
          1646.0,
          232.0
        ],
        [
          1644.0,
          230.0
        ],
        [
          1643.0,
          230.0
        ],
        [
          1638.0,
          226.0
        ],
        [
          1637.0,
          226.0
        ],
        [
          1636.0,
          225.0
        ],
        [
          1635.0,
          225.0
        ],
        [
          1632.0,
          223.0
        ],
        [
          1630.0,
          223.0
        ],
        [
          1629.0,
          222.0
        ],
        [
          1628.0,
          222.0
        ],
        [
          1626.0,
          220.0
        ],
        [
          1625.0,
          220.0
        ],
        [
          1624.0,
          219.0
        ],
        [
          1623.0,
          219.0
        ],
        [
          1622.0,
          218.0
        ],
        [
          1619.0,
          217.0
        ],
        [
          1617.0,
          215.0
        ],
        [
          1616.0,
          215.0
        ],
        [
          1615.0,
          214.0
        ],
        [
          1614.0,
          214.0
        ],
        [
          1613.0,
          213.0
        ],
        [
          1612.0,
          213.0
        ],
        [
          1609.0,
          211.0
        ],
        [
          1606.0,
          211.0
        ],
        [
          1605.0,
          210.0
        ],
        [
          1600.0,
          210.0
        ],
        [
          1599.0,
          209.0
        ],
        [
          1595.0,
          209.0
        ],
        [
          1594.0,
          208.0
        ],
        [
          1591.0,
          208.0
        ],
        [
          1590.0,
          209.0
        ],
        [
          1586.0,
          209.0
        ],
        [
          1584.0,
          211.0
        ],
        [
          1583.0,
          211.0
        ],
        [
          1580.0,
          213.0
        ],
        [
          1578.0,
          213.0
        ],
        [
          1577.0,
          214.0
        ],
        [
          1565.0,
          214.0
        ],
        [
          1564.0,
          215.0
        ],
        [
          1561.0,
          215.0
        ],
        [
          1560.0,
          216.0
        ],
        [
          1556.0,
          216.0
        ],
        [
          1555.0,
          217.0
        ],
        [
          1554.0,
          217.0
        ],
        [
          1553.0,
          218.0
        ],
        [
          1550.0,
          219.0
        ],
        [
          1547.0,
          222.0
        ],
        [
          1546.0,
          222.0
        ],
        [
          1544.0,
          224.0
        ],
        [
          1543.0,
          224.0
        ],
        [
          1542.0,
          225.0
        ],
        [
          1541.0,
          225.0
        ],
        [
          1539.0,
          227.0
        ],
        [
          1538.0,
          227.0
        ],
        [
          1537.0,
          230.0
        ],
        [
          1534.0,
          233.0
        ],
        [
          1532.0,
          233.0
        ]
      ],
      "group_id": null,
      "description": "",
      "difficult": false,
      "shape_type": "polygon",
      "flags": {},
      "attributes": {},
      "kie_linking": []
    },
    {
      "label": "fish",
      "score": null,
      "points": [
        [
          1569.0,
          99.0
        ],
        [
          1567.0,
          101.0
        ],
        [
          1567.0,
          103.0
        ],
        [
          1566.0,
          104.0
        ],
        [
          1566.0,
          114.0
        ],
        [
          1565.0,
          115.0
        ],
        [
          1565.0,
          122.0
        ],
        [
          1566.0,
          123.0
        ],
        [
          1567.0,
          126.0
        ],
        [
          1579.0,
          138.0
        ],
        [
          1580.0,
          138.0
        ],
        [
          1586.0,
          144.0
        ],
        [
          1586.0,
          145.0
        ],
        [
          1588.0,
          147.0
        ],
        [
          1588.0,
          148.0
        ],
        [
          1592.0,
          152.0
        ],
        [
          1592.0,
          153.0
        ],
        [
          1598.0,
          159.0
        ],
        [
          1598.0,
          160.0
        ],
        [
          1605.0,
          167.0
        ],
        [
          1605.0,
          168.0
        ],
        [
          1607.0,
          170.0
        ],
        [
          1607.0,
          171.0
        ],
        [
          1613.0,
          177.0
        ],
        [
          1613.0,
          179.0
        ],
        [
          1614.0,
          180.0
        ],
        [
          1614.0,
          183.0
        ],
        [
          1616.0,
          186.0
        ],
        [
          1616.0,
          188.0
        ],
        [
          1617.0,
          189.0
        ],
        [
          1617.0,
          190.0
        ],
        [
          1619.0,
          192.0
        ],
        [
          1620.0,
          192.0
        ],
        [
          1622.0,
          194.0
        ],
        [
          1623.0,
          194.0
        ],
        [
          1628.0,
          199.0
        ],
        [
          1628.0,
          201.0
        ],
        [
          1629.0,
          202.0
        ],
        [
          1629.0,
          203.0
        ],
        [
          1631.0,
          205.0
        ],
        [
          1631.0,
          206.0
        ],
        [
          1635.0,
          210.0
        ],
        [
          1636.0,
          210.0
        ],
        [
          1643.0,
          214.0
        ],
        [
          1647.0,
          214.0
        ],
        [
          1648.0,
          215.0
        ],
        [
          1654.0,
          215.0
        ],
        [
          1658.0,
          219.0
        ],
        [
          1658.0,
          220.0
        ],
        [
          1660.0,
          222.0
        ],
        [
          1663.0,
          222.0
        ],
        [
          1664.0,
          223.0
        ],
        [
          1666.0,
          223.0
        ],
        [
          1667.0,
          224.0
        ],
        [
          1668.0,
          227.0
        ],
        [
          1669.0,
          227.0
        ],
        [
          1671.0,
          229.0
        ],
        [
          1673.0,
          229.0
        ],
        [
          1674.0,
          230.0
        ],
        [
          1677.0,
          229.0
        ],
        [
          1677.0,
          227.0
        ],
        [
          1675.0,
          225.0
        ],
        [
          1672.0,
          225.0
        ],
        [
          1671.0,
          224.0
        ],
        [
          1670.0,
          224.0
        ],
        [
          1668.0,
          222.0
        ],
        [
          1668.0,
          221.0
        ],
        [
          1665.0,
          220.0
        ],
        [
          1661.0,
          216.0
        ],
        [
          1661.0,
          215.0
        ],
        [
          1659.0,
          212.0
        ],
        [
          1656.0,
          211.0
        ],
        [
          1650.0,
          205.0
        ],
        [
          1650.0,
          203.0
        ],
        [
          1649.0,
          202.0
        ],
        [
          1649.0,
          199.0
        ],
        [
          1646.0,
          194.0
        ],
        [
          1646.0,
          192.0
        ],
        [
          1642.0,
          188.0
        ],
        [
          1642.0,
          187.0
        ],
        [
          1640.0,
          185.0
        ],
        [
          1640.0,
          184.0
        ],
        [
          1637.0,
          179.0
        ],
        [
          1637.0,
          177.0
        ],
        [
          1636.0,
          176.0
        ],
        [
          1636.0,
          169.0
        ],
        [
          1635.0,
          168.0
        ],
        [
          1635.0,
          162.0
        ],
        [
          1634.0,
          161.0
        ],
        [
          1634.0,
          158.0
        ],
        [
          1633.0,
          157.0
        ],
        [
          1633.0,
          155.0
        ],
        [
          1632.0,
          154.0
        ],
        [
          1632.0,
          152.0
        ],
        [
          1631.0,
          151.0
        ],
        [
          1631.0,
          150.0
        ],
        [
          1629.0,
          148.0
        ],
        [
          1629.0,
          147.0
        ],
        [
          1627.0,
          145.0
        ],
        [
          1627.0,
          144.0
        ],
        [
          1597.0,
          114.0
        ],
        [
          1596.0,
          114.0
        ],
        [
          1593.0,
          111.0
        ],
        [
          1590.0,
          110.0
        ],
        [
          1587.0,
          107.0
        ],
        [
          1586.0,
          107.0
        ],
        [
          1584.0,
          105.0
        ],
        [
          1583.0,
          105.0
        ],
        [
          1579.0,
          101.0
        ],
        [
          1578.0,
          101.0
        ],
        [
          1577.0,
          100.0
        ],
        [
          1575.0,
          100.0
        ],
        [
          1574.0,
          99.0
        ]
      ],
      "group_id": null,
      "description": "",
      "difficult": false,
      "shape_type": "polygon",
      "flags": {},
      "attributes": {},
      "kie_linking": []
    },
    {
      "label": "fish",
      "score": null,
      "points": [
        [
          1535.0,
          354.0
        ],
        [
          1535.0,
          355.0
        ],
        [
          1539.0,
          359.0
        ],
        [
          1540.0,
          359.0
        ],
        [
          1541.0,
          360.0
        ],
        [
          1543.0,
          360.0
        ],
        [
          1545.0,
          362.0
        ],
        [
          1546.0,
          362.0
        ],
        [
          1549.0,
          365.0
        ],
        [
          1550.0,
          365.0
        ],
        [
          1551.0,
          366.0
        ],
        [
          1552.0,
          366.0
        ],
        [
          1553.0,
          367.0
        ],
        [
          1554.0,
          367.0
        ],
        [
          1555.0,
          368.0
        ],
        [
          1557.0,
          368.0
        ],
        [
          1558.0,
          369.0
        ],
        [
          1559.0,
          369.0
        ],
        [
          1560.0,
          370.0
        ],
        [
          1561.0,
          370.0
        ],
        [
          1562.0,
          371.0
        ],
        [
          1563.0,
          371.0
        ],
        [
          1564.0,
          372.0
        ],
        [
          1565.0,
          372.0
        ],
        [
          1566.0,
          373.0
        ],
        [
          1567.0,
          373.0
        ],
        [
          1568.0,
          374.0
        ],
        [
          1569.0,
          374.0
        ],
        [
          1570.0,
          375.0
        ],
        [
          1571.0,
          375.0
        ],
        [
          1572.0,
          376.0
        ],
        [
          1573.0,
          376.0
        ],
        [
          1574.0,
          377.0
        ],
        [
          1575.0,
          377.0
        ],
        [
          1576.0,
          378.0
        ],
        [
          1577.0,
          378.0
        ],
        [
          1578.0,
          379.0
        ],
        [
          1580.0,
          379.0
        ],
        [
          1581.0,
          380.0
        ],
        [
          1582.0,
          380.0
        ],
        [
          1583.0,
          381.0
        ],
        [
          1584.0,
          381.0
        ],
        [
          1585.0,
          382.0
        ],
        [
          1586.0,
          382.0
        ],
        [
          1587.0,
          383.0
        ],
        [
          1588.0,
          383.0
        ],
        [
          1589.0,
          384.0
        ],
        [
          1591.0,
          384.0
        ],
        [
          1592.0,
          385.0
        ],
        [
          1594.0,
          385.0
        ],
        [
          1595.0,
          386.0
        ],
        [
          1596.0,
          386.0
        ],
        [
          1597.0,
          387.0
        ],
        [
          1598.0,
          387.0
        ],
        [
          1599.0,
          388.0
        ],
        [
          1600.0,
          388.0
        ],
        [
          1601.0,
          389.0
        ],
        [
          1603.0,
          389.0
        ],
        [
          1604.0,
          390.0
        ],
        [
          1606.0,
          390.0
        ],
        [
          1607.0,
          391.0
        ],
        [
          1609.0,
          391.0
        ],
        [
          1610.0,
          392.0
        ],
        [
          1612.0,
          392.0
        ],
        [
          1613.0,
          393.0
        ],
        [
          1614.0,
          393.0
        ],
        [
          1615.0,
          394.0
        ],
        [
          1617.0,
          394.0
        ],
        [
          1618.0,
          395.0
        ],
        [
          1633.0,
          395.0
        ],
        [
          1634.0,
          394.0
        ],
        [
          1637.0,
          394.0
        ],
        [
          1640.0,
          391.0
        ],
        [
          1640.0,
          389.0
        ],
        [
          1641.0,
          388.0
        ],
        [
          1641.0,
          385.0
        ],
        [
          1640.0,
          384.0
        ],
        [
          1640.0,
          383.0
        ],
        [
          1631.0,
          374.0
        ],
        [
          1630.0,
          374.0
        ],
        [
          1629.0,
          373.0
        ],
        [
          1628.0,
          373.0
        ],
        [
          1626.0,
          371.0
        ],
        [
          1625.0,
          371.0
        ],
        [
          1624.0,
          370.0
        ],
        [
          1623.0,
          370.0
        ],
        [
          1621.0,
          368.0
        ],
        [
          1620.0,
          368.0
        ],
        [
          1619.0,
          367.0
        ],
        [
          1618.0,
          367.0
        ],
        [
          1616.0,
          365.0
        ],
        [
          1615.0,
          365.0
        ],
        [
          1612.0,
          362.0
        ],
        [
          1611.0,
          362.0
        ],
        [
          1610.0,
          361.0
        ],
        [
          1609.0,
          361.0
        ],
        [
          1608.0,
          360.0
        ],
        [
          1589.0,
          360.0
        ],
        [
          1588.0,
          359.0
        ],
        [
          1580.0,
          359.0
        ],
        [
          1579.0,
          360.0
        ],
        [
          1578.0,
          359.0
        ],
        [
          1573.0,
          359.0
        ],
        [
          1572.0,
          358.0
        ],
        [
          1561.0,
          358.0
        ],
        [
          1560.0,
          357.0
        ],
        [
          1557.0,
          357.0
        ],
        [
          1556.0,
          356.0
        ],
        [
          1553.0,
          356.0
        ],
        [
          1552.0,
          355.0
        ],
        [
          1550.0,
          355.0
        ],
        [
          1549.0,
          354.0
        ],
        [
          1546.0,
          354.0
        ],
        [
          1545.0,
          353.0
        ],
        [
          1543.0,
          353.0
        ],
        [
          1542.0,
          352.0
        ],
        [
          1539.0,
          352.0
        ],
        [
          1538.0,
          353.0
        ],
        [
          1537.0,
          353.0
        ],
        [
          1536.0,
          354.0
        ]
      ],
      "group_id": null,
      "description": "",
      "difficult": false,
      "shape_type": "polygon",
      "flags": {},
      "attributes": {},
      "kie_linking": []
    }
  ],
  "imagePath": "frame_000007.jpg",
  "imageData": null,
  "imageHeight": 1080,
  "imageWidth": 1920
}