{
  "version": "3.1.1",
  "flags": {},
  "shapes": [
    {
      "label": "fish",
      "score": null,
      "points": [
        [
          1455.0,
          149.0
        ],
        [
          1452.0,
          149.0
        ],
        [
          1451.0,
          148.0
        ],
        [
          1450.0,
          149.0
        ],
        [
          1447.0,
          150.0
        ],
        [
          1444.0,
          153.0
        ],
        [
          1444.0,
          154.0
        ],
        [
          1442.0,
          156.0
        ],
        [
          1442.0,
          157.0
        ],
        [
          1439.0,
          160.0
        ],
        [
          1439.0,
          161.0
        ],
        [
          1437.0,
          163.0
        ],
        [
          1437.0,
          164.0
        ],
        [
          1434.0,
          167.0
        ],
        [
          1434.0,
          169.0
        ],
        [
          1433.0,
          170.0
        ],
        [
          1433.0,
          175.0
        ],
        [
          1432.0,
          176.0
        ],
        [
          1432.0,
          179.0
        ],
        [
          1431.0,
          180.0
        ],
        [
          1431.0,
          182.0
        ],
        [
          1430.0,
          183.0
        ],
        [
          1430.0,
          185.0
        ],
        [
          1429.0,
          186.0
        ],
        [
          1429.0,
          188.0
        ],
        [
          1428.0,
          189.0
        ],
        [
          1428.0,
          191.0
        ],
        [
          1427.0,
          192.0
        ],
        [
          1427.0,
          195.0
        ],
        [
          1426.0,
          196.0
        ],
        [
          1426.0,
          198.0
        ],
        [
          1425.0,
          199.0
        ],
        [
          1425.0,
          201.0
        ],
        [
          1423.0,
          204.0
        ],
        [
          1423.0,
          214.0
        ],
        [
          1424.0,
          215.0
        ],
        [
          1424.0,
          227.0
        ],
        [
          1423.0,
          228.0
        ],
        [
          1423.0,
          234.0
        ],
        [
          1422.0,
          235.0
        ],
        [
          1422.0,
          243.0
        ],
        [
          1421.0,
          244.0
        ],
        [
          1421.0,
          252.0
        ],
        [
          1420.0,
          253.0
        ],
        [
          1420.0,
          259.0
        ],
        [
          1419.0,
          260.0
        ],
        [
          1419.0,
          263.0
        ],
        [
          1418.0,
          264.0
        ],
        [
          1418.0,
          268.0
        ],
        [
          1417.0,
          269.0
        ],
        [
          1417.0,
          274.0
        ],
        [
          1416.0,
          275.0
        ],
        [
          1416.0,
          279.0
        ],
        [
          1415.0,
          280.0
        ],
        [
          1415.0,
          283.0
        ],
        [
          1414.0,
          284.0
        ],
        [
          1414.0,
          285.0
        ],
        [
          1413.0,
          286.0
        ],
        [
          1413.0,
          287.0
        ],
        [
          1412.0,
          288.0
        ],
        [
          1412.0,
          289.0
        ],
        [
          1411.0,
          290.0
        ],
        [
          1411.0,
          291.0
        ],
        [
          1408.0,
          296.0
        ],
        [
          1408.0,
          298.0
        ],
        [
          1404.0,
          302.0
        ],
        [
          1404.0,
          304.0
        ],
        [
          1405.0,
          305.0
        ],
        [
          1406.0,
          305.0
        ],
        [
          1407.0,
          304.0
        ],
        [
          1409.0,
          304.0
        ],
        [
          1410.0,
          303.0
        ],
        [
          1412.0,
          303.0
        ],
        [
          1416.0,
          299.0
        ],
        [
          1416.0,
          298.0
        ],
        [
          1421.0,
          293.0
        ],
        [
          1421.0,
          292.0
        ],
        [
          1423.0,
          289.0
        ],
        [
          1423.0,
          287.0
        ],
        [
          1424.0,
          286.0
        ],
        [
          1424.0,
          283.0
        ],
        [
          1425.0,
          282.0
        ],
        [
          1425.0,
          278.0
        ],
        [
          1426.0,
          277.0
        ],
        [
          1426.0,
          274.0
        ],
        [
          1427.0,
          273.0
        ],
        [
          1427.0,
          272.0
        ],
        [
          1430.0,
          267.0
        ],
        [
          1430.0,
          265.0
        ],
        [
          1431.0,
          264.0
        ],
        [
          1431.0,
          262.0
        ],
        [
          1432.0,
          261.0
        ],
        [
          1432.0,
          259.0
        ],
        [
          1434.0,
          256.0
        ],
        [
          1434.0,
          254.0
        ],
        [
          1436.0,
          251.0
        ],
        [
          1436.0,
          249.0
        ],
        [
          1437.0,
          248.0
        ],
        [
          1437.0,
          246.0
        ],
        [
          1438.0,
          245.0
        ],
        [
          1438.0,
          244.0
        ],
        [
          1439.0,
          243.0
        ],
        [
          1439.0,
          242.0
        ],
        [
          1440.0,
          241.0
        ],
        [
          1440.0,
          240.0
        ],
        [
          1441.0,
          239.0
        ],
        [
          1441.0,
          238.0
        ],
        [
          1442.0,
          237.0
        ],
        [
          1442.0,
          236.0
        ],
        [
          1443.0,
          235.0
        ],
        [
          1444.0,
          232.0
        ],
        [
          1446.0,
          230.0
        ],
        [
          1446.0,
          229.0
        ],
        [
          1447.0,
          228.0
        ],
        [
          1448.0,
          225.0
        ],
        [
          1450.0,
          223.0
        ],
        [
          1451.0,
          220.0
        ],
        [
          1453.0,
          218.0
        ],
        [
          1454.0,
          215.0
        ],
        [
          1456.0,
          213.0
        ],
        [
          1456.0,
          212.0
        ],
        [
          1457.0,
          211.0
        ],
        [
          1457.0,
          208.0
        ],
        [
          1458.0,
          207.0
        ],
        [
          1458.0,
          202.0
        ],
        [
          1459.0,
          201.0
        ],
        [
          1459.0,
          195.0
        ],
        [
          1460.0,
          194.0
        ],
        [
          1460.0,
          190.0
        ],
        [
          1461.0,
          189.0
        ],
        [
          1461.0,
          178.0
        ],
        [
          1462.0,
          177.0
        ],
        [
          1461.0,
          176.0
        ],
        [
          1461.0,
          164.0
        ],
        [
          1460.0,
          163.0
        ],
        [
          1460.0,
          158.0
        ],
        [
          1459.0,
          157.0
        ],
        [
          1459.0,
          154.0
        ],
        [
          1458.0,
          153.0
        ],
        [
          1457.0,
          150.0
        ],
        [
          1456.0,
          150.0
        ]
      ],
      "group_id": null,
      "description": "",
      "difficult": false,
      "shape_type": "polygon",
      "flags": {},
      "attributes": {},
      "kie_linking": []
    },
    {
      "label": "fish",
      "score": null,
      "points": [
        [
          1525.0,
          67.0
        ],
        [
          1522.0,
          70.0
        ],
        [
          1522.0,
          73.0
        ],
        [
          1521.0,
          74.0
        ],
        [
          1521.0,
          78.0
        ],
        [
          1520.0,
          79.0
        ],
        [
          1520.0,
          82.0
        ],
        [
          1519.0,
          83.0
        ],
        [
          1519.0,
          94.0
        ],
        [
          1521.0,
          96.0
        ],
        [
          1521.0,
          97.0
        ],
        [
          1523.0,
          99.0
        ],
        [
          1523.0,
          100.0
        ],
        [
          1528.0,
          105.0
        ],
        [
          1528.0,
          106.0
        ],
        [
          1530.0,
          109.0
        ],
        [
          1530.0,
          111.0
        ],
        [
          1532.0,
          114.0
        ],
        [
          1532.0,
          116.0
        ],
        [
          1535.0,
          119.0
        ],
        [
          1535.0,
          120.0
        ],
        [
          1540.0,
          126.0
        ],
        [
          1540.0,
          127.0
        ],
        [
          1541.0,
          128.0
        ],
        [
          1541.0,
          129.0
        ],
        [
          1542.0,
          130.0
        ],
        [
          1542.0,
          131.0
        ],
        [
          1543.0,
          132.0
        ],
        [
          1546.0,
          139.0
        ],
        [
          1548.0,
          141.0
        ],
        [
          1548.0,
          142.0
        ],
        [
          1552.0,
          147.0
        ],
        [
          1552.0,
          149.0
        ],
        [
          1553.0,
          150.0
        ],
        [
          1553.0,
          152.0
        ],
        [
          1554.0,
          153.0
        ],
        [
          1554.0,
          157.0
        ],
        [
          1555.0,
          158.0
        ],
        [
          1555.0,
          160.0
        ],
        [
          1560.0,
          169.0
        ],
        [
          1560.0,
          171.0
        ],
        [
          1561.0,
          172.0
        ],
        [
          1563.0,
          177.0
        ],
        [
          1567.0,
          181.0
        ],
        [
          1568.0,
          181.0
        ],
        [
          1570.0,
          183.0
        ],
        [
          1570.0,
          184.0
        ],
        [
          1572.0,
          187.0
        ],
        [
          1572.0,
          189.0
        ],
        [
          1573.0,
          190.0
        ],
        [
          1573.0,
          191.0
        ],
        [
          1572.0,
          192.0
        ],
        [
          1572.0,
          193.0
        ],
        [
          1569.0,
          196.0
        ],
        [
          1570.0,
          199.0
        ],
        [
          1577.0,
          202.0
        ],
        [
          1578.0,
          203.0
        ],
        [
          1578.0,
          204.0
        ],
        [
          1579.0,
          204.0
        ],
        [
          1581.0,
          206.0
        ],
        [
          1588.0,
          209.0
        ],
        [
          1592.0,
          213.0
        ],
        [
          1600.0,
          213.0
        ],
        [
          1603.0,
          210.0
        ],
        [
          1604.0,
          210.0
        ],
        [
          1605.0,
          209.0
        ],
        [
          1609.0,
          209.0
        ],
        [
          1610.0,
          208.0
        ],
        [
          1615.0,
          207.0
        ],
        [
          1616.0,
          206.0
        ],
        [
          1616.0,
          204.0
        ],
        [
          1615.0,
          203.0
        ],
        [
          1614.0,
          203.0
        ],
        [
          1610.0,
          199.0
        ],
        [
          1610.0,
          198.0
        ],
        [
          1609.0,
          197.0
        ],
        [
          1608.0,
          197.0
        ],
        [
          1596.0,
          185.0
        ],
        [
          1596.0,
          184.0
        ],
        [
          1594.0,
          182.0
        ],
        [
          1594.0,
          181.0
        ],
        [
          1592.0,
          179.0
        ],
        [
          1592.0,
          178.0
        ],
        [
          1590.0,
          176.0
        ],
        [
          1590.0,
          175.0
        ],
        [
          1587.0,
          172.0
        ],
        [
          1587.0,
          171.0
        ],
        [
          1586.0,
          170.0
        ],
        [
          1586.0,
          169.0
        ],
        [
          1584.0,
          167.0
        ],
        [
          1584.0,
          166.0
        ],
        [
          1580.0,
          162.0
        ],
        [
          1580.0,
          161.0
        ],
        [
          1578.0,
          159.0
        ],
        [
          1578.0,
          158.0
        ],
        [
          1576.0,
          155.0
        ],
        [
          1576.0,
          153.0
        ],
        [
          1575.0,
          152.0
        ],
        [
          1575.0,
          140.0
        ],
        [
          1574.0,
          139.0
        ],
        [
          1574.0,
          130.0
        ],
        [
          1573.0,
          129.0
        ],
        [
          1573.0,
          125.0
        ],
        [
          1572.0,
          124.0
        ],
        [
          1571.0,
          119.0
        ],
        [
          1570.0,
          118.0
        ],
        [
          1570.0,
          117.0
        ],
        [
          1569.0,
          116.0
        ],
        [
          1569.0,
          115.0
        ],
        [
          1568.0,
          114.0
        ],
        [
          1565.0,
          107.0
        ],
        [
          1558.0,
          98.0
        ],
        [
          1555.0,
          91.0
        ],
        [
          1553.0,
          89.0
        ],
        [
          1553.0,
          88.0
        ],
        [
          1551.0,
          86.0
        ],
        [
          1551.0,
          85.0
        ],
        [
          1547.0,
          81.0
        ],
        [
          1546.0,
          81.0
        ],
        [
          1540.0,
          75.0
        ],
        [
          1539.0,
          75.0
        ],
        [
          1534.0,
          70.0
        ],
        [
          1534.0,
          69.0
        ],
        [
          1533.0,
          68.0
        ],
        [
          1531.0,
          68.0
        ],
        [
          1530.0,
          67.0
        ]
      ],
      "group_id": null,
      "description": "",
      "difficult": false,
      "shape_type": "polygon",
      "flags": {},
      "attributes": {},
      "kie_linking": []
    },
    {
      "label": "fish",
      "score": null,
      "points": [
        [
          1621.0,
          389.0
        ],
        [
          1619.0,
          391.0
        ],
        [
          1619.0,
          394.0
        ],
        [
          1620.0,
          395.0
        ],
        [
          1620.0,
          396.0
        ],
        [
          1621.0,
          397.0
        ],
        [
          1621.0,
          398.0
        ],
        [
          1622.0,
          399.0
        ],
        [
          1622.0,
          400.0
        ],
        [
          1623.0,
          401.0
        ],
        [
          1623.0,
          402.0
        ],
        [
          1625.0,
          404.0
        ],
        [
          1625.0,
          405.0
        ],
        [
          1627.0,
          407.0
        ],
        [
          1627.0,
          408.0
        ],
        [
          1629.0,
          410.0
        ],
        [
          1629.0,
          411.0
        ],
        [
          1634.0,
          416.0
        ],
        [
          1634.0,
          417.0
        ],
        [
          1635.0,
          418.0
        ],
        [
          1635.0,
          419.0
        ],
        [
          1636.0,
          419.0
        ],
        [
          1638.0,
          421.0
        ],
        [
          1639.0,
          421.0
        ],
        [
          1640.0,
          422.0
        ],
        [
          1640.0,
          423.0
        ],
        [
          1641.0,
          424.0
        ],
        [
          1641.0,
          425.0
        ],
        [
          1649.0,
          433.0
        ],
        [
          1649.0,
          434.0
        ],
        [
          1651.0,
          436.0
        ],
        [
          1652.0,
          436.0
        ],
        [
          1654.0,
          438.0
        ],
        [
          1654.0,
          439.0
        ],
        [
          1659.0,
          444.0
        ],
        [
          1659.0,
          445.0
        ],
        [
          1661.0,
          448.0
        ],
        [
          1661.0,
          450.0
        ],
        [
          1662.0,
          451.0
        ],
        [
          1662.0,
          452.0
        ],
        [
          1664.0,
          455.0
        ],
        [
          1664.0,
          457.0
        ],
        [
          1665.0,
          458.0
        ],
        [
          1665.0,
          460.0
        ],
        [
          1666.0,
          461.0
        ],
        [
          1666.0,
          463.0
        ],
        [
          1667.0,
          464.0
        ],
        [
          1667.0,
          466.0
        ],
        [
          1668.0,
          467.0
        ],
        [
          1668.0,
          468.0
        ],
        [
          1671.0,
          471.0
        ],
        [
          1671.0,
          472.0
        ],
        [
          1673.0,
          475.0
        ],
        [
          1673.0,
          477.0
        ],
        [
          1674.0,
          478.0
        ],
        [
          1674.0,
          479.0
        ],
        [
          1675.0,
          480.0
        ],
        [
          1675.0,
          481.0
        ],
        [
          1676.0,
          482.0
        ],
        [
          1676.0,
          483.0
        ],
        [
          1678.0,
          485.0
        ],
        [
          1679.0,
          485.0
        ],
        [
          1682.0,
          487.0
        ],
        [
          1684.0,
          487.0
        ],
        [
          1685.0,
          488.0
        ],
        [
          1687.0,
          488.0
        ],
        [
          1688.0,
          489.0
        ],
        [
          1690.0,
          489.0
        ],
        [
          1691.0,
          490.0
        ],
        [
          1697.0,
          490.0
        ],
        [
          1699.0,
          488.0
        ],
        [
          1699.0,
          486.0
        ],
        [
          1700.0,
          485.0
        ],
        [
          1700.0,
          478.0
        ],
        [
          1699.0,
          477.0
        ],
        [
          1699.0,
          470.0
        ],
        [
          1698.0,
          469.0
        ],
        [
          1698.0,
          467.0
        ],
        [
          1697.0,
          466.0
        ],
        [
          1697.0,
          465.0
        ],
        [
          1695.0,
          462.0
        ],
        [
          1695.0,
          460.0
        ],
        [
          1694.0,
          459.0
        ],
        [
          1694.0,
          458.0
        ],
        [
          1693.0,
          457.0
        ],
        [
          1693.0,
          456.0
        ],
        [
          1692.0,
          455.0
        ],
        [
          1692.0,
          454.0
        ],
        [
          1690.0,
          452.0
        ],
        [
          1690.0,
          451.0
        ],
        [
          1688.0,
          449.0
        ],
        [
          1688.0,
          448.0
        ],
        [
          1687.0,
          447.0
        ],
        [
          1687.0,
          446.0
        ],
        [
          1686.0,
          445.0
        ],
        [
          1686.0,
          444.0
        ],
        [
          1685.0,
          443.0
        ],
        [
          1685.0,
          442.0
        ],
        [
          1684.0,
          441.0
        ],
        [
          1684.0,
          440.0
        ],
        [
          1676.0,
          432.0
        ],
        [
          1675.0,
          432.0
        ],
        [
          1673.0,
          430.0
        ],
        [
          1672.0,
          430.0
        ],
        [
          1671.0,
          429.0
        ],
        [
          1670.0,
          429.0
        ],
        [
          1669.0,
          428.0
        ],
        [
          1668.0,
          428.0
        ],
        [
          1653.0,
          413.0
        ],
        [
          1652.0,
          413.0
        ],
        [
          1648.0,
          409.0
        ],
        [
          1647.0,
          409.0
        ],
        [
          1641.0,
          403.0
        ],
        [
          1640.0,
          403.0
        ],
        [
          1635.0,
          398.0
        ],
        [
          1634.0,
          398.0
        ],
        [
          1629.0,
          393.0
        ],
        [
          1628.0,
          393.0
        ],
        [
          1625.0,
          390.0
        ],
        [
          1624.0,
          390.0
        ],
        [
          1623.0,
          389.0
        ]
      ],
      "group_id": null,
      "description": "",
      "difficult": false,
      "shape_type": "polygon",
      "flags": {},
      "attributes": {},
      "kie_linking": []
    },
    {
      "label": "fish",
      "score": null,
      "points": [
        [
          1768.0,
          297.0
        ],
        [
          1768.0,
          294.0
        ],
        [
          1767.0,
          293.0
        ],
        [
          1766.0,
          293.0
        ],
        [
          1763.0,
          290.0
        ],
        [
          1763.0,
          289.0
        ],
        [
          1762.0,
          288.0
        ],
        [
          1761.0,
          288.0
        ],
        [
          1759.0,
          286.0
        ],
        [
          1757.0,
          286.0
        ],
        [
          1756.0,
          285.0
        ],
        [
          1754.0,
          285.0
        ],
        [
          1753.0,
          284.0
        ],
        [
          1751.0,
          284.0
        ],
        [
          1750.0,
          283.0
        ],
        [
          1747.0,
          283.0
        ],
        [
          1746.0,
          282.0
        ],
        [
          1745.0,
          282.0
        ],
        [
          1744.0,
          281.0
        ],
        [
          1741.0,
          281.0
        ],
        [
          1740.0,
          280.0
        ],
        [
          1738.0,
          280.0
        ],
        [
          1737.0,
          279.0
        ],
        [
          1725.0,
          279.0
        ],
        [
          1724.0,
          278.0
        ],
        [
          1720.0,
          278.0
        ],
        [
          1719.0,
          279.0
        ],
        [
          1713.0,
          279.0
        ],
        [
          1712.0,
          280.0
        ],
        [
          1709.0,
          280.0
        ],
        [
          1708.0,
          281.0
        ],
        [
          1705.0,
          281.0
        ],
        [
          1704.0,
          282.0
        ],
        [
          1702.0,
          282.0
        ],
        [
          1701.0,
          283.0
        ],
        [
          1698.0,
          283.0
        ],
        [
          1697.0,
          284.0
        ],
        [
          1693.0,
          284.0
        ],
        [
          1692.0,
          285.0
        ],
        [
          1688.0,
          285.0
        ],
        [
          1687.0,
          286.0
        ],
        [
          1685.0,
          286.0
        ],
        [
          1684.0,
          287.0
        ],
        [
          1678.0,
          287.0
        ],
        [
          1677.0,
          288.0
        ],
        [
          1673.0,
          288.0
        ],
        [
          1672.0,
          289.0
        ],
        [
          1669.0,
          289.0
        ],
        [
          1668.0,
          290.0
        ],
        [
          1665.0,
          290.0
        ],
        [
          1664.0,
          291.0
        ],
        [
          1661.0,
          291.0
        ],
        [
          1660.0,
          292.0
        ],
        [
          1656.0,
          292.0
        ],
        [
          1655.0,
          293.0
        ],
        [
          1651.0,
          293.0
        ],
        [
          1650.0,
          294.0
        ],
        [
          1648.0,
          294.0
        ],
        [
          1648.0,
          295.0
        ],
        [
          1649.0,
          296.0
        ],
        [
          1651.0,
          296.0
        ],
        [
          1652.0,
          297.0
        ],
        [
          1661.0,
          297.0
        ],
        [
          1662.0,
          298.0
        ],
        [
          1668.0,
          298.0
        ],
        [
          1669.0,
          299.0
        ],
        [
          1674.0,
          299.0
        ],
        [
          1675.0,
          300.0
        ],
        [
          1679.0,
          300.0
        ],
        [
          1680.0,
          301.0
        ],
        [
          1683.0,
          301.0
        ],
        [
          1684.0,
          302.0
        ],
        [
          1689.0,
          302.0
        ],
        [
          1690.0,
          303.0
        ],
        [
          1695.0,
          303.0
        ],
        [
          1696.0,
          304.0
        ],
        [
          1701.0,
          304.0
        ],
        [
          1702.0,
          305.0
        ],
        [
          1707.0,
          305.0
        ],
        [
          1708.0,
          306.0
        ],
        [
          1728.0,
          306.0
        ],
        [
          1729.0,
          307.0
        ],
        [
          1739.0,
          307.0
        ],
        [
          1740.0,
          306.0
        ],
        [
          1747.0,
          306.0
        ],
        [
          1748.0,
          305.0
        ],
        [
          1751.0,
          305.0
        ],
        [
          1752.0,
          304.0
        ],
        [
          1754.0,
          304.0
        ],
        [
          1755.0,
          303.0
        ],
        [
          1757.0,
          303.0
        ],
        [
          1758.0,
          302.0
        ],
        [
          1760.0,
          302.0
        ],
        [
          1761.0,
          301.0
        ],
        [
          1762.0,
          301.0
        ],
        [
          1763.0,
          300.0
        ],
        [
          1764.0,
          300.0
        ],
        [
          1766.0,
          298.0
        ],
        [
          1767.0,
          298.0
        ]
      ],
      "group_id": null,
      "description": "",
      "difficult": false,
      "shape_type": "polygon",
      "flags": {},
      "attributes": {},
      "kie_linking": []
    }
  ],
  "imagePath": "frame_000009.jpg",
  "imageData": null,
  "imageHeight": 1080,
  "imageWidth": 1920
}