{
  "version": "3.1.1",
  "flags": {},
  "shapes": [
    {
      "label": "fish",
      "score": null,
      "points": [
        [
          1630.0,
          98.0
        ],
        [
          1623.0,
          98.0
        ],
        [
          1622.0,
          99.0
        ],
        [
          1621.0,
          99.0
        ],
        [
          1620.0,
          100.0
        ],
        [
          1619.0,
          100.0
        ],
        [
          1618.0,
          101.0
        ],
        [
          1617.0,
          101.0
        ],
        [
          1616.0,
          102.0
        ],
        [
          1615.0,
          102.0
        ],
        [
          1614.0,
          103.0
        ],
        [
          1613.0,
          103.0
        ],
        [
          1602.0,
          114.0
        ],
        [
          1601.0,
          114.0
        ],
        [
          1599.0,
          116.0
        ],
        [
          1599.0,
          117.0
        ],
        [
          1596.0,
          120.0
        ],
        [
          1596.0,
          121.0
        ],
        [
          1591.0,
          126.0
        ],
        [
          1591.0,
          127.0
        ],
        [
          1588.0,
          130.0
        ],
        [
          1588.0,
          131.0
        ],
        [
          1583.0,
          136.0
        ],
        [
          1583.0,
          137.0
        ],
        [
          1582.0,
          138.0
        ],
        [
          1582.0,
          139.0
        ],
        [
          1577.0,
          144.0
        ],
        [
          1577.0,
          145.0
        ],
        [
          1576.0,
          146.0
        ],
        [
          1576.0,
          148.0
        ],
        [
          1575.0,
          149.0
        ],
        [
          1575.0,
          150.0
        ],
        [
          1573.0,
          152.0
        ],
        [
          1573.0,
          153.0
        ],
        [
          1571.0,
          155.0
        ],
        [
          1571.0,
          156.0
        ],
        [
          1570.0,
          157.0
        ],
        [
          1570.0,
          158.0
        ],
        [
          1568.0,
          161.0
        ],
        [
          1568.0,
          163.0
        ],
        [
          1567.0,
          164.0
        ],
        [
          1567.0,
          166.0
        ],
        [
          1566.0,
          167.0
        ],
        [
          1566.0,
          169.0
        ],
        [
          1565.0,
          170.0
        ],
        [
          1565.0,
          171.0
        ],
        [
          1564.0,
          172.0
        ],
        [
          1564.0,
          173.0
        ],
        [
          1563.0,
          174.0
        ],
        [
          1563.0,
          175.0
        ],
        [
          1562.0,
          176.0
        ],
        [
          1562.0,
          177.0
        ],
        [
          1560.0,
          180.0
        ],
        [
          1560.0,
          182.0
        ],
        [
          1559.0,
          183.0
        ],
        [
          1559.0,
          185.0
        ],
        [
          1558.0,
          186.0
        ],
        [
          1558.0,
          187.0
        ],
        [
          1556.0,
          190.0
        ],
        [
          1556.0,
          192.0
        ],
        [
          1555.0,
          193.0
        ],
        [
          1555.0,
          196.0
        ],
        [
          1554.0,
          197.0
        ],
        [
          1556.0,
          197.0
        ],
        [
          1559.0,
          194.0
        ],
        [
          1562.0,
          194.0
        ],
        [
          1563.0,
          193.0
        ],
        [
          1564.0,
          193.0
        ],
        [
          1566.0,
          191.0
        ],
        [
          1566.0,
          190.0
        ],
        [
          1567.0,
          189.0
        ],
        [
          1567.0,
          188.0
        ],
        [
          1568.0,
          187.0
        ],
        [
          1568.0,
          186.0
        ],
        [
          1571.0,
          183.0
        ],
        [
          1571.0,
          182.0
        ],
        [
          1578.0,
          175.0
        ],
        [
          1578.0,
          174.0
        ],
        [
          1582.0,
          170.0
        ],
        [
          1582.0,
          169.0
        ],
        [
          1591.0,
          160.0
        ],
        [
          1592.0,
          160.0
        ],
        [
          1594.0,
          158.0
        ],
        [
          1595.0,
          158.0
        ],
        [
          1596.0,
          157.0
        ],
        [
          1597.0,
          157.0
        ],
        [
          1598.0,
          156.0
        ],
        [
          1599.0,
          156.0
        ],
        [
          1600.0,
          155.0
        ],
        [
          1601.0,
          155.0
        ],
        [
          1604.0,
          152.0
        ],
        [
          1605.0,
          152.0
        ],
        [
          1608.0,
          149.0
        ],
        [
          1609.0,
          149.0
        ],
        [
          1620.0,
          138.0
        ],
        [
          1620.0,
          137.0
        ],
        [
          1621.0,
          136.0
        ],
        [
          1621.0,
          135.0
        ],
        [
          1623.0,
          133.0
        ],
        [
          1623.0,
          132.0
        ],
        [
          1624.0,
          131.0
        ],
        [
          1624.0,
          130.0
        ],
        [
          1625.0,
          129.0
        ],
        [
          1625.0,
          128.0
        ],
        [
          1627.0,
          126.0
        ],
        [
          1627.0,
          125.0
        ],
        [
          1629.0,
          122.0
        ],
        [
          1629.0,
          120.0
        ],
        [
          1630.0,
          119.0
        ],
        [
          1630.0,
          117.0
        ],
        [
          1631.0,
          116.0
        ],
        [
          1631.0,
          114.0
        ],
        [
          1632.0,
          113.0
        ],
        [
          1632.0,
          111.0
        ],
        [
          1633.0,
          110.0
        ],
        [
          1633.0,
          102.0
        ],
        [
          1632.0,
          101.0
        ],
        [
          1632.0,
          100.0
        ]
      ],
      "group_id": null,
      "description": "",
      "difficult": false,
      "shape_type": "polygon",
      "flags": {},
      "attributes": {},
      "kie_linking": []
    },
    {
      "label": "fish",
      "score": null,
      "points": [
        [
          1573.0,
          271.0
        ],
        [
          1573.0,
          275.0
        ],
        [
          1574.0,
          276.0
        ],
        [
          1574.0,
          277.0
        ],
        [
          1575.0,
          278.0
        ],
        [
          1575.0,
          279.0
        ],
        [
          1577.0,
          281.0
        ],
        [
          1577.0,
          282.0
        ],
        [
          1580.0,
          285.0
        ],
        [
          1580.0,
          286.0
        ],
        [
          1581.0,
          287.0
        ],
        [
          1582.0,
          287.0
        ],
        [
          1584.0,
          289.0
        ],
        [
          1590.0,
          289.0
        ],
        [
          1591.0,
          290.0
        ],
        [
          1595.0,
          290.0
        ],
        [
          1596.0,
          291.0
        ],
        [
          1600.0,
          291.0
        ],
        [
          1601.0,
          292.0
        ],
        [
          1612.0,
          292.0
        ],
        [
          1613.0,
          293.0
        ],
        [
          1619.0,
          293.0
        ],
        [
          1620.0,
          292.0
        ],
        [
          1632.0,
          292.0
        ],
        [
          1633.0,
          291.0
        ],
        [
          1638.0,
          291.0
        ],
        [
          1639.0,
          290.0
        ],
        [
          1643.0,
          290.0
        ],
        [
          1644.0,
          289.0
        ],
        [
          1650.0,
          289.0
        ],
        [
          1651.0,
          288.0
        ],
        [
          1664.0,
          288.0
        ],
        [
          1665.0,
          289.0
        ],
        [
          1674.0,
          289.0
        ],
        [
          1675.0,
          288.0
        ],
        [
          1685.0,
          288.0
        ],
        [
          1686.0,
          287.0
        ],
        [
          1687.0,
          287.0
        ],
        [
          1685.0,
          287.0
        ],
        [
          1684.0,
          286.0
        ],
        [
          1683.0,
          286.0
        ],
        [
          1682.0,
          285.0
        ],
        [
          1681.0,
          285.0
        ],
        [
          1680.0,
          284.0
        ],
        [
          1679.0,
          284.0
        ],
        [
          1676.0,
          281.0
        ],
        [
          1673.0,
          281.0
        ],
        [
          1672.0,
          280.0
        ],
        [
          1667.0,
          280.0
        ],
        [
          1666.0,
          279.0
        ],
        [
          1663.0,
          279.0
        ],
        [
          1662.0,
          278.0
        ],
        [
          1660.0,
          278.0
        ],
        [
          1659.0,
          277.0
        ],
        [
          1657.0,
          277.0
        ],
        [
          1656.0,
          276.0
        ],
        [
          1655.0,
          276.0
        ],
        [
          1654.0,
          275.0
        ],
        [
          1653.0,
          275.0
        ],
        [
          1652.0,
          274.0
        ],
        [
          1651.0,
          274.0
        ],
        [
          1650.0,
          273.0
        ],
        [
          1647.0,
          273.0
        ],
        [
          1646.0,
          272.0
        ],
        [
          1643.0,
          272.0
        ],
        [
          1642.0,
          271.0
        ],
        [
          1638.0,
          271.0
        ],
        [
          1637.0,
          270.0
        ],
        [
          1631.0,
          270.0
        ],
        [
          1630.0,
          269.0
        ],
        [
          1627.0,
          269.0
        ],
        [
          1626.0,
          268.0
        ],
        [
          1625.0,
          268.0
        ],
        [
          1623.0,
          266.0
        ],
        [
          1622.0,
          266.0
        ],
        [
          1621.0,
          265.0
        ],
        [
          1618.0,
          265.0
        ],
        [
          1617.0,
          264.0
        ],
        [
          1609.0,
          264.0
        ],
        [
          1608.0,
          263.0
        ],
        [
          1587.0,
          263.0
        ],
        [
          1586.0,
          264.0
        ],
        [
          1582.0,
          264.0
        ],
        [
          1581.0,
          265.0
        ],
        [
          1579.0,
          265.0
        ],
        [
          1578.0,
          266.0
        ],
        [
          1577.0,
          266.0
        ],
        [
          1575.0,
          268.0
        ],
        [
          1575.0,
          269.0
        ]
      ],
      "group_id": null,
      "description": "",
      "difficult": false,
      "shape_type": "polygon",
      "flags": {},
      "attributes": {},
      "kie_linking": []
    },
    {
      "label": "fish",
      "score": null,
      "points": [
        [
          1703.0,
          402.0
        ],
        [
          1702.0,
          401.0
        ],
        [
          1702.0,
          400.0
        ],
        [
          1701.0,
          399.0
        ],
        [
          1700.0,
          399.0
        ],
        [
          1699.0,
          398.0
        ],
        [
          1693.0,
          398.0
        ],
        [
          1692.0,
          397.0
        ],
        [
          1687.0,
          397.0
        ],
        [
          1686.0,
          398.0
        ],
        [
          1680.0,
          398.0
        ],
        [
          1679.0,
          399.0
        ],
        [
          1678.0,
          399.0
        ],
        [
          1677.0,
          400.0
        ],
        [
          1676.0,
          400.0
        ],
        [
          1675.0,
          401.0
        ],
        [
          1673.0,
          401.0
        ],
        [
          1672.0,
          402.0
        ],
        [
          1671.0,
          402.0
        ],
        [
          1670.0,
          403.0
        ],
        [
          1669.0,
          403.0
        ],
        [
          1668.0,
          404.0
        ],
        [
          1666.0,
          404.0
        ],
        [
          1665.0,
          405.0
        ],
        [
          1664.0,
          405.0
        ],
        [
          1663.0,
          406.0
        ],
        [
          1661.0,
          406.0
        ],
        [
          1660.0,
          407.0
        ],
        [
          1659.0,
          407.0
        ],
        [
          1656.0,
          410.0
        ],
        [
          1655.0,
          410.0
        ],
        [
          1654.0,
          411.0
        ],
        [
          1653.0,
          411.0
        ],
        [
          1652.0,
          412.0
        ],
        [
          1651.0,
          412.0
        ],
        [
          1650.0,
          413.0
        ],
        [
          1649.0,
          413.0
        ],
        [
          1648.0,
          414.0
        ],
        [
          1647.0,
          414.0
        ],
        [
          1646.0,
          415.0
        ],
        [
          1645.0,
          415.0
        ],
        [
          1644.0,
          416.0
        ],
        [
          1643.0,
          416.0
        ],
        [
          1641.0,
          418.0
        ],
        [
          1639.0,
          418.0
        ],
        [
          1638.0,
          419.0
        ],
        [
          1637.0,
          419.0
        ],
        [
          1635.0,
          421.0
        ],
        [
          1634.0,
          421.0
        ],
        [
          1633.0,
          422.0
        ],
        [
          1632.0,
          422.0
        ],
        [
          1630.0,
          424.0
        ],
        [
          1629.0,
          424.0
        ],
        [
          1627.0,
          426.0
        ],
        [
          1626.0,
          426.0
        ],
        [
          1625.0,
          427.0
        ],
        [
          1624.0,
          427.0
        ],
        [
          1621.0,
          430.0
        ],
        [
          1620.0,
          430.0
        ],
        [
          1617.0,
          433.0
        ],
        [
          1616.0,
          433.0
        ],
        [
          1614.0,
          435.0
        ],
        [
          1613.0,
          435.0
        ],
        [
          1611.0,
          437.0
        ],
        [
          1610.0,
          437.0
        ],
        [
          1606.0,
          441.0
        ],
        [
          1605.0,
          441.0
        ],
        [
          1602.0,
          444.0
        ],
        [
          1601.0,
          444.0
        ],
        [
          1600.0,
          445.0
        ],
        [
          1600.0,
          446.0
        ],
        [
          1599.0,
          447.0
        ],
        [
          1599.0,
          450.0
        ],
        [
          1598.0,
          451.0
        ],
        [
          1596.0,
          451.0
        ],
        [
          1595.0,
          452.0
        ],
        [
          1592.0,
          452.0
        ],
        [
          1592.0,
          453.0
        ],
        [
          1595.0,
          453.0
        ],
        [
          1596.0,
          452.0
        ],
        [
          1599.0,
          452.0
        ],
        [
          1600.0,
          451.0
        ],
        [
          1601.0,
          451.0
        ],
        [
          1602.0,
          450.0
        ],
        [
          1608.0,
          450.0
        ],
        [
          1609.0,
          449.0
        ],
        [
          1611.0,
          449.0
        ],
        [
          1612.0,
          448.0
        ],
        [
          1614.0,
          448.0
        ],
        [
          1615.0,
          447.0
        ],
        [
          1617.0,
          447.0
        ],
        [
          1618.0,
          446.0
        ],
        [
          1622.0,
          446.0
        ],
        [
          1623.0,
          445.0
        ],
        [
          1632.0,
          445.0
        ],
        [
          1633.0,
          444.0
        ],
        [
          1634.0,
          444.0
        ],
        [
          1635.0,
          443.0
        ],
        [
          1637.0,
          443.0
        ],
        [
          1638.0,
          442.0
        ],
        [
          1641.0,
          442.0
        ],
        [
          1642.0,
          441.0
        ],
        [
          1647.0,
          441.0
        ],
        [
          1648.0,
          440.0
        ],
        [
          1653.0,
          440.0
        ],
        [
          1654.0,
          439.0
        ],
        [
          1659.0,
          439.0
        ],
        [
          1660.0,
          438.0
        ],
        [
          1662.0,
          438.0
        ],
        [
          1663.0,
          437.0
        ],
        [
          1666.0,
          437.0
        ],
        [
          1667.0,
          436.0
        ],
        [
          1669.0,
          436.0
        ],
        [
          1670.0,
          435.0
        ],
        [
          1671.0,
          435.0
        ],
        [
          1672.0,
          434.0
        ],
        [
          1673.0,
          434.0
        ],
        [
          1674.0,
          433.0
        ],
        [
          1675.0,
          433.0
        ],
        [
          1679.0,
          429.0
        ],
        [
          1680.0,
          429.0
        ],
        [
          1682.0,
          427.0
        ],
        [
          1683.0,
          427.0
        ],
        [
          1684.0,
          426.0
        ],
        [
          1685.0,
          426.0
        ],
        [
          1687.0,
          424.0
        ],
        [
          1688.0,
          424.0
        ],
        [
          1701.0,
          411.0
        ],
        [
          1701.0,
          410.0
        ],
        [
          1703.0,
          408.0
        ]
      ],
      "group_id": null,
      "description": "",
      "difficult": false,
      "shape_type": "polygon",
      "flags": {},
      "attributes": {},
      "kie_linking": []
    },
    {
      "label": "fish",
      "score": null,
      "points": [
        [
          1667.0,
          750.0
        ],
        [
          1667.0,
          751.0
        ],
        [
          1666.0,
          752.0
        ],
        [
          1666.0,
          761.0
        ],
        [
          1667.0,
          762.0
        ],
        [
          1667.0,
          771.0
        ],
        [
          1668.0,
          772.0
        ],
        [
          1668.0,
          787.0
        ],
        [
          1669.0,
          788.0
        ],
        [
          1669.0,
          794.0
        ],
        [
          1670.0,
          795.0
        ],
        [
          1670.0,
          798.0
        ],
        [
          1671.0,
          799.0
        ],
        [
          1671.0,
          803.0
        ],
        [
          1672.0,
          804.0
        ],
        [
          1672.0,
          812.0
        ],
        [
          1673.0,
          813.0
        ],
        [
          1673.0,
          822.0
        ],
        [
          1674.0,
          823.0
        ],
        [
          1674.0,
          827.0
        ],
        [
          1675.0,
          828.0
        ],
        [
          1675.0,
          833.0
        ],
        [
          1676.0,
          834.0
        ],
        [
          1676.0,
          837.0
        ],
        [
          1677.0,
          838.0
        ],
        [
          1677.0,
          840.0
        ],
        [
          1678.0,
          841.0
        ],
        [
          1678.0,
          845.0
        ],
        [
          1679.0,
          846.0
        ],
        [
          1679.0,
          850.0
        ],
        [
          1680.0,
          851.0
        ],
        [
          1680.0,
          852.0
        ],
        [
          1682.0,
          854.0
        ],
        [
          1683.0,
          854.0
        ],
        [
          1684.0,
          855.0
        ],
        [
          1685.0,
          855.0
        ],
        [
          1689.0,
          859.0
        ],
        [
          1690.0,
          859.0
        ],
        [
          1691.0,
          860.0
        ],
        [
          1698.0,
          860.0
        ],
        [
          1700.0,
          858.0
        ],
        [
          1700.0,
          857.0
        ],
        [
          1701.0,
          856.0
        ],
        [
          1701.0,
          854.0
        ],
        [
          1702.0,
          853.0
        ],
        [
          1702.0,
          842.0
        ],
        [
          1701.0,
          841.0
        ],
        [
          1701.0,
          829.0
        ],
        [
          1700.0,
          828.0
        ],
        [
          1700.0,
          821.0
        ],
        [
          1699.0,
          820.0
        ],
        [
          1699.0,
          816.0
        ],
        [
          1698.0,
          815.0
        ],
        [
          1698.0,
          813.0
        ],
        [
          1697.0,
          812.0
        ],
        [
          1697.0,
          811.0
        ],
        [
          1696.0,
          810.0
        ],
        [
          1696.0,
          808.0
        ],
        [
          1695.0,
          807.0
        ],
        [
          1695.0,
          805.0
        ],
        [
          1694.0,
          804.0
        ],
        [
          1694.0,
          803.0
        ],
        [
          1692.0,
          801.0
        ],
        [
          1692.0,
          800.0
        ],
        [
          1691.0,
          799.0
        ],
        [
          1691.0,
          798.0
        ],
        [
          1690.0,
          797.0
        ],
        [
          1690.0,
          796.0
        ],
        [
          1688.0,
          794.0
        ],
        [
          1688.0,
          793.0
        ],
        [
          1687.0,
          792.0
        ],
        [
          1687.0,
          790.0
        ],
        [
          1686.0,
          789.0
        ],
        [
          1686.0,
          788.0
        ],
        [
          1685.0,
          787.0
        ],
        [
          1685.0,
          785.0
        ],
        [
          1684.0,
          784.0
        ],
        [
          1684.0,
          781.0
        ],
        [
          1683.0,
          780.0
        ],
        [
          1683.0,
          778.0
        ],
        [
          1682.0,
          777.0
        ],
        [
          1682.0,
          775.0
        ],
        [
          1681.0,
          774.0
        ],
        [
          1681.0,
          773.0
        ],
        [
          1680.0,
          772.0
        ],
        [
          1680.0,
          771.0
        ],
        [
          1679.0,
          770.0
        ],
        [
          1679.0,
          768.0
        ],
        [
          1678.0,
          767.0
        ],
        [
          1678.0,
          764.0
        ],
        [
          1677.0,
          763.0
        ],
        [
          1677.0,
          761.0
        ],
        [
          1676.0,
          760.0
        ],
        [
          1676.0,
          758.0
        ],
        [
          1675.0,
          757.0
        ],
        [
          1675.0,
          756.0
        ],
        [
          1674.0,
          755.0
        ],
        [
          1674.0,
          754.0
        ],
        [
          1672.0,
          752.0
        ],
        [
          1671.0,
          752.0
        ],
        [
          1669.0,
          750.0
        ]
      ],
      "group_id": null,
      "description": "",
      "difficult": false,
      "shape_type": "polygon",
      "flags": {},
      "attributes": {},
      "kie_linking": []
    }
  ],
  "imagePath": "frame_000052.jpg",
  "imageData": null,
  "imageHeight": 1080,
  "imageWidth": 1920
}