{
  "version": "3.1.1",
  "flags": {},
  "shapes": [
    {
      "label": "fish",
      "score": null,
      "points": [
        [
          1459.0,
          230.0
        ],
        [
          1452.0,
          230.0
        ],
        [
          1451.0,
          231.0
        ],
        [
          1449.0,
          231.0
        ],
        [
          1444.0,
          236.0
        ],
        [
          1444.0,
          237.0
        ],
        [
          1435.0,
          245.0
        ],
        [
          1435.0,
          246.0
        ],
        [
          1433.0,
          248.0
        ],
        [
          1433.0,
          250.0
        ],
        [
          1432.0,
          251.0
        ],
        [
          1432.0,
          254.0
        ],
        [
          1431.0,
          255.0
        ],
        [
          1431.0,
          259.0
        ],
        [
          1430.0,
          260.0
        ],
        [
          1430.0,
          264.0
        ],
        [
          1429.0,
          265.0
        ],
        [
          1429.0,
          269.0
        ],
        [
          1428.0,
          270.0
        ],
        [
          1428.0,
          273.0
        ],
        [
          1427.0,
          274.0
        ],
        [
          1427.0,
          276.0
        ],
        [
          1425.0,
          279.0
        ],
        [
          1425.0,
          285.0
        ],
        [
          1424.0,
          286.0
        ],
        [
          1424.0,
          297.0
        ],
        [
          1423.0,
          298.0
        ],
        [
          1423.0,
          304.0
        ],
        [
          1422.0,
          305.0
        ],
        [
          1422.0,
          308.0
        ],
        [
          1421.0,
          309.0
        ],
        [
          1421.0,
          313.0
        ],
        [
          1420.0,
          314.0
        ],
        [
          1420.0,
          317.0
        ],
        [
          1419.0,
          318.0
        ],
        [
          1419.0,
          321.0
        ],
        [
          1418.0,
          322.0
        ],
        [
          1418.0,
          326.0
        ],
        [
          1417.0,
          327.0
        ],
        [
          1417.0,
          337.0
        ],
        [
          1416.0,
          338.0
        ],
        [
          1416.0,
          348.0
        ],
        [
          1415.0,
          349.0
        ],
        [
          1415.0,
          365.0
        ],
        [
          1416.0,
          366.0
        ],
        [
          1416.0,
          372.0
        ],
        [
          1418.0,
          375.0
        ],
        [
          1419.0,
          375.0
        ],
        [
          1420.0,
          374.0
        ],
        [
          1420.0,
          373.0
        ],
        [
          1421.0,
          372.0
        ],
        [
          1421.0,
          370.0
        ],
        [
          1423.0,
          367.0
        ],
        [
          1423.0,
          365.0
        ],
        [
          1424.0,
          364.0
        ],
        [
          1424.0,
          362.0
        ],
        [
          1425.0,
          361.0
        ],
        [
          1425.0,
          359.0
        ],
        [
          1426.0,
          358.0
        ],
        [
          1426.0,
          356.0
        ],
        [
          1427.0,
          355.0
        ],
        [
          1427.0,
          351.0
        ],
        [
          1428.0,
          350.0
        ],
        [
          1428.0,
          346.0
        ],
        [
          1429.0,
          345.0
        ],
        [
          1429.0,
          342.0
        ],
        [
          1430.0,
          341.0
        ],
        [
          1430.0,
          339.0
        ],
        [
          1431.0,
          338.0
        ],
        [
          1431.0,
          336.0
        ],
        [
          1432.0,
          335.0
        ],
        [
          1432.0,
          334.0
        ],
        [
          1435.0,
          331.0
        ],
        [
          1435.0,
          330.0
        ],
        [
          1437.0,
          328.0
        ],
        [
          1437.0,
          327.0
        ],
        [
          1439.0,
          325.0
        ],
        [
          1440.0,
          322.0
        ],
        [
          1442.0,
          320.0
        ],
        [
          1443.0,
          317.0
        ],
        [
          1445.0,
          315.0
        ],
        [
          1446.0,
          312.0
        ],
        [
          1448.0,
          310.0
        ],
        [
          1448.0,
          308.0
        ],
        [
          1449.0,
          307.0
        ],
        [
          1449.0,
          306.0
        ],
        [
          1450.0,
          305.0
        ],
        [
          1450.0,
          303.0
        ],
        [
          1451.0,
          302.0
        ],
        [
          1451.0,
          298.0
        ],
        [
          1452.0,
          297.0
        ],
        [
          1452.0,
          293.0
        ],
        [
          1453.0,
          292.0
        ],
        [
          1453.0,
          290.0
        ],
        [
          1454.0,
          289.0
        ],
        [
          1454.0,
          288.0
        ],
        [
          1456.0,
          285.0
        ],
        [
          1456.0,
          283.0
        ],
        [
          1457.0,
          282.0
        ],
        [
          1457.0,
          279.0
        ],
        [
          1458.0,
          278.0
        ],
        [
          1458.0,
          271.0
        ],
        [
          1459.0,
          270.0
        ],
        [
          1459.0,
          259.0
        ],
        [
          1460.0,
          258.0
        ],
        [
          1460.0,
          254.0
        ],
        [
          1461.0,
          253.0
        ],
        [
          1461.0,
          249.0
        ],
        [
          1462.0,
          248.0
        ],
        [
          1462.0,
          242.0
        ],
        [
          1463.0,
          241.0
        ],
        [
          1463.0,
          235.0
        ],
        [
          1462.0,
          234.0
        ],
        [
          1462.0,
          233.0
        ]
      ],
      "group_id": null,
      "description": "",
      "difficult": false,
      "shape_type": "polygon",
      "flags": {},
      "attributes": {},
      "kie_linking": []
    },
    {
      "label": "fish",
      "score": null,
      "points": [
        [
          1562.0,
          221.0
        ],
        [
          1559.0,
          221.0
        ],
        [
          1558.0,
          222.0
        ],
        [
          1555.0,
          222.0
        ],
        [
          1554.0,
          223.0
        ],
        [
          1553.0,
          223.0
        ],
        [
          1552.0,
          224.0
        ],
        [
          1551.0,
          224.0
        ],
        [
          1544.0,
          231.0
        ],
        [
          1543.0,
          231.0
        ],
        [
          1542.0,
          232.0
        ],
        [
          1541.0,
          232.0
        ],
        [
          1539.0,
          234.0
        ],
        [
          1538.0,
          234.0
        ],
        [
          1538.0,
          235.0
        ],
        [
          1537.0,
          236.0
        ],
        [
          1537.0,
          243.0
        ],
        [
          1536.0,
          244.0
        ],
        [
          1536.0,
          247.0
        ],
        [
          1535.0,
          248.0
        ],
        [
          1535.0,
          250.0
        ],
        [
          1534.0,
          251.0
        ],
        [
          1534.0,
          255.0
        ],
        [
          1533.0,
          256.0
        ],
        [
          1533.0,
          258.0
        ],
        [
          1532.0,
          259.0
        ],
        [
          1532.0,
          261.0
        ],
        [
          1531.0,
          262.0
        ],
        [
          1531.0,
          263.0
        ],
        [
          1530.0,
          264.0
        ],
        [
          1530.0,
          266.0
        ],
        [
          1529.0,
          267.0
        ],
        [
          1529.0,
          273.0
        ],
        [
          1528.0,
          274.0
        ],
        [
          1528.0,
          278.0
        ],
        [
          1527.0,
          279.0
        ],
        [
          1527.0,
          292.0
        ],
        [
          1526.0,
          293.0
        ],
        [
          1526.0,
          313.0
        ],
        [
          1525.0,
          314.0
        ],
        [
          1525.0,
          316.0
        ],
        [
          1524.0,
          317.0
        ],
        [
          1524.0,
          319.0
        ],
        [
          1523.0,
          320.0
        ],
        [
          1523.0,
          321.0
        ],
        [
          1522.0,
          322.0
        ],
        [
          1522.0,
          324.0
        ],
        [
          1521.0,
          325.0
        ],
        [
          1521.0,
          331.0
        ],
        [
          1520.0,
          332.0
        ],
        [
          1520.0,
          355.0
        ],
        [
          1523.0,
          355.0
        ],
        [
          1524.0,
          356.0
        ],
        [
          1527.0,
          353.0
        ],
        [
          1527.0,
          352.0
        ],
        [
          1528.0,
          351.0
        ],
        [
          1528.0,
          349.0
        ],
        [
          1529.0,
          348.0
        ],
        [
          1529.0,
          344.0
        ],
        [
          1530.0,
          343.0
        ],
        [
          1530.0,
          340.0
        ],
        [
          1531.0,
          339.0
        ],
        [
          1531.0,
          335.0
        ],
        [
          1532.0,
          334.0
        ],
        [
          1532.0,
          331.0
        ],
        [
          1533.0,
          330.0
        ],
        [
          1533.0,
          328.0
        ],
        [
          1534.0,
          327.0
        ],
        [
          1534.0,
          326.0
        ],
        [
          1535.0,
          325.0
        ],
        [
          1535.0,
          324.0
        ],
        [
          1536.0,
          323.0
        ],
        [
          1536.0,
          322.0
        ],
        [
          1538.0,
          320.0
        ],
        [
          1538.0,
          319.0
        ],
        [
          1541.0,
          316.0
        ],
        [
          1541.0,
          315.0
        ],
        [
          1545.0,
          310.0
        ],
        [
          1545.0,
          309.0
        ],
        [
          1546.0,
          308.0
        ],
        [
          1546.0,
          307.0
        ],
        [
          1548.0,
          305.0
        ],
        [
          1548.0,
          304.0
        ],
        [
          1549.0,
          303.0
        ],
        [
          1549.0,
          302.0
        ],
        [
          1550.0,
          301.0
        ],
        [
          1550.0,
          300.0
        ],
        [
          1551.0,
          299.0
        ],
        [
          1551.0,
          298.0
        ],
        [
          1552.0,
          297.0
        ],
        [
          1552.0,
          296.0
        ],
        [
          1554.0,
          293.0
        ],
        [
          1554.0,
          291.0
        ],
        [
          1555.0,
          290.0
        ],
        [
          1555.0,
          286.0
        ],
        [
          1556.0,
          285.0
        ],
        [
          1556.0,
          281.0
        ],
        [
          1557.0,
          280.0
        ],
        [
          1557.0,
          278.0
        ],
        [
          1558.0,
          277.0
        ],
        [
          1558.0,
          275.0
        ],
        [
          1559.0,
          274.0
        ],
        [
          1559.0,
          268.0
        ],
        [
          1560.0,
          267.0
        ],
        [
          1560.0,
          262.0
        ],
        [
          1561.0,
          261.0
        ],
        [
          1561.0,
          258.0
        ],
        [
          1562.0,
          257.0
        ],
        [
          1562.0,
          252.0
        ],
        [
          1563.0,
          251.0
        ],
        [
          1563.0,
          244.0
        ],
        [
          1564.0,
          243.0
        ],
        [
          1564.0,
          233.0
        ],
        [
          1565.0,
          232.0
        ],
        [
          1565.0,
          226.0
        ],
        [
          1564.0,
          225.0
        ],
        [
          1564.0,
          223.0
        ]
      ],
      "group_id": null,
      "description": "",
      "difficult": false,
      "shape_type": "polygon",
      "flags": {},
      "attributes": {},
      "kie_linking": []
    },
    {
      "label": "fish",
      "score": null,
      "points": [
        [
          1712.0,
          450.0
        ],
        [
          1712.0,
          451.0
        ],
        [
          1711.0,
          452.0
        ],
        [
          1711.0,
          455.0
        ],
        [
          1710.0,
          456.0
        ],
        [
          1710.0,
          462.0
        ],
        [
          1711.0,
          463.0
        ],
        [
          1711.0,
          466.0
        ],
        [
          1712.0,
          467.0
        ],
        [
          1712.0,
          470.0
        ],
        [
          1713.0,
          471.0
        ],
        [
          1713.0,
          476.0
        ],
        [
          1714.0,
          477.0
        ],
        [
          1714.0,
          483.0
        ],
        [
          1715.0,
          484.0
        ],
        [
          1715.0,
          495.0
        ],
        [
          1716.0,
          496.0
        ],
        [
          1716.0,
          500.0
        ],
        [
          1717.0,
          501.0
        ],
        [
          1717.0,
          505.0
        ],
        [
          1718.0,
          506.0
        ],
        [
          1718.0,
          509.0
        ],
        [
          1719.0,
          510.0
        ],
        [
          1719.0,
          513.0
        ],
        [
          1720.0,
          514.0
        ],
        [
          1720.0,
          519.0
        ],
        [
          1721.0,
          520.0
        ],
        [
          1721.0,
          522.0
        ],
        [
          1722.0,
          523.0
        ],
        [
          1722.0,
          525.0
        ],
        [
          1723.0,
          526.0
        ],
        [
          1723.0,
          528.0
        ],
        [
          1724.0,
          529.0
        ],
        [
          1724.0,
          531.0
        ],
        [
          1725.0,
          532.0
        ],
        [
          1725.0,
          534.0
        ],
        [
          1726.0,
          535.0
        ],
        [
          1726.0,
          536.0
        ],
        [
          1727.0,
          537.0
        ],
        [
          1727.0,
          538.0
        ],
        [
          1728.0,
          539.0
        ],
        [
          1728.0,
          540.0
        ],
        [
          1729.0,
          541.0
        ],
        [
          1729.0,
          542.0
        ],
        [
          1732.0,
          545.0
        ],
        [
          1732.0,
          546.0
        ],
        [
          1734.0,
          548.0
        ],
        [
          1735.0,
          548.0
        ],
        [
          1736.0,
          549.0
        ],
        [
          1738.0,
          549.0
        ],
        [
          1739.0,
          548.0
        ],
        [
          1744.0,
          548.0
        ],
        [
          1745.0,
          547.0
        ],
        [
          1746.0,
          547.0
        ],
        [
          1749.0,
          544.0
        ],
        [
          1749.0,
          528.0
        ],
        [
          1748.0,
          527.0
        ],
        [
          1748.0,
          522.0
        ],
        [
          1747.0,
          521.0
        ],
        [
          1747.0,
          518.0
        ],
        [
          1746.0,
          517.0
        ],
        [
          1746.0,
          514.0
        ],
        [
          1745.0,
          513.0
        ],
        [
          1745.0,
          510.0
        ],
        [
          1744.0,
          509.0
        ],
        [
          1744.0,
          507.0
        ],
        [
          1743.0,
          506.0
        ],
        [
          1743.0,
          504.0
        ],
        [
          1742.0,
          503.0
        ],
        [
          1742.0,
          501.0
        ],
        [
          1741.0,
          500.0
        ],
        [
          1741.0,
          498.0
        ],
        [
          1740.0,
          497.0
        ],
        [
          1740.0,
          496.0
        ],
        [
          1739.0,
          495.0
        ],
        [
          1739.0,
          494.0
        ],
        [
          1738.0,
          493.0
        ],
        [
          1738.0,
          491.0
        ],
        [
          1737.0,
          490.0
        ],
        [
          1737.0,
          487.0
        ],
        [
          1736.0,
          486.0
        ],
        [
          1736.0,
          484.0
        ],
        [
          1734.0,
          482.0
        ],
        [
          1734.0,
          481.0
        ],
        [
          1729.0,
          476.0
        ],
        [
          1729.0,
          475.0
        ],
        [
          1726.0,
          472.0
        ],
        [
          1726.0,
          471.0
        ],
        [
          1724.0,
          469.0
        ],
        [
          1724.0,
          468.0
        ],
        [
          1722.0,
          466.0
        ],
        [
          1722.0,
          465.0
        ],
        [
          1721.0,
          464.0
        ],
        [
          1721.0,
          463.0
        ],
        [
          1720.0,
          462.0
        ],
        [
          1720.0,
          461.0
        ],
        [
          1718.0,
          459.0
        ],
        [
          1718.0,
          458.0
        ],
        [
          1716.0,
          456.0
        ],
        [
          1716.0,
          454.0
        ],
        [
          1715.0,
          453.0
        ],
        [
          1715.0,
          452.0
        ],
        [
          1713.0,
          450.0
        ]
      ],
      "group_id": null,
      "description": "",
      "difficult": false,
      "shape_type": "polygon",
      "flags": {},
      "attributes": {},
      "kie_linking": []
    },
    {
      "label": "fish",
      "score": null,
      "points": [
        [
          1669.0,
          701.0
        ],
        [
          1665.0,
          701.0
        ],
        [
          1664.0,
          702.0
        ],
        [
          1663.0,
          702.0
        ],
        [
          1662.0,
          703.0
        ],
        [
          1661.0,
          703.0
        ],
        [
          1661.0,
          704.0
        ],
        [
          1659.0,
          706.0
        ],
        [
          1659.0,
          707.0
        ],
        [
          1658.0,
          708.0
        ],
        [
          1658.0,
          711.0
        ],
        [
          1657.0,
          712.0
        ],
        [
          1657.0,
          714.0
        ],
        [
          1656.0,
          715.0
        ],
        [
          1656.0,
          718.0
        ],
        [
          1655.0,
          719.0
        ],
        [
          1655.0,
          722.0
        ],
        [
          1654.0,
          723.0
        ],
        [
          1654.0,
          726.0
        ],
        [
          1653.0,
          727.0
        ],
        [
          1653.0,
          730.0
        ],
        [
          1652.0,
          731.0
        ],
        [
          1652.0,
          734.0
        ],
        [
          1651.0,
          735.0
        ],
        [
          1651.0,
          739.0
        ],
        [
          1650.0,
          740.0
        ],
        [
          1650.0,
          744.0
        ],
        [
          1649.0,
          745.0
        ],
        [
          1649.0,
          748.0
        ],
        [
          1647.0,
          751.0
        ],
        [
          1647.0,
          753.0
        ],
        [
          1646.0,
          754.0
        ],
        [
          1646.0,
          756.0
        ],
        [
          1645.0,
          757.0
        ],
        [
          1645.0,
          759.0
        ],
        [
          1644.0,
          760.0
        ],
        [
          1644.0,
          763.0
        ],
        [
          1643.0,
          764.0
        ],
        [
          1643.0,
          768.0
        ],
        [
          1642.0,
          769.0
        ],
        [
          1642.0,
          773.0
        ],
        [
          1641.0,
          774.0
        ],
        [
          1641.0,
          780.0
        ],
        [
          1640.0,
          781.0
        ],
        [
          1640.0,
          786.0
        ],
        [
          1639.0,
          787.0
        ],
        [
          1639.0,
          791.0
        ],
        [
          1638.0,
          792.0
        ],
        [
          1638.0,
          794.0
        ],
        [
          1637.0,
          795.0
        ],
        [
          1637.0,
          799.0
        ],
        [
          1636.0,
          800.0
        ],
        [
          1636.0,
          804.0
        ],
        [
          1635.0,
          805.0
        ],
        [
          1635.0,
          808.0
        ],
        [
          1634.0,
          809.0
        ],
        [
          1634.0,
          816.0
        ],
        [
          1635.0,
          817.0
        ],
        [
          1635.0,
          819.0
        ],
        [
          1636.0,
          820.0
        ],
        [
          1636.0,
          821.0
        ],
        [
          1641.0,
          826.0
        ],
        [
          1641.0,
          827.0
        ],
        [
          1643.0,
          830.0
        ],
        [
          1643.0,
          832.0
        ],
        [
          1644.0,
          833.0
        ],
        [
          1644.0,
          835.0
        ],
        [
          1646.0,
          837.0
        ],
        [
          1650.0,
          837.0
        ],
        [
          1651.0,
          836.0
        ],
        [
          1653.0,
          836.0
        ],
        [
          1654.0,
          835.0
        ],
        [
          1654.0,
          834.0
        ],
        [
          1656.0,
          832.0
        ],
        [
          1656.0,
          831.0
        ],
        [
          1658.0,
          829.0
        ],
        [
          1658.0,
          828.0
        ],
        [
          1659.0,
          827.0
        ],
        [
          1659.0,
          826.0
        ],
        [
          1661.0,
          823.0
        ],
        [
          1661.0,
          821.0
        ],
        [
          1663.0,
          818.0
        ],
        [
          1663.0,
          816.0
        ],
        [
          1664.0,
          815.0
        ],
        [
          1664.0,
          813.0
        ],
        [
          1665.0,
          812.0
        ],
        [
          1665.0,
          809.0
        ],
        [
          1666.0,
          808.0
        ],
        [
          1666.0,
          805.0
        ],
        [
          1667.0,
          804.0
        ],
        [
          1667.0,
          802.0
        ],
        [
          1668.0,
          801.0
        ],
        [
          1668.0,
          798.0
        ],
        [
          1669.0,
          797.0
        ],
        [
          1669.0,
          794.0
        ],
        [
          1670.0,
          793.0
        ],
        [
          1670.0,
          759.0
        ],
        [
          1671.0,
          758.0
        ],
        [
          1671.0,
          756.0
        ],
        [
          1672.0,
          755.0
        ],
        [
          1672.0,
          748.0
        ],
        [
          1671.0,
          747.0
        ],
        [
          1671.0,
          745.0
        ],
        [
          1670.0,
          744.0
        ],
        [
          1670.0,
          742.0
        ],
        [
          1669.0,
          741.0
        ],
        [
          1669.0,
          739.0
        ],
        [
          1668.0,
          738.0
        ],
        [
          1668.0,
          731.0
        ],
        [
          1669.0,
          730.0
        ],
        [
          1669.0,
          723.0
        ],
        [
          1670.0,
          722.0
        ],
        [
          1670.0,
          719.0
        ],
        [
          1671.0,
          718.0
        ],
        [
          1671.0,
          712.0
        ],
        [
          1672.0,
          711.0
        ],
        [
          1672.0,
          706.0
        ],
        [
          1671.0,
          705.0
        ],
        [
          1671.0,
          704.0
        ]
      ],
      "group_id": null,
      "description": "",
      "difficult": false,
      "shape_type": "polygon",
      "flags": {},
      "attributes": {},
      "kie_linking": []
    }
  ],
  "imagePath": "frame_000015.jpg",
  "imageData": null,
  "imageHeight": 1080,
  "imageWidth": 1920
}