{
  "version": "3.1.1",
  "flags": {},
  "shapes": [
    {
      "label": "fish",
      "score": null,
      "points": [
        [
          1336.0,
          657.0
        ],
        [
          1333.0,
          654.0
        ],
        [
          1327.0,
          654.0
        ],
        [
          1326.0,
          655.0
        ],
        [
          1323.0,
          655.0
        ],
        [
          1322.0,
          656.0
        ],
        [
          1319.0,
          656.0
        ],
        [
          1318.0,
          657.0
        ],
        [
          1310.0,
          657.0
        ],
        [
          1309.0,
          658.0
        ],
        [
          1308.0,
          658.0
        ],
        [
          1307.0,
          657.0
        ],
        [
          1282.0,
          657.0
        ],
        [
          1281.0,
          658.0
        ],
        [
          1275.0,
          658.0
        ],
        [
          1274.0,
          657.0
        ],
        [
          1260.0,
          657.0
        ],
        [
          1259.0,
          658.0
        ],
        [
          1243.0,
          658.0
        ],
        [
          1242.0,
          659.0
        ],
        [
          1225.0,
          659.0
        ],
        [
          1224.0,
          660.0
        ],
        [
          1208.0,
          660.0
        ],
        [
          1207.0,
          661.0
        ],
        [
          1205.0,
          661.0
        ],
        [
          1204.0,
          662.0
        ],
        [
          1203.0,
          662.0
        ],
        [
          1198.0,
          667.0
        ],
        [
          1197.0,
          667.0
        ],
        [
          1195.0,
          669.0
        ],
        [
          1194.0,
          669.0
        ],
        [
          1194.0,
          670.0
        ],
        [
          1193.0,
          671.0
        ],
        [
          1193.0,
          674.0
        ],
        [
          1192.0,
          675.0
        ],
        [
          1192.0,
          677.0
        ],
        [
          1193.0,
          678.0
        ],
        [
          1193.0,
          679.0
        ],
        [
          1196.0,
          681.0
        ],
        [
          1198.0,
          681.0
        ],
        [
          1199.0,
          682.0
        ],
        [
          1201.0,
          682.0
        ],
        [
          1202.0,
          683.0
        ],
        [
          1207.0,
          683.0
        ],
        [
          1208.0,
          684.0
        ],
        [
          1214.0,
          684.0
        ],
        [
          1215.0,
          685.0
        ],
        [
          1222.0,
          685.0
        ],
        [
          1223.0,
          686.0
        ],
        [
          1256.0,
          686.0
        ],
        [
          1257.0,
          685.0
        ],
        [
          1260.0,
          685.0
        ],
        [
          1261.0,
          684.0
        ],
        [
          1263.0,
          684.0
        ],
        [
          1264.0,
          683.0
        ],
        [
          1266.0,
          683.0
        ],
        [
          1269.0,
          681.0
        ],
        [
          1271.0,
          681.0
        ],
        [
          1272.0,
          680.0
        ],
        [
          1273.0,
          680.0
        ],
        [
          1274.0,
          679.0
        ],
        [
          1275.0,
          679.0
        ],
        [
          1276.0,
          678.0
        ],
        [
          1277.0,
          678.0
        ],
        [
          1278.0,
          677.0
        ],
        [
          1279.0,
          677.0
        ],
        [
          1280.0,
          676.0
        ],
        [
          1281.0,
          676.0
        ],
        [
          1282.0,
          675.0
        ],
        [
          1283.0,
          675.0
        ],
        [
          1286.0,
          673.0
        ],
        [
          1288.0,
          673.0
        ],
        [
          1289.0,
          672.0
        ],
        [
          1292.0,
          672.0
        ],
        [
          1293.0,
          671.0
        ],
        [
          1300.0,
          671.0
        ],
        [
          1301.0,
          670.0
        ],
        [
          1306.0,
          670.0
        ],
        [
          1307.0,
          669.0
        ],
        [
          1311.0,
          669.0
        ],
        [
          1312.0,
          668.0
        ],
        [
          1315.0,
          668.0
        ],
        [
          1316.0,
          667.0
        ],
        [
          1318.0,
          667.0
        ],
        [
          1319.0,
          666.0
        ],
        [
          1321.0,
          666.0
        ],
        [
          1322.0,
          665.0
        ],
        [
          1325.0,
          665.0
        ],
        [
          1326.0,
          664.0
        ],
        [
          1330.0,
          664.0
        ],
        [
          1331.0,
          663.0
        ],
        [
          1333.0,
          663.0
        ],
        [
          1334.0,
          662.0
        ],
        [
          1335.0,
          662.0
        ],
        [
          1335.0,
          658.0
        ]
      ],
      "group_id": null,
      "description": "",
      "difficult": false,
      "shape_type": "polygon",
      "flags": {},
      "attributes": {},
      "kie_linking": []
    },
    {
      "label": "fish",
      "score": null,
      "points": [
        [
          1714.0,
          654.0
        ],
        [
          1711.0,
          652.0
        ],
        [
          1709.0,
          652.0
        ],
        [
          1708.0,
          651.0
        ],
        [
          1705.0,
          651.0
        ],
        [
          1704.0,
          650.0
        ],
        [
          1701.0,
          650.0
        ],
        [
          1700.0,
          649.0
        ],
        [
          1698.0,
          649.0
        ],
        [
          1697.0,
          648.0
        ],
        [
          1695.0,
          648.0
        ],
        [
          1694.0,
          647.0
        ],
        [
          1686.0,
          647.0
        ],
        [
          1685.0,
          648.0
        ],
        [
          1682.0,
          648.0
        ],
        [
          1681.0,
          649.0
        ],
        [
          1678.0,
          649.0
        ],
        [
          1677.0,
          650.0
        ],
        [
          1669.0,
          650.0
        ],
        [
          1668.0,
          651.0
        ],
        [
          1664.0,
          651.0
        ],
        [
          1663.0,
          652.0
        ],
        [
          1660.0,
          652.0
        ],
        [
          1659.0,
          653.0
        ],
        [
          1657.0,
          653.0
        ],
        [
          1656.0,
          654.0
        ],
        [
          1653.0,
          654.0
        ],
        [
          1652.0,
          655.0
        ],
        [
          1650.0,
          655.0
        ],
        [
          1649.0,
          656.0
        ],
        [
          1647.0,
          656.0
        ],
        [
          1646.0,
          657.0
        ],
        [
          1644.0,
          657.0
        ],
        [
          1643.0,
          658.0
        ],
        [
          1641.0,
          658.0
        ],
        [
          1640.0,
          659.0
        ],
        [
          1637.0,
          659.0
        ],
        [
          1636.0,
          660.0
        ],
        [
          1633.0,
          660.0
        ],
        [
          1632.0,
          661.0
        ],
        [
          1630.0,
          661.0
        ],
        [
          1629.0,
          662.0
        ],
        [
          1628.0,
          662.0
        ],
        [
          1626.0,
          664.0
        ],
        [
          1625.0,
          664.0
        ],
        [
          1624.0,
          665.0
        ],
        [
          1623.0,
          665.0
        ],
        [
          1622.0,
          666.0
        ],
        [
          1621.0,
          666.0
        ],
        [
          1620.0,
          667.0
        ],
        [
          1619.0,
          667.0
        ],
        [
          1618.0,
          668.0
        ],
        [
          1617.0,
          668.0
        ],
        [
          1616.0,
          669.0
        ],
        [
          1613.0,
          670.0
        ],
        [
          1609.0,
          674.0
        ],
        [
          1608.0,
          674.0
        ],
        [
          1607.0,
          675.0
        ],
        [
          1606.0,
          675.0
        ],
        [
          1605.0,
          676.0
        ],
        [
          1602.0,
          677.0
        ],
        [
          1598.0,
          681.0
        ],
        [
          1597.0,
          681.0
        ],
        [
          1595.0,
          683.0
        ],
        [
          1594.0,
          683.0
        ],
        [
          1587.0,
          690.0
        ],
        [
          1587.0,
          691.0
        ],
        [
          1585.0,
          693.0
        ],
        [
          1585.0,
          694.0
        ],
        [
          1584.0,
          695.0
        ],
        [
          1583.0,
          698.0
        ],
        [
          1580.0,
          701.0
        ],
        [
          1580.0,
          702.0
        ],
        [
          1575.0,
          706.0
        ],
        [
          1572.0,
          707.0
        ],
        [
          1572.0,
          709.0
        ],
        [
          1573.0,
          709.0
        ],
        [
          1574.0,
          710.0
        ],
        [
          1576.0,
          710.0
        ],
        [
          1577.0,
          711.0
        ],
        [
          1579.0,
          711.0
        ],
        [
          1581.0,
          713.0
        ],
        [
          1582.0,
          713.0
        ],
        [
          1584.0,
          715.0
        ],
        [
          1584.0,
          716.0
        ],
        [
          1586.0,
          716.0
        ],
        [
          1587.0,
          715.0
        ],
        [
          1587.0,
          713.0
        ],
        [
          1588.0,
          712.0
        ],
        [
          1588.0,
          711.0
        ],
        [
          1589.0,
          710.0
        ],
        [
          1590.0,
          707.0
        ],
        [
          1595.0,
          702.0
        ],
        [
          1596.0,
          702.0
        ],
        [
          1597.0,
          701.0
        ],
        [
          1598.0,
          701.0
        ],
        [
          1599.0,
          700.0
        ],
        [
          1600.0,
          700.0
        ],
        [
          1601.0,
          699.0
        ],
        [
          1602.0,
          699.0
        ],
        [
          1603.0,
          698.0
        ],
        [
          1606.0,
          697.0
        ],
        [
          1608.0,
          695.0
        ],
        [
          1609.0,
          695.0
        ],
        [
          1614.0,
          690.0
        ],
        [
          1615.0,
          690.0
        ],
        [
          1620.0,
          687.0
        ],
        [
          1623.0,
          687.0
        ],
        [
          1624.0,
          686.0
        ],
        [
          1635.0,
          686.0
        ],
        [
          1636.0,
          687.0
        ],
        [
          1652.0,
          687.0
        ],
        [
          1653.0,
          686.0
        ],
        [
          1655.0,
          686.0
        ],
        [
          1656.0,
          685.0
        ],
        [
          1657.0,
          685.0
        ],
        [
          1658.0,
          684.0
        ],
        [
          1660.0,
          684.0
        ],
        [
          1661.0,
          683.0
        ],
        [
          1664.0,
          683.0
        ],
        [
          1665.0,
          682.0
        ],
        [
          1669.0,
          682.0
        ],
        [
          1670.0,
          681.0
        ],
        [
          1673.0,
          681.0
        ],
        [
          1674.0,
          680.0
        ],
        [
          1676.0,
          680.0
        ],
        [
          1677.0,
          679.0
        ],
        [
          1679.0,
          679.0
        ],
        [
          1680.0,
          678.0
        ],
        [
          1682.0,
          678.0
        ],
        [
          1683.0,
          677.0
        ],
        [
          1685.0,
          677.0
        ],
        [
          1688.0,
          675.0
        ],
        [
          1690.0,
          675.0
        ],
        [
          1695.0,
          672.0
        ],
        [
          1697.0,
          672.0
        ],
        [
          1698.0,
          671.0
        ],
        [
          1699.0,
          671.0
        ],
        [
          1700.0,
          670.0
        ],
        [
          1701.0,
          670.0
        ],
        [
          1702.0,
          669.0
        ],
        [
          1703.0,
          669.0
        ],
        [
          1704.0,
          668.0
        ],
        [
          1705.0,
          668.0
        ],
        [
          1706.0,
          667.0
        ],
        [
          1707.0,
          667.0
        ],
        [
          1708.0,
          666.0
        ],
        [
          1711.0,
          665.0
        ],
        [
          1714.0,
          662.0
        ]
      ],
      "group_id": null,
      "description": "",
      "difficult": false,
      "shape_type": "polygon",
      "flags": {},
      "attributes": {},
      "kie_linking": []
    },
    {
      "label": "fish",
      "score": null,
      "points": [
        [
          1555.0,
          791.0
        ],
        [
          1550.0,
          793.0
        ],
        [
          1546.0,
          797.0
        ],
        [
          1544.0,
          802.0
        ],
        [
          1541.0,
          805.0
        ],
        [
          1537.0,
          815.0
        ],
        [
          1534.0,
          818.0
        ],
        [
          1533.0,
          818.0
        ],
        [
          1530.0,
          821.0
        ],
        [
          1529.0,
          821.0
        ],
        [
          1526.0,
          824.0
        ],
        [
          1525.0,
          824.0
        ],
        [
          1523.0,
          826.0
        ],
        [
          1523.0,
          827.0
        ],
        [
          1514.0,
          836.0
        ],
        [
          1512.0,
          841.0
        ],
        [
          1510.0,
          843.0
        ],
        [
          1510.0,
          844.0
        ],
        [
          1508.0,
          846.0
        ],
        [
          1508.0,
          847.0
        ],
        [
          1506.0,
          849.0
        ],
        [
          1506.0,
          850.0
        ],
        [
          1502.0,
          854.0
        ],
        [
          1502.0,
          855.0
        ],
        [
          1500.0,
          857.0
        ],
        [
          1499.0,
          860.0
        ],
        [
          1497.0,
          862.0
        ],
        [
          1497.0,
          863.0
        ],
        [
          1495.0,
          866.0
        ],
        [
          1495.0,
          868.0
        ],
        [
          1494.0,
          869.0
        ],
        [
          1494.0,
          872.0
        ],
        [
          1493.0,
          873.0
        ],
        [
          1493.0,
          875.0
        ],
        [
          1492.0,
          876.0
        ],
        [
          1492.0,
          878.0
        ],
        [
          1491.0,
          879.0
        ],
        [
          1491.0,
          880.0
        ],
        [
          1487.0,
          887.0
        ],
        [
          1487.0,
          889.0
        ],
        [
          1486.0,
          890.0
        ],
        [
          1486.0,
          893.0
        ],
        [
          1485.0,
          894.0
        ],
        [
          1485.0,
          899.0
        ],
        [
          1484.0,
          900.0
        ],
        [
          1484.0,
          904.0
        ],
        [
          1483.0,
          905.0
        ],
        [
          1483.0,
          907.0
        ],
        [
          1482.0,
          908.0
        ],
        [
          1482.0,
          909.0
        ],
        [
          1478.0,
          916.0
        ],
        [
          1478.0,
          918.0
        ],
        [
          1477.0,
          919.0
        ],
        [
          1478.0,
          920.0
        ],
        [
          1478.0,
          926.0
        ],
        [
          1480.0,
          929.0
        ],
        [
          1482.0,
          929.0
        ],
        [
          1483.0,
          930.0
        ],
        [
          1495.0,
          930.0
        ],
        [
          1496.0,
          929.0
        ],
        [
          1505.0,
          929.0
        ],
        [
          1506.0,
          928.0
        ],
        [
          1508.0,
          928.0
        ],
        [
          1509.0,
          927.0
        ],
        [
          1511.0,
          927.0
        ],
        [
          1512.0,
          926.0
        ],
        [
          1516.0,
          926.0
        ],
        [
          1518.0,
          924.0
        ],
        [
          1518.0,
          923.0
        ],
        [
          1519.0,
          922.0
        ],
        [
          1519.0,
          917.0
        ],
        [
          1520.0,
          916.0
        ],
        [
          1520.0,
          913.0
        ],
        [
          1521.0,
          912.0
        ],
        [
          1521.0,
          903.0
        ],
        [
          1522.0,
          902.0
        ],
        [
          1523.0,
          899.0
        ],
        [
          1525.0,
          897.0
        ],
        [
          1525.0,
          896.0
        ],
        [
          1529.0,
          889.0
        ],
        [
          1529.0,
          884.0
        ],
        [
          1530.0,
          883.0
        ],
        [
          1530.0,
          876.0
        ],
        [
          1531.0,
          875.0
        ],
        [
          1531.0,
          871.0
        ],
        [
          1532.0,
          870.0
        ],
        [
          1532.0,
          864.0
        ],
        [
          1533.0,
          863.0
        ],
        [
          1533.0,
          860.0
        ],
        [
          1534.0,
          859.0
        ],
        [
          1534.0,
          857.0
        ],
        [
          1535.0,
          856.0
        ],
        [
          1536.0,
          853.0
        ],
        [
          1538.0,
          851.0
        ],
        [
          1539.0,
          848.0
        ],
        [
          1544.0,
          842.0
        ],
        [
          1544.0,
          841.0
        ],
        [
          1545.0,
          840.0
        ],
        [
          1545.0,
          838.0
        ],
        [
          1547.0,
          835.0
        ],
        [
          1547.0,
          833.0
        ],
        [
          1548.0,
          832.0
        ],
        [
          1548.0,
          831.0
        ],
        [
          1550.0,
          829.0
        ],
        [
          1550.0,
          828.0
        ],
        [
          1554.0,
          824.0
        ],
        [
          1555.0,
          824.0
        ],
        [
          1557.0,
          822.0
        ],
        [
          1558.0,
          822.0
        ],
        [
          1560.0,
          820.0
        ],
        [
          1561.0,
          820.0
        ],
        [
          1564.0,
          817.0
        ],
        [
          1565.0,
          817.0
        ],
        [
          1566.0,
          816.0
        ],
        [
          1571.0,
          814.0
        ],
        [
          1573.0,
          811.0
        ],
        [
          1573.0,
          805.0
        ],
        [
          1572.0,
          804.0
        ],
        [
          1570.0,
          804.0
        ],
        [
          1569.0,
          803.0
        ],
        [
          1566.0,
          802.0
        ]
      ],
      "group_id": null,
      "description": "",
      "difficult": false,
      "shape_type": "polygon",
      "flags": {},
      "attributes": {},
      "kie_linking": []
    },
    {
      "label": "fish",
      "score": null,
      "points": [
        [
          1649.0,
          835.0
        ],
        [
          1646.0,
          832.0
        ],
        [
          1643.0,
          832.0
        ],
        [
          1642.0,
          831.0
        ],
        [
          1640.0,
          831.0
        ],
        [
          1639.0,
          830.0
        ],
        [
          1636.0,
          830.0
        ],
        [
          1634.0,
          832.0
        ],
        [
          1633.0,
          835.0
        ],
        [
          1631.0,
          837.0
        ],
        [
          1630.0,
          837.0
        ],
        [
          1628.0,
          835.0
        ],
        [
          1628.0,
          831.0
        ],
        [
          1627.0,
          830.0
        ],
        [
          1627.0,
          829.0
        ],
        [
          1625.0,
          827.0
        ],
        [
          1624.0,
          827.0
        ],
        [
          1622.0,
          829.0
        ],
        [
          1622.0,
          830.0
        ],
        [
          1621.0,
          831.0
        ],
        [
          1621.0,
          832.0
        ],
        [
          1620.0,
          833.0
        ],
        [
          1620.0,
          834.0
        ],
        [
          1618.0,
          837.0
        ],
        [
          1618.0,
          839.0
        ],
        [
          1616.0,
          842.0
        ],
        [
          1616.0,
          844.0
        ],
        [
          1615.0,
          845.0
        ],
        [
          1615.0,
          846.0
        ],
        [
          1614.0,
          847.0
        ],
        [
          1613.0,
          850.0
        ],
        [
          1607.0,
          856.0
        ],
        [
          1606.0,
          856.0
        ],
        [
          1603.0,
          859.0
        ],
        [
          1602.0,
          859.0
        ],
        [
          1591.0,
          870.0
        ],
        [
          1590.0,
          870.0
        ],
        [
          1585.0,
          874.0
        ],
        [
          1585.0,
          875.0
        ],
        [
          1583.0,
          877.0
        ],
        [
          1583.0,
          878.0
        ],
        [
          1580.0,
          881.0
        ],
        [
          1580.0,
          882.0
        ],
        [
          1577.0,
          885.0
        ],
        [
          1577.0,
          886.0
        ],
        [
          1575.0,
          888.0
        ],
        [
          1575.0,
          889.0
        ],
        [
          1573.0,
          891.0
        ],
        [
          1573.0,
          892.0
        ],
        [
          1570.0,
          894.0
        ],
        [
          1570.0,
          895.0
        ],
        [
          1569.0,
          896.0
        ],
        [
          1569.0,
          897.0
        ],
        [
          1568.0,
          898.0
        ],
        [
          1568.0,
          899.0
        ],
        [
          1567.0,
          900.0
        ],
        [
          1567.0,
          901.0
        ],
        [
          1566.0,
          902.0
        ],
        [
          1565.0,
          905.0
        ],
        [
          1564.0,
          906.0
        ],
        [
          1563.0,
          906.0
        ],
        [
          1559.0,
          910.0
        ],
        [
          1559.0,
          911.0
        ],
        [
          1558.0,
          912.0
        ],
        [
          1557.0,
          915.0
        ],
        [
          1555.0,
          917.0
        ],
        [
          1555.0,
          923.0
        ],
        [
          1554.0,
          924.0
        ],
        [
          1559.0,
          924.0
        ],
        [
          1560.0,
          925.0
        ],
        [
          1565.0,
          925.0
        ],
        [
          1566.0,
          924.0
        ],
        [
          1573.0,
          924.0
        ],
        [
          1574.0,
          923.0
        ],
        [
          1586.0,
          923.0
        ],
        [
          1587.0,
          922.0
        ],
        [
          1592.0,
          922.0
        ],
        [
          1593.0,
          921.0
        ],
        [
          1596.0,
          921.0
        ],
        [
          1597.0,
          920.0
        ],
        [
          1598.0,
          920.0
        ],
        [
          1601.0,
          917.0
        ],
        [
          1601.0,
          916.0
        ],
        [
          1603.0,
          913.0
        ],
        [
          1603.0,
          911.0
        ],
        [
          1604.0,
          910.0
        ],
        [
          1604.0,
          908.0
        ],
        [
          1605.0,
          907.0
        ],
        [
          1605.0,
          905.0
        ],
        [
          1606.0,
          904.0
        ],
        [
          1606.0,
          903.0
        ],
        [
          1607.0,
          902.0
        ],
        [
          1607.0,
          900.0
        ],
        [
          1609.0,
          897.0
        ],
        [
          1609.0,
          893.0
        ],
        [
          1610.0,
          892.0
        ],
        [
          1610.0,
          887.0
        ],
        [
          1611.0,
          886.0
        ],
        [
          1612.0,
          883.0
        ],
        [
          1615.0,
          880.0
        ],
        [
          1615.0,
          879.0
        ],
        [
          1617.0,
          877.0
        ],
        [
          1617.0,
          876.0
        ],
        [
          1619.0,
          873.0
        ],
        [
          1619.0,
          871.0
        ],
        [
          1620.0,
          870.0
        ],
        [
          1620.0,
          867.0
        ],
        [
          1621.0,
          866.0
        ],
        [
          1622.0,
          863.0
        ],
        [
          1632.0,
          853.0
        ],
        [
          1633.0,
          853.0
        ],
        [
          1648.0,
          838.0
        ]
      ],
      "group_id": null,
      "description": "",
      "difficult": false,
      "shape_type": "polygon",
      "flags": {},
      "attributes": {},
      "kie_linking": []
    }
  ],
  "imagePath": "frame_000028.jpg",
  "imageData": null,
  "imageHeight": 1080,
  "imageWidth": 1920
}