{
  "version": "3.1.1",
  "flags": {},
  "shapes": [
    {
      "label": "fish",
      "score": null,
      "points": [
        [
          1558.0,
          74.0
        ],
        [
          1557.0,
          74.0
        ],
        [
          1556.0,
          73.0
        ],
        [
          1555.0,
          73.0
        ],
        [
          1554.0,
          72.0
        ],
        [
          1539.0,
          72.0
        ],
        [
          1538.0,
          73.0
        ],
        [
          1537.0,
          73.0
        ],
        [
          1535.0,
          75.0
        ],
        [
          1535.0,
          76.0
        ],
        [
          1533.0,
          78.0
        ],
        [
          1533.0,
          79.0
        ],
        [
          1529.0,
          83.0
        ],
        [
          1529.0,
          84.0
        ],
        [
          1527.0,
          86.0
        ],
        [
          1527.0,
          87.0
        ],
        [
          1525.0,
          89.0
        ],
        [
          1525.0,
          90.0
        ],
        [
          1523.0,
          92.0
        ],
        [
          1523.0,
          94.0
        ],
        [
          1522.0,
          95.0
        ],
        [
          1522.0,
          96.0
        ],
        [
          1519.0,
          99.0
        ],
        [
          1519.0,
          100.0
        ],
        [
          1516.0,
          103.0
        ],
        [
          1516.0,
          104.0
        ],
        [
          1515.0,
          105.0
        ],
        [
          1515.0,
          106.0
        ],
        [
          1513.0,
          108.0
        ],
        [
          1513.0,
          109.0
        ],
        [
          1511.0,
          111.0
        ],
        [
          1511.0,
          112.0
        ],
        [
          1509.0,
          114.0
        ],
        [
          1509.0,
          115.0
        ],
        [
          1508.0,
          116.0
        ],
        [
          1508.0,
          117.0
        ],
        [
          1507.0,
          118.0
        ],
        [
          1507.0,
          119.0
        ],
        [
          1506.0,
          120.0
        ],
        [
          1506.0,
          121.0
        ],
        [
          1503.0,
          124.0
        ],
        [
          1503.0,
          125.0
        ],
        [
          1501.0,
          127.0
        ],
        [
          1501.0,
          128.0
        ],
        [
          1500.0,
          129.0
        ],
        [
          1500.0,
          130.0
        ],
        [
          1499.0,
          131.0
        ],
        [
          1499.0,
          132.0
        ],
        [
          1496.0,
          135.0
        ],
        [
          1496.0,
          136.0
        ],
        [
          1494.0,
          138.0
        ],
        [
          1494.0,
          139.0
        ],
        [
          1493.0,
          140.0
        ],
        [
          1493.0,
          142.0
        ],
        [
          1492.0,
          143.0
        ],
        [
          1492.0,
          144.0
        ],
        [
          1491.0,
          145.0
        ],
        [
          1491.0,
          146.0
        ],
        [
          1490.0,
          147.0
        ],
        [
          1490.0,
          148.0
        ],
        [
          1486.0,
          152.0
        ],
        [
          1486.0,
          155.0
        ],
        [
          1485.0,
          156.0
        ],
        [
          1485.0,
          159.0
        ],
        [
          1484.0,
          160.0
        ],
        [
          1486.0,
          162.0
        ],
        [
          1487.0,
          162.0
        ],
        [
          1490.0,
          159.0
        ],
        [
          1490.0,
          158.0
        ],
        [
          1492.0,
          156.0
        ],
        [
          1493.0,
          156.0
        ],
        [
          1494.0,
          155.0
        ],
        [
          1495.0,
          155.0
        ],
        [
          1504.0,
          146.0
        ],
        [
          1504.0,
          145.0
        ],
        [
          1505.0,
          144.0
        ],
        [
          1505.0,
          143.0
        ],
        [
          1510.0,
          138.0
        ],
        [
          1511.0,
          138.0
        ],
        [
          1515.0,
          134.0
        ],
        [
          1516.0,
          134.0
        ],
        [
          1518.0,
          132.0
        ],
        [
          1519.0,
          132.0
        ],
        [
          1524.0,
          127.0
        ],
        [
          1525.0,
          127.0
        ],
        [
          1527.0,
          125.0
        ],
        [
          1528.0,
          125.0
        ],
        [
          1531.0,
          122.0
        ],
        [
          1532.0,
          122.0
        ],
        [
          1537.0,
          117.0
        ],
        [
          1537.0,
          116.0
        ],
        [
          1543.0,
          110.0
        ],
        [
          1543.0,
          109.0
        ],
        [
          1544.0,
          108.0
        ],
        [
          1544.0,
          107.0
        ],
        [
          1546.0,
          105.0
        ],
        [
          1546.0,
          104.0
        ],
        [
          1548.0,
          102.0
        ],
        [
          1548.0,
          101.0
        ],
        [
          1549.0,
          100.0
        ],
        [
          1549.0,
          99.0
        ],
        [
          1550.0,
          98.0
        ],
        [
          1550.0,
          97.0
        ],
        [
          1551.0,
          96.0
        ],
        [
          1551.0,
          95.0
        ],
        [
          1552.0,
          94.0
        ],
        [
          1552.0,
          92.0
        ],
        [
          1553.0,
          91.0
        ],
        [
          1553.0,
          89.0
        ],
        [
          1554.0,
          88.0
        ],
        [
          1554.0,
          86.0
        ],
        [
          1555.0,
          85.0
        ],
        [
          1555.0,
          84.0
        ],
        [
          1556.0,
          83.0
        ],
        [
          1556.0,
          82.0
        ],
        [
          1559.0,
          79.0
        ],
        [
          1559.0,
          78.0
        ],
        [
          1560.0,
          77.0
        ],
        [
          1559.0,
          76.0
        ],
        [
          1559.0,
          75.0
        ]
      ],
      "group_id": null,
      "description": "",
      "difficult": false,
      "shape_type": "polygon",
      "flags": {},
      "attributes": {},
      "kie_linking": []
    },
    {
      "label": "fish",
      "score": null,
      "points": [
        [
          1475.0,
          185.0
        ],
        [
          1473.0,
          185.0
        ],
        [
          1470.0,
          187.0
        ],
        [
          1470.0,
          188.0
        ],
        [
          1468.0,
          190.0
        ],
        [
          1468.0,
          192.0
        ],
        [
          1463.0,
          197.0
        ],
        [
          1463.0,
          198.0
        ],
        [
          1461.0,
          201.0
        ],
        [
          1461.0,
          203.0
        ],
        [
          1460.0,
          204.0
        ],
        [
          1460.0,
          213.0
        ],
        [
          1461.0,
          214.0
        ],
        [
          1460.0,
          215.0
        ],
        [
          1460.0,
          226.0
        ],
        [
          1459.0,
          227.0
        ],
        [
          1459.0,
          234.0
        ],
        [
          1458.0,
          235.0
        ],
        [
          1458.0,
          245.0
        ],
        [
          1459.0,
          246.0
        ],
        [
          1459.0,
          247.0
        ],
        [
          1460.0,
          248.0
        ],
        [
          1460.0,
          249.0
        ],
        [
          1461.0,
          250.0
        ],
        [
          1461.0,
          251.0
        ],
        [
          1463.0,
          253.0
        ],
        [
          1463.0,
          254.0
        ],
        [
          1467.0,
          258.0
        ],
        [
          1467.0,
          259.0
        ],
        [
          1468.0,
          260.0
        ],
        [
          1468.0,
          262.0
        ],
        [
          1469.0,
          263.0
        ],
        [
          1469.0,
          270.0
        ],
        [
          1470.0,
          271.0
        ],
        [
          1470.0,
          273.0
        ],
        [
          1469.0,
          274.0
        ],
        [
          1469.0,
          276.0
        ],
        [
          1467.0,
          279.0
        ],
        [
          1467.0,
          283.0
        ],
        [
          1466.0,
          284.0
        ],
        [
          1466.0,
          311.0
        ],
        [
          1468.0,
          314.0
        ],
        [
          1472.0,
          314.0
        ],
        [
          1472.0,
          311.0
        ],
        [
          1473.0,
          310.0
        ],
        [
          1473.0,
          304.0
        ],
        [
          1474.0,
          303.0
        ],
        [
          1474.0,
          299.0
        ],
        [
          1475.0,
          298.0
        ],
        [
          1475.0,
          295.0
        ],
        [
          1476.0,
          294.0
        ],
        [
          1476.0,
          292.0
        ],
        [
          1477.0,
          291.0
        ],
        [
          1477.0,
          290.0
        ],
        [
          1479.0,
          288.0
        ],
        [
          1479.0,
          284.0
        ],
        [
          1480.0,
          283.0
        ],
        [
          1480.0,
          280.0
        ],
        [
          1481.0,
          279.0
        ],
        [
          1481.0,
          278.0
        ],
        [
          1483.0,
          276.0
        ],
        [
          1483.0,
          275.0
        ],
        [
          1484.0,
          274.0
        ],
        [
          1484.0,
          273.0
        ],
        [
          1486.0,
          271.0
        ],
        [
          1486.0,
          270.0
        ],
        [
          1488.0,
          267.0
        ],
        [
          1488.0,
          265.0
        ],
        [
          1489.0,
          264.0
        ],
        [
          1489.0,
          262.0
        ],
        [
          1490.0,
          261.0
        ],
        [
          1490.0,
          258.0
        ],
        [
          1491.0,
          257.0
        ],
        [
          1491.0,
          254.0
        ],
        [
          1492.0,
          253.0
        ],
        [
          1492.0,
          250.0
        ],
        [
          1493.0,
          249.0
        ],
        [
          1493.0,
          246.0
        ],
        [
          1494.0,
          245.0
        ],
        [
          1494.0,
          240.0
        ],
        [
          1493.0,
          239.0
        ],
        [
          1493.0,
          236.0
        ],
        [
          1492.0,
          235.0
        ],
        [
          1492.0,
          232.0
        ],
        [
          1491.0,
          231.0
        ],
        [
          1491.0,
          221.0
        ],
        [
          1490.0,
          220.0
        ],
        [
          1490.0,
          213.0
        ],
        [
          1489.0,
          212.0
        ],
        [
          1489.0,
          208.0
        ],
        [
          1488.0,
          207.0
        ],
        [
          1488.0,
          204.0
        ],
        [
          1487.0,
          203.0
        ],
        [
          1487.0,
          200.0
        ],
        [
          1485.0,
          197.0
        ],
        [
          1485.0,
          195.0
        ],
        [
          1484.0,
          194.0
        ],
        [
          1484.0,
          193.0
        ],
        [
          1483.0,
          192.0
        ],
        [
          1483.0,
          191.0
        ],
        [
          1482.0,
          190.0
        ],
        [
          1482.0,
          189.0
        ],
        [
          1481.0,
          188.0
        ],
        [
          1481.0,
          187.0
        ],
        [
          1480.0,
          187.0
        ],
        [
          1479.0,
          186.0
        ],
        [
          1476.0,
          186.0
        ]
      ],
      "group_id": null,
      "description": "",
      "difficult": false,
      "shape_type": "polygon",
      "flags": {},
      "attributes": {},
      "kie_linking": []
    },
    {
      "label": "fish",
      "score": null,
      "points": [
        [
          1520.0,
          617.0
        ],
        [
          1517.0,
          614.0
        ],
        [
          1516.0,
          614.0
        ],
        [
          1515.0,
          613.0
        ],
        [
          1514.0,
          613.0
        ],
        [
          1513.0,
          612.0
        ],
        [
          1512.0,
          612.0
        ],
        [
          1511.0,
          611.0
        ],
        [
          1510.0,
          611.0
        ],
        [
          1509.0,
          610.0
        ],
        [
          1507.0,
          610.0
        ],
        [
          1506.0,
          609.0
        ],
        [
          1504.0,
          609.0
        ],
        [
          1503.0,
          608.0
        ],
        [
          1485.0,
          608.0
        ],
        [
          1484.0,
          609.0
        ],
        [
          1466.0,
          609.0
        ],
        [
          1465.0,
          610.0
        ],
        [
          1459.0,
          610.0
        ],
        [
          1458.0,
          611.0
        ],
        [
          1454.0,
          611.0
        ],
        [
          1453.0,
          612.0
        ],
        [
          1450.0,
          612.0
        ],
        [
          1449.0,
          613.0
        ],
        [
          1447.0,
          613.0
        ],
        [
          1446.0,
          614.0
        ],
        [
          1443.0,
          614.0
        ],
        [
          1442.0,
          615.0
        ],
        [
          1438.0,
          615.0
        ],
        [
          1437.0,
          616.0
        ],
        [
          1434.0,
          616.0
        ],
        [
          1433.0,
          617.0
        ],
        [
          1430.0,
          617.0
        ],
        [
          1429.0,
          618.0
        ],
        [
          1424.0,
          618.0
        ],
        [
          1423.0,
          619.0
        ],
        [
          1410.0,
          619.0
        ],
        [
          1410.0,
          621.0
        ],
        [
          1409.0,
          622.0
        ],
        [
          1409.0,
          624.0
        ],
        [
          1411.0,
          626.0
        ],
        [
          1412.0,
          626.0
        ],
        [
          1413.0,
          627.0
        ],
        [
          1415.0,
          627.0
        ],
        [
          1416.0,
          628.0
        ],
        [
          1417.0,
          628.0
        ],
        [
          1418.0,
          629.0
        ],
        [
          1421.0,
          629.0
        ],
        [
          1422.0,
          630.0
        ],
        [
          1435.0,
          630.0
        ],
        [
          1436.0,
          631.0
        ],
        [
          1440.0,
          631.0
        ],
        [
          1441.0,
          632.0
        ],
        [
          1444.0,
          632.0
        ],
        [
          1445.0,
          633.0
        ],
        [
          1448.0,
          633.0
        ],
        [
          1449.0,
          634.0
        ],
        [
          1454.0,
          634.0
        ],
        [
          1455.0,
          635.0
        ],
        [
          1459.0,
          635.0
        ],
        [
          1460.0,
          636.0
        ],
        [
          1469.0,
          636.0
        ],
        [
          1470.0,
          637.0
        ],
        [
          1474.0,
          637.0
        ],
        [
          1475.0,
          636.0
        ],
        [
          1480.0,
          636.0
        ],
        [
          1481.0,
          635.0
        ],
        [
          1482.0,
          635.0
        ],
        [
          1483.0,
          634.0
        ],
        [
          1484.0,
          634.0
        ],
        [
          1485.0,
          633.0
        ],
        [
          1487.0,
          633.0
        ],
        [
          1488.0,
          632.0
        ],
        [
          1490.0,
          632.0
        ],
        [
          1491.0,
          631.0
        ],
        [
          1494.0,
          631.0
        ],
        [
          1495.0,
          630.0
        ],
        [
          1502.0,
          630.0
        ],
        [
          1503.0,
          629.0
        ],
        [
          1505.0,
          629.0
        ],
        [
          1506.0,
          628.0
        ],
        [
          1507.0,
          628.0
        ],
        [
          1508.0,
          627.0
        ],
        [
          1510.0,
          627.0
        ],
        [
          1511.0,
          626.0
        ],
        [
          1512.0,
          626.0
        ],
        [
          1513.0,
          625.0
        ],
        [
          1514.0,
          625.0
        ],
        [
          1516.0,
          623.0
        ],
        [
          1517.0,
          623.0
        ],
        [
          1520.0,
          620.0
        ]
      ],
      "group_id": null,
      "description": "",
      "difficult": false,
      "shape_type": "polygon",
      "flags": {},
      "attributes": {},
      "kie_linking": []
    },
    {
      "label": "fish",
      "score": null,
      "points": [
        [
          1499.0,
          665.0
        ],
        [
          1499.0,
          672.0
        ],
        [
          1500.0,
          673.0
        ],
        [
          1500.0,
          675.0
        ],
        [
          1501.0,
          676.0
        ],
        [
          1501.0,
          677.0
        ],
        [
          1509.0,
          685.0
        ],
        [
          1510.0,
          685.0
        ],
        [
          1512.0,
          687.0
        ],
        [
          1513.0,
          687.0
        ],
        [
          1514.0,
          688.0
        ],
        [
          1515.0,
          688.0
        ],
        [
          1516.0,
          689.0
        ],
        [
          1517.0,
          689.0
        ],
        [
          1518.0,
          690.0
        ],
        [
          1519.0,
          690.0
        ],
        [
          1520.0,
          691.0
        ],
        [
          1521.0,
          691.0
        ],
        [
          1523.0,
          693.0
        ],
        [
          1524.0,
          693.0
        ],
        [
          1525.0,
          694.0
        ],
        [
          1526.0,
          694.0
        ],
        [
          1527.0,
          695.0
        ],
        [
          1528.0,
          695.0
        ],
        [
          1529.0,
          696.0
        ],
        [
          1530.0,
          696.0
        ],
        [
          1531.0,
          697.0
        ],
        [
          1532.0,
          697.0
        ],
        [
          1533.0,
          698.0
        ],
        [
          1534.0,
          698.0
        ],
        [
          1535.0,
          699.0
        ],
        [
          1536.0,
          699.0
        ],
        [
          1539.0,
          701.0
        ],
        [
          1541.0,
          701.0
        ],
        [
          1542.0,
          702.0
        ],
        [
          1544.0,
          702.0
        ],
        [
          1545.0,
          703.0
        ],
        [
          1547.0,
          703.0
        ],
        [
          1548.0,
          704.0
        ],
        [
          1551.0,
          704.0
        ],
        [
          1552.0,
          705.0
        ],
        [
          1553.0,
          705.0
        ],
        [
          1556.0,
          707.0
        ],
        [
          1558.0,
          707.0
        ],
        [
          1559.0,
          708.0
        ],
        [
          1562.0,
          708.0
        ],
        [
          1563.0,
          709.0
        ],
        [
          1565.0,
          709.0
        ],
        [
          1566.0,
          710.0
        ],
        [
          1567.0,
          710.0
        ],
        [
          1568.0,
          711.0
        ],
        [
          1570.0,
          711.0
        ],
        [
          1571.0,
          712.0
        ],
        [
          1578.0,
          712.0
        ],
        [
          1579.0,
          713.0
        ],
        [
          1587.0,
          713.0
        ],
        [
          1588.0,
          714.0
        ],
        [
          1591.0,
          714.0
        ],
        [
          1592.0,
          715.0
        ],
        [
          1594.0,
          715.0
        ],
        [
          1595.0,
          716.0
        ],
        [
          1596.0,
          716.0
        ],
        [
          1599.0,
          718.0
        ],
        [
          1604.0,
          718.0
        ],
        [
          1605.0,
          719.0
        ],
        [
          1609.0,
          719.0
        ],
        [
          1609.0,
          718.0
        ],
        [
          1610.0,
          717.0
        ],
        [
          1610.0,
          716.0
        ],
        [
          1607.0,
          713.0
        ],
        [
          1606.0,
          713.0
        ],
        [
          1600.0,
          707.0
        ],
        [
          1599.0,
          707.0
        ],
        [
          1598.0,
          706.0
        ],
        [
          1597.0,
          706.0
        ],
        [
          1596.0,
          705.0
        ],
        [
          1595.0,
          705.0
        ],
        [
          1594.0,
          704.0
        ],
        [
          1593.0,
          704.0
        ],
        [
          1587.0,
          698.0
        ],
        [
          1587.0,
          697.0
        ],
        [
          1586.0,
          696.0
        ],
        [
          1585.0,
          696.0
        ],
        [
          1582.0,
          693.0
        ],
        [
          1582.0,
          692.0
        ],
        [
          1581.0,
          691.0
        ],
        [
          1580.0,
          691.0
        ],
        [
          1578.0,
          689.0
        ],
        [
          1577.0,
          689.0
        ],
        [
          1575.0,
          687.0
        ],
        [
          1574.0,
          687.0
        ],
        [
          1572.0,
          685.0
        ],
        [
          1571.0,
          685.0
        ],
        [
          1570.0,
          684.0
        ],
        [
          1569.0,
          684.0
        ],
        [
          1568.0,
          683.0
        ],
        [
          1567.0,
          683.0
        ],
        [
          1566.0,
          682.0
        ],
        [
          1565.0,
          682.0
        ],
        [
          1562.0,
          680.0
        ],
        [
          1560.0,
          680.0
        ],
        [
          1557.0,
          677.0
        ],
        [
          1556.0,
          677.0
        ],
        [
          1555.0,
          676.0
        ],
        [
          1554.0,
          676.0
        ],
        [
          1553.0,
          675.0
        ],
        [
          1552.0,
          675.0
        ],
        [
          1551.0,
          674.0
        ],
        [
          1550.0,
          674.0
        ],
        [
          1549.0,
          673.0
        ],
        [
          1548.0,
          673.0
        ],
        [
          1547.0,
          672.0
        ],
        [
          1546.0,
          672.0
        ],
        [
          1545.0,
          671.0
        ],
        [
          1544.0,
          671.0
        ],
        [
          1542.0,
          669.0
        ],
        [
          1540.0,
          669.0
        ],
        [
          1539.0,
          668.0
        ],
        [
          1537.0,
          668.0
        ],
        [
          1536.0,
          667.0
        ],
        [
          1533.0,
          667.0
        ],
        [
          1532.0,
          666.0
        ],
        [
          1528.0,
          666.0
        ],
        [
          1527.0,
          665.0
        ],
        [
          1524.0,
          665.0
        ],
        [
          1523.0,
          664.0
        ],
        [
          1522.0,
          664.0
        ],
        [
          1519.0,
          662.0
        ],
        [
          1503.0,
          662.0
        ],
        [
          1502.0,
          663.0
        ],
        [
          1501.0,
          663.0
        ]
      ],
      "group_id": null,
      "description": "",
      "difficult": false,
      "shape_type": "polygon",
      "flags": {},
      "attributes": {},
      "kie_linking": []
    }
  ],
  "imagePath": "frame_000046.jpg",
  "imageData": null,
  "imageHeight": 1080,
  "imageWidth": 1920
}