{
  "version": "3.1.1",
  "flags": {},
  "shapes": [
    {
      "label": "fish",
      "score": null,
      "points": [
        [
          1713.0,
          513.0
        ],
        [
          1706.0,
          513.0
        ],
        [
          1705.0,
          514.0
        ],
        [
          1701.0,
          514.0
        ],
        [
          1700.0,
          515.0
        ],
        [
          1698.0,
          515.0
        ],
        [
          1697.0,
          516.0
        ],
        [
          1696.0,
          516.0
        ],
        [
          1695.0,
          517.0
        ],
        [
          1694.0,
          517.0
        ],
        [
          1690.0,
          521.0
        ],
        [
          1690.0,
          522.0
        ],
        [
          1689.0,
          523.0
        ],
        [
          1689.0,
          524.0
        ],
        [
          1688.0,
          525.0
        ],
        [
          1688.0,
          526.0
        ],
        [
          1687.0,
          527.0
        ],
        [
          1687.0,
          528.0
        ],
        [
          1685.0,
          530.0
        ],
        [
          1685.0,
          531.0
        ],
        [
          1682.0,
          534.0
        ],
        [
          1682.0,
          535.0
        ],
        [
          1680.0,
          538.0
        ],
        [
          1680.0,
          540.0
        ],
        [
          1679.0,
          541.0
        ],
        [
          1679.0,
          542.0
        ],
        [
          1678.0,
          543.0
        ],
        [
          1678.0,
          544.0
        ],
        [
          1676.0,
          546.0
        ],
        [
          1676.0,
          547.0
        ],
        [
          1674.0,
          549.0
        ],
        [
          1674.0,
          551.0
        ],
        [
          1673.0,
          552.0
        ],
        [
          1673.0,
          554.0
        ],
        [
          1672.0,
          555.0
        ],
        [
          1672.0,
          556.0
        ],
        [
          1671.0,
          557.0
        ],
        [
          1671.0,
          558.0
        ],
        [
          1669.0,
          560.0
        ],
        [
          1669.0,
          561.0
        ],
        [
          1666.0,
          564.0
        ],
        [
          1666.0,
          565.0
        ],
        [
          1665.0,
          566.0
        ],
        [
          1665.0,
          567.0
        ],
        [
          1664.0,
          568.0
        ],
        [
          1664.0,
          569.0
        ],
        [
          1660.0,
          573.0
        ],
        [
          1660.0,
          574.0
        ],
        [
          1659.0,
          575.0
        ],
        [
          1659.0,
          577.0
        ],
        [
          1657.0,
          580.0
        ],
        [
          1657.0,
          582.0
        ],
        [
          1655.0,
          584.0
        ],
        [
          1655.0,
          585.0
        ],
        [
          1654.0,
          586.0
        ],
        [
          1654.0,
          587.0
        ],
        [
          1653.0,
          588.0
        ],
        [
          1653.0,
          589.0
        ],
        [
          1652.0,
          590.0
        ],
        [
          1652.0,
          591.0
        ],
        [
          1651.0,
          592.0
        ],
        [
          1651.0,
          593.0
        ],
        [
          1650.0,
          594.0
        ],
        [
          1650.0,
          595.0
        ],
        [
          1649.0,
          596.0
        ],
        [
          1649.0,
          597.0
        ],
        [
          1643.0,
          603.0
        ],
        [
          1643.0,
          604.0
        ],
        [
          1641.0,
          606.0
        ],
        [
          1641.0,
          607.0
        ],
        [
          1639.0,
          610.0
        ],
        [
          1639.0,
          612.0
        ],
        [
          1640.0,
          613.0
        ],
        [
          1640.0,
          615.0
        ],
        [
          1641.0,
          616.0
        ],
        [
          1641.0,
          618.0
        ],
        [
          1643.0,
          620.0
        ],
        [
          1647.0,
          620.0
        ],
        [
          1649.0,
          618.0
        ],
        [
          1649.0,
          617.0
        ],
        [
          1650.0,
          616.0
        ],
        [
          1650.0,
          615.0
        ],
        [
          1651.0,
          614.0
        ],
        [
          1651.0,
          613.0
        ],
        [
          1652.0,
          612.0
        ],
        [
          1652.0,
          611.0
        ],
        [
          1654.0,
          609.0
        ],
        [
          1654.0,
          608.0
        ],
        [
          1657.0,
          605.0
        ],
        [
          1657.0,
          604.0
        ],
        [
          1660.0,
          601.0
        ],
        [
          1661.0,
          601.0
        ],
        [
          1663.0,
          599.0
        ],
        [
          1664.0,
          599.0
        ],
        [
          1665.0,
          598.0
        ],
        [
          1666.0,
          598.0
        ],
        [
          1667.0,
          597.0
        ],
        [
          1668.0,
          597.0
        ],
        [
          1672.0,
          593.0
        ],
        [
          1673.0,
          593.0
        ],
        [
          1680.0,
          586.0
        ],
        [
          1680.0,
          585.0
        ],
        [
          1681.0,
          584.0
        ],
        [
          1682.0,
          584.0
        ],
        [
          1684.0,
          582.0
        ],
        [
          1685.0,
          582.0
        ],
        [
          1688.0,
          579.0
        ],
        [
          1689.0,
          579.0
        ],
        [
          1691.0,
          577.0
        ],
        [
          1692.0,
          577.0
        ],
        [
          1696.0,
          573.0
        ],
        [
          1697.0,
          573.0
        ],
        [
          1699.0,
          571.0
        ],
        [
          1699.0,
          570.0
        ],
        [
          1702.0,
          567.0
        ],
        [
          1702.0,
          566.0
        ],
        [
          1704.0,
          564.0
        ],
        [
          1704.0,
          562.0
        ],
        [
          1706.0,
          559.0
        ],
        [
          1706.0,
          556.0
        ],
        [
          1707.0,
          555.0
        ],
        [
          1707.0,
          552.0
        ],
        [
          1708.0,
          551.0
        ],
        [
          1708.0,
          549.0
        ],
        [
          1709.0,
          548.0
        ],
        [
          1709.0,
          546.0
        ],
        [
          1710.0,
          545.0
        ],
        [
          1710.0,
          544.0
        ],
        [
          1711.0,
          543.0
        ],
        [
          1711.0,
          541.0
        ],
        [
          1712.0,
          540.0
        ],
        [
          1712.0,
          537.0
        ],
        [
          1713.0,
          536.0
        ],
        [
          1713.0,
          533.0
        ],
        [
          1714.0,
          532.0
        ],
        [
          1714.0,
          528.0
        ],
        [
          1715.0,
          527.0
        ],
        [
          1715.0,
          523.0
        ],
        [
          1716.0,
          522.0
        ],
        [
          1716.0,
          519.0
        ],
        [
          1715.0,
          518.0
        ],
        [
          1715.0,
          516.0
        ]
      ],
      "group_id": null,
      "description": "",
      "difficult": false,
      "shape_type": "polygon",
      "flags": {},
      "attributes": {},
      "kie_linking": []
    },
    {
      "label": "fish",
      "score": null,
      "points": [
        [
          1611.0,
          634.0
        ],
        [
          1609.0,
          634.0
        ],
        [
          1607.0,
          636.0
        ],
        [
          1607.0,
          637.0
        ],
        [
          1605.0,
          640.0
        ],
        [
          1605.0,
          642.0
        ],
        [
          1604.0,
          643.0
        ],
        [
          1604.0,
          644.0
        ],
        [
          1599.0,
          649.0
        ],
        [
          1597.0,
          654.0
        ],
        [
          1593.0,
          659.0
        ],
        [
          1591.0,
          664.0
        ],
        [
          1589.0,
          666.0
        ],
        [
          1589.0,
          667.0
        ],
        [
          1587.0,
          669.0
        ],
        [
          1587.0,
          670.0
        ],
        [
          1585.0,
          673.0
        ],
        [
          1585.0,
          675.0
        ],
        [
          1584.0,
          676.0
        ],
        [
          1584.0,
          678.0
        ],
        [
          1583.0,
          679.0
        ],
        [
          1583.0,
          681.0
        ],
        [
          1581.0,
          684.0
        ],
        [
          1581.0,
          692.0
        ],
        [
          1580.0,
          693.0
        ],
        [
          1580.0,
          698.0
        ],
        [
          1579.0,
          699.0
        ],
        [
          1579.0,
          701.0
        ],
        [
          1580.0,
          702.0
        ],
        [
          1580.0,
          711.0
        ],
        [
          1579.0,
          712.0
        ],
        [
          1579.0,
          714.0
        ],
        [
          1578.0,
          715.0
        ],
        [
          1578.0,
          717.0
        ],
        [
          1575.0,
          722.0
        ],
        [
          1575.0,
          724.0
        ],
        [
          1574.0,
          725.0
        ],
        [
          1574.0,
          727.0
        ],
        [
          1573.0,
          728.0
        ],
        [
          1573.0,
          731.0
        ],
        [
          1572.0,
          732.0
        ],
        [
          1572.0,
          757.0
        ],
        [
          1571.0,
          758.0
        ],
        [
          1571.0,
          769.0
        ],
        [
          1570.0,
          770.0
        ],
        [
          1570.0,
          778.0
        ],
        [
          1571.0,
          779.0
        ],
        [
          1571.0,
          780.0
        ],
        [
          1574.0,
          783.0
        ],
        [
          1574.0,
          784.0
        ],
        [
          1576.0,
          786.0
        ],
        [
          1578.0,
          792.0
        ],
        [
          1584.0,
          798.0
        ],
        [
          1586.0,
          798.0
        ],
        [
          1587.0,
          797.0
        ],
        [
          1588.0,
          797.0
        ],
        [
          1592.0,
          793.0
        ],
        [
          1592.0,
          792.0
        ],
        [
          1594.0,
          790.0
        ],
        [
          1594.0,
          788.0
        ],
        [
          1595.0,
          787.0
        ],
        [
          1595.0,
          786.0
        ],
        [
          1596.0,
          785.0
        ],
        [
          1596.0,
          784.0
        ],
        [
          1597.0,
          783.0
        ],
        [
          1597.0,
          782.0
        ],
        [
          1598.0,
          781.0
        ],
        [
          1598.0,
          780.0
        ],
        [
          1601.0,
          775.0
        ],
        [
          1601.0,
          773.0
        ],
        [
          1603.0,
          770.0
        ],
        [
          1603.0,
          768.0
        ],
        [
          1604.0,
          767.0
        ],
        [
          1604.0,
          763.0
        ],
        [
          1605.0,
          762.0
        ],
        [
          1605.0,
          745.0
        ],
        [
          1606.0,
          744.0
        ],
        [
          1606.0,
          738.0
        ],
        [
          1607.0,
          737.0
        ],
        [
          1607.0,
          728.0
        ],
        [
          1608.0,
          727.0
        ],
        [
          1608.0,
          711.0
        ],
        [
          1607.0,
          710.0
        ],
        [
          1607.0,
          707.0
        ],
        [
          1605.0,
          705.0
        ],
        [
          1605.0,
          703.0
        ],
        [
          1603.0,
          700.0
        ],
        [
          1603.0,
          698.0
        ],
        [
          1602.0,
          697.0
        ],
        [
          1602.0,
          694.0
        ],
        [
          1601.0,
          693.0
        ],
        [
          1601.0,
          677.0
        ],
        [
          1602.0,
          676.0
        ],
        [
          1602.0,
          673.0
        ],
        [
          1603.0,
          672.0
        ],
        [
          1603.0,
          667.0
        ],
        [
          1604.0,
          666.0
        ],
        [
          1604.0,
          653.0
        ],
        [
          1607.0,
          650.0
        ],
        [
          1607.0,
          649.0
        ],
        [
          1608.0,
          648.0
        ],
        [
          1608.0,
          646.0
        ],
        [
          1611.0,
          641.0
        ]
      ],
      "group_id": null,
      "description": "",
      "difficult": false,
      "shape_type": "polygon",
      "flags": {},
      "attributes": {},
      "kie_linking": []
    },
    {
      "label": "fish",
      "score": null,
      "points": [
        [
          1655.0,
          673.0
        ],
        [
          1653.0,
          675.0
        ],
        [
          1653.0,
          676.0
        ],
        [
          1652.0,
          677.0
        ],
        [
          1653.0,
          678.0
        ],
        [
          1653.0,
          681.0
        ],
        [
          1654.0,
          682.0
        ],
        [
          1654.0,
          684.0
        ],
        [
          1655.0,
          685.0
        ],
        [
          1655.0,
          696.0
        ],
        [
          1654.0,
          697.0
        ],
        [
          1654.0,
          704.0
        ],
        [
          1655.0,
          705.0
        ],
        [
          1655.0,
          713.0
        ],
        [
          1656.0,
          714.0
        ],
        [
          1656.0,
          720.0
        ],
        [
          1657.0,
          721.0
        ],
        [
          1657.0,
          730.0
        ],
        [
          1658.0,
          731.0
        ],
        [
          1658.0,
          732.0
        ],
        [
          1659.0,
          733.0
        ],
        [
          1659.0,
          734.0
        ],
        [
          1661.0,
          737.0
        ],
        [
          1661.0,
          762.0
        ],
        [
          1662.0,
          763.0
        ],
        [
          1662.0,
          779.0
        ],
        [
          1661.0,
          780.0
        ],
        [
          1661.0,
          787.0
        ],
        [
          1662.0,
          788.0
        ],
        [
          1662.0,
          791.0
        ],
        [
          1664.0,
          793.0
        ],
        [
          1664.0,
          794.0
        ],
        [
          1666.0,
          796.0
        ],
        [
          1666.0,
          797.0
        ],
        [
          1667.0,
          798.0
        ],
        [
          1667.0,
          799.0
        ],
        [
          1671.0,
          803.0
        ],
        [
          1672.0,
          803.0
        ],
        [
          1673.0,
          804.0
        ],
        [
          1675.0,
          804.0
        ],
        [
          1678.0,
          801.0
        ],
        [
          1678.0,
          800.0
        ],
        [
          1680.0,
          798.0
        ],
        [
          1680.0,
          797.0
        ],
        [
          1682.0,
          795.0
        ],
        [
          1682.0,
          794.0
        ],
        [
          1684.0,
          792.0
        ],
        [
          1684.0,
          791.0
        ],
        [
          1685.0,
          790.0
        ],
        [
          1685.0,
          789.0
        ],
        [
          1687.0,
          786.0
        ],
        [
          1687.0,
          784.0
        ],
        [
          1689.0,
          781.0
        ],
        [
          1689.0,
          779.0
        ],
        [
          1690.0,
          778.0
        ],
        [
          1690.0,
          776.0
        ],
        [
          1691.0,
          775.0
        ],
        [
          1691.0,
          772.0
        ],
        [
          1692.0,
          771.0
        ],
        [
          1692.0,
          766.0
        ],
        [
          1693.0,
          765.0
        ],
        [
          1693.0,
          760.0
        ],
        [
          1694.0,
          759.0
        ],
        [
          1694.0,
          755.0
        ],
        [
          1695.0,
          754.0
        ],
        [
          1695.0,
          744.0
        ],
        [
          1694.0,
          743.0
        ],
        [
          1694.0,
          736.0
        ],
        [
          1693.0,
          735.0
        ],
        [
          1693.0,
          732.0
        ],
        [
          1692.0,
          731.0
        ],
        [
          1692.0,
          729.0
        ],
        [
          1690.0,
          726.0
        ],
        [
          1690.0,
          724.0
        ],
        [
          1689.0,
          723.0
        ],
        [
          1689.0,
          722.0
        ],
        [
          1687.0,
          719.0
        ],
        [
          1687.0,
          717.0
        ],
        [
          1686.0,
          716.0
        ],
        [
          1686.0,
          710.0
        ],
        [
          1685.0,
          709.0
        ],
        [
          1685.0,
          707.0
        ],
        [
          1684.0,
          706.0
        ],
        [
          1684.0,
          705.0
        ],
        [
          1682.0,
          703.0
        ],
        [
          1682.0,
          702.0
        ],
        [
          1679.0,
          699.0
        ],
        [
          1679.0,
          698.0
        ],
        [
          1675.0,
          694.0
        ],
        [
          1675.0,
          693.0
        ],
        [
          1672.0,
          690.0
        ],
        [
          1672.0,
          689.0
        ],
        [
          1671.0,
          688.0
        ],
        [
          1671.0,
          687.0
        ],
        [
          1670.0,
          686.0
        ],
        [
          1670.0,
          685.0
        ],
        [
          1669.0,
          684.0
        ],
        [
          1669.0,
          683.0
        ],
        [
          1668.0,
          682.0
        ],
        [
          1668.0,
          681.0
        ],
        [
          1667.0,
          680.0
        ],
        [
          1667.0,
          679.0
        ],
        [
          1661.0,
          673.0
        ]
      ],
      "group_id": null,
      "description": "",
      "difficult": false,
      "shape_type": "polygon",
      "flags": {},
      "attributes": {},
      "kie_linking": []
    },
    {
      "label": "fish",
      "score": null,
      "points": [
        [
          1598.0,
          836.0
        ],
        [
          1601.0,
          839.0
        ],
        [
          1602.0,
          839.0
        ],
        [
          1606.0,
          843.0
        ],
        [
          1607.0,
          843.0
        ],
        [
          1608.0,
          844.0
        ],
        [
          1609.0,
          844.0
        ],
        [
          1610.0,
          845.0
        ],
        [
          1612.0,
          845.0
        ],
        [
          1613.0,
          846.0
        ],
        [
          1614.0,
          846.0
        ],
        [
          1615.0,
          847.0
        ],
        [
          1617.0,
          847.0
        ],
        [
          1618.0,
          848.0
        ],
        [
          1620.0,
          848.0
        ],
        [
          1621.0,
          849.0
        ],
        [
          1622.0,
          849.0
        ],
        [
          1623.0,
          850.0
        ],
        [
          1624.0,
          850.0
        ],
        [
          1626.0,
          852.0
        ],
        [
          1627.0,
          852.0
        ],
        [
          1628.0,
          853.0
        ],
        [
          1629.0,
          853.0
        ],
        [
          1630.0,
          854.0
        ],
        [
          1631.0,
          854.0
        ],
        [
          1632.0,
          855.0
        ],
        [
          1633.0,
          855.0
        ],
        [
          1635.0,
          857.0
        ],
        [
          1636.0,
          857.0
        ],
        [
          1639.0,
          860.0
        ],
        [
          1640.0,
          860.0
        ],
        [
          1643.0,
          863.0
        ],
        [
          1644.0,
          863.0
        ],
        [
          1648.0,
          867.0
        ],
        [
          1649.0,
          867.0
        ],
        [
          1652.0,
          870.0
        ],
        [
          1653.0,
          870.0
        ],
        [
          1655.0,
          872.0
        ],
        [
          1656.0,
          872.0
        ],
        [
          1657.0,
          873.0
        ],
        [
          1658.0,
          873.0
        ],
        [
          1659.0,
          874.0
        ],
        [
          1660.0,
          874.0
        ],
        [
          1661.0,
          875.0
        ],
        [
          1663.0,
          875.0
        ],
        [
          1664.0,
          876.0
        ],
        [
          1667.0,
          876.0
        ],
        [
          1668.0,
          877.0
        ],
        [
          1671.0,
          877.0
        ],
        [
          1672.0,
          878.0
        ],
        [
          1680.0,
          878.0
        ],
        [
          1681.0,
          877.0
        ],
        [
          1682.0,
          877.0
        ],
        [
          1683.0,
          876.0
        ],
        [
          1684.0,
          876.0
        ],
        [
          1685.0,
          875.0
        ],
        [
          1685.0,
          871.0
        ],
        [
          1684.0,
          870.0
        ],
        [
          1684.0,
          869.0
        ],
        [
          1683.0,
          868.0
        ],
        [
          1683.0,
          867.0
        ],
        [
          1679.0,
          863.0
        ],
        [
          1679.0,
          862.0
        ],
        [
          1670.0,
          853.0
        ],
        [
          1669.0,
          853.0
        ],
        [
          1667.0,
          851.0
        ],
        [
          1666.0,
          851.0
        ],
        [
          1664.0,
          849.0
        ],
        [
          1663.0,
          849.0
        ],
        [
          1662.0,
          848.0
        ],
        [
          1660.0,
          848.0
        ],
        [
          1659.0,
          847.0
        ],
        [
          1657.0,
          847.0
        ],
        [
          1656.0,
          846.0
        ],
        [
          1655.0,
          846.0
        ],
        [
          1654.0,
          845.0
        ],
        [
          1653.0,
          845.0
        ],
        [
          1652.0,
          844.0
        ],
        [
          1651.0,
          844.0
        ],
        [
          1650.0,
          843.0
        ],
        [
          1649.0,
          843.0
        ],
        [
          1648.0,
          842.0
        ],
        [
          1646.0,
          842.0
        ],
        [
          1645.0,
          841.0
        ],
        [
          1643.0,
          841.0
        ],
        [
          1642.0,
          840.0
        ],
        [
          1641.0,
          840.0
        ],
        [
          1640.0,
          839.0
        ],
        [
          1638.0,
          839.0
        ],
        [
          1637.0,
          838.0
        ],
        [
          1634.0,
          838.0
        ],
        [
          1633.0,
          837.0
        ],
        [
          1630.0,
          837.0
        ],
        [
          1629.0,
          836.0
        ],
        [
          1627.0,
          836.0
        ],
        [
          1626.0,
          835.0
        ],
        [
          1622.0,
          835.0
        ],
        [
          1621.0,
          834.0
        ],
        [
          1604.0,
          834.0
        ],
        [
          1603.0,
          835.0
        ],
        [
          1600.0,
          835.0
        ],
        [
          1599.0,
          836.0
        ]
      ],
      "group_id": null,
      "description": "",
      "difficult": false,
      "shape_type": "polygon",
      "flags": {},
      "attributes": {},
      "kie_linking": []
    }
  ],
  "imagePath": "frame_000022.jpg",
  "imageData": null,
  "imageHeight": 1080,
  "imageWidth": 1920
}