{
  "version": "3.1.1",
  "flags": {},
  "shapes": [
    {
      "label": "fish",
      "score": null,
      "points": [
        [
          1259.0,
          661.0
        ],
        [
          1258.0,
          661.0
        ],
        [
          1255.0,
          659.0
        ],
        [
          1254.0,
          660.0
        ],
        [
          1251.0,
          660.0
        ],
        [
          1250.0,
          661.0
        ],
        [
          1239.0,
          661.0
        ],
        [
          1238.0,
          662.0
        ],
        [
          1235.0,
          662.0
        ],
        [
          1232.0,
          664.0
        ],
        [
          1229.0,
          664.0
        ],
        [
          1228.0,
          665.0
        ],
        [
          1212.0,
          665.0
        ],
        [
          1211.0,
          666.0
        ],
        [
          1204.0,
          666.0
        ],
        [
          1203.0,
          667.0
        ],
        [
          1199.0,
          667.0
        ],
        [
          1198.0,
          668.0
        ],
        [
          1193.0,
          668.0
        ],
        [
          1192.0,
          669.0
        ],
        [
          1189.0,
          669.0
        ],
        [
          1188.0,
          670.0
        ],
        [
          1183.0,
          670.0
        ],
        [
          1182.0,
          671.0
        ],
        [
          1177.0,
          671.0
        ],
        [
          1176.0,
          672.0
        ],
        [
          1165.0,
          672.0
        ],
        [
          1164.0,
          673.0
        ],
        [
          1159.0,
          673.0
        ],
        [
          1158.0,
          674.0
        ],
        [
          1151.0,
          674.0
        ],
        [
          1150.0,
          675.0
        ],
        [
          1147.0,
          675.0
        ],
        [
          1146.0,
          676.0
        ],
        [
          1144.0,
          676.0
        ],
        [
          1143.0,
          677.0
        ],
        [
          1134.0,
          677.0
        ],
        [
          1133.0,
          678.0
        ],
        [
          1128.0,
          678.0
        ],
        [
          1127.0,
          679.0
        ],
        [
          1125.0,
          679.0
        ],
        [
          1124.0,
          680.0
        ],
        [
          1123.0,
          680.0
        ],
        [
          1120.0,
          683.0
        ],
        [
          1117.0,
          684.0
        ],
        [
          1114.0,
          687.0
        ],
        [
          1113.0,
          687.0
        ],
        [
          1112.0,
          688.0
        ],
        [
          1112.0,
          689.0
        ],
        [
          1110.0,
          692.0
        ],
        [
          1110.0,
          694.0
        ],
        [
          1111.0,
          695.0
        ],
        [
          1111.0,
          700.0
        ],
        [
          1112.0,
          701.0
        ],
        [
          1112.0,
          702.0
        ],
        [
          1113.0,
          702.0
        ],
        [
          1115.0,
          704.0
        ],
        [
          1118.0,
          704.0
        ],
        [
          1119.0,
          705.0
        ],
        [
          1140.0,
          705.0
        ],
        [
          1141.0,
          704.0
        ],
        [
          1146.0,
          704.0
        ],
        [
          1147.0,
          703.0
        ],
        [
          1152.0,
          703.0
        ],
        [
          1153.0,
          702.0
        ],
        [
          1158.0,
          702.0
        ],
        [
          1159.0,
          701.0
        ],
        [
          1163.0,
          701.0
        ],
        [
          1164.0,
          700.0
        ],
        [
          1169.0,
          700.0
        ],
        [
          1170.0,
          699.0
        ],
        [
          1173.0,
          699.0
        ],
        [
          1174.0,
          698.0
        ],
        [
          1175.0,
          698.0
        ],
        [
          1176.0,
          697.0
        ],
        [
          1177.0,
          697.0
        ],
        [
          1178.0,
          696.0
        ],
        [
          1179.0,
          696.0
        ],
        [
          1180.0,
          695.0
        ],
        [
          1181.0,
          695.0
        ],
        [
          1182.0,
          694.0
        ],
        [
          1183.0,
          694.0
        ],
        [
          1184.0,
          693.0
        ],
        [
          1187.0,
          692.0
        ],
        [
          1189.0,
          690.0
        ],
        [
          1190.0,
          690.0
        ],
        [
          1192.0,
          688.0
        ],
        [
          1193.0,
          688.0
        ],
        [
          1195.0,
          686.0
        ],
        [
          1198.0,
          685.0
        ],
        [
          1200.0,
          683.0
        ],
        [
          1201.0,
          683.0
        ],
        [
          1202.0,
          682.0
        ],
        [
          1204.0,
          682.0
        ],
        [
          1205.0,
          681.0
        ],
        [
          1207.0,
          681.0
        ],
        [
          1208.0,
          680.0
        ],
        [
          1210.0,
          680.0
        ],
        [
          1211.0,
          679.0
        ],
        [
          1214.0,
          679.0
        ],
        [
          1215.0,
          678.0
        ],
        [
          1218.0,
          678.0
        ],
        [
          1219.0,
          677.0
        ],
        [
          1221.0,
          677.0
        ],
        [
          1222.0,
          676.0
        ],
        [
          1225.0,
          676.0
        ],
        [
          1226.0,
          675.0
        ],
        [
          1228.0,
          675.0
        ],
        [
          1229.0,
          674.0
        ],
        [
          1232.0,
          674.0
        ],
        [
          1233.0,
          673.0
        ],
        [
          1235.0,
          673.0
        ],
        [
          1236.0,
          672.0
        ],
        [
          1238.0,
          672.0
        ],
        [
          1239.0,
          671.0
        ],
        [
          1243.0,
          671.0
        ],
        [
          1244.0,
          670.0
        ],
        [
          1246.0,
          670.0
        ],
        [
          1247.0,
          669.0
        ],
        [
          1249.0,
          669.0
        ],
        [
          1250.0,
          668.0
        ],
        [
          1252.0,
          668.0
        ],
        [
          1253.0,
          667.0
        ],
        [
          1255.0,
          667.0
        ],
        [
          1256.0,
          666.0
        ],
        [
          1257.0,
          666.0
        ],
        [
          1259.0,
          664.0
        ]
      ],
      "group_id": null,
      "description": "\n\n",
      "difficult": false,
      "shape_type": "polygon",
      "flags": {},
      "attributes": {},
      "kie_linking": []
    },
    {
      "label": "fish",
      "score": null,
      "points": [
        [
          1729.0,
          654.0
        ],
        [
          1728.0,
          653.0
        ],
        [
          1728.0,
          652.0
        ],
        [
          1726.0,
          650.0
        ],
        [
          1725.0,
          650.0
        ],
        [
          1724.0,
          649.0
        ],
        [
          1723.0,
          649.0
        ],
        [
          1722.0,
          648.0
        ],
        [
          1721.0,
          648.0
        ],
        [
          1720.0,
          647.0
        ],
        [
          1719.0,
          647.0
        ],
        [
          1717.0,
          645.0
        ],
        [
          1716.0,
          645.0
        ],
        [
          1714.0,
          643.0
        ],
        [
          1713.0,
          643.0
        ],
        [
          1712.0,
          642.0
        ],
        [
          1707.0,
          642.0
        ],
        [
          1706.0,
          641.0
        ],
        [
          1688.0,
          641.0
        ],
        [
          1687.0,
          640.0
        ],
        [
          1680.0,
          640.0
        ],
        [
          1679.0,
          641.0
        ],
        [
          1664.0,
          641.0
        ],
        [
          1663.0,
          642.0
        ],
        [
          1659.0,
          642.0
        ],
        [
          1658.0,
          643.0
        ],
        [
          1655.0,
          643.0
        ],
        [
          1654.0,
          644.0
        ],
        [
          1650.0,
          644.0
        ],
        [
          1649.0,
          645.0
        ],
        [
          1646.0,
          645.0
        ],
        [
          1645.0,
          646.0
        ],
        [
          1643.0,
          646.0
        ],
        [
          1642.0,
          647.0
        ],
        [
          1641.0,
          647.0
        ],
        [
          1640.0,
          648.0
        ],
        [
          1639.0,
          648.0
        ],
        [
          1638.0,
          649.0
        ],
        [
          1637.0,
          649.0
        ],
        [
          1634.0,
          651.0
        ],
        [
          1632.0,
          651.0
        ],
        [
          1631.0,
          652.0
        ],
        [
          1629.0,
          652.0
        ],
        [
          1628.0,
          653.0
        ],
        [
          1626.0,
          653.0
        ],
        [
          1625.0,
          654.0
        ],
        [
          1624.0,
          654.0
        ],
        [
          1623.0,
          655.0
        ],
        [
          1622.0,
          655.0
        ],
        [
          1619.0,
          658.0
        ],
        [
          1619.0,
          659.0
        ],
        [
          1613.0,
          665.0
        ],
        [
          1613.0,
          666.0
        ],
        [
          1609.0,
          670.0
        ],
        [
          1609.0,
          671.0
        ],
        [
          1605.0,
          675.0
        ],
        [
          1605.0,
          676.0
        ],
        [
          1603.0,
          679.0
        ],
        [
          1603.0,
          684.0
        ],
        [
          1608.0,
          684.0
        ],
        [
          1609.0,
          683.0
        ],
        [
          1610.0,
          683.0
        ],
        [
          1611.0,
          682.0
        ],
        [
          1612.0,
          682.0
        ],
        [
          1613.0,
          681.0
        ],
        [
          1614.0,
          681.0
        ],
        [
          1615.0,
          680.0
        ],
        [
          1616.0,
          680.0
        ],
        [
          1617.0,
          679.0
        ],
        [
          1618.0,
          679.0
        ],
        [
          1622.0,
          675.0
        ],
        [
          1623.0,
          675.0
        ],
        [
          1624.0,
          674.0
        ],
        [
          1625.0,
          674.0
        ],
        [
          1627.0,
          672.0
        ],
        [
          1628.0,
          672.0
        ],
        [
          1629.0,
          671.0
        ],
        [
          1633.0,
          671.0
        ],
        [
          1634.0,
          670.0
        ],
        [
          1639.0,
          670.0
        ],
        [
          1640.0,
          671.0
        ],
        [
          1644.0,
          671.0
        ],
        [
          1645.0,
          672.0
        ],
        [
          1651.0,
          672.0
        ],
        [
          1652.0,
          673.0
        ],
        [
          1660.0,
          673.0
        ],
        [
          1661.0,
          672.0
        ],
        [
          1665.0,
          672.0
        ],
        [
          1666.0,
          671.0
        ],
        [
          1672.0,
          671.0
        ],
        [
          1673.0,
          670.0
        ],
        [
          1691.0,
          670.0
        ],
        [
          1692.0,
          669.0
        ],
        [
          1694.0,
          669.0
        ],
        [
          1695.0,
          668.0
        ],
        [
          1701.0,
          668.0
        ],
        [
          1702.0,
          667.0
        ],
        [
          1708.0,
          667.0
        ],
        [
          1709.0,
          666.0
        ],
        [
          1712.0,
          666.0
        ],
        [
          1713.0,
          665.0
        ],
        [
          1717.0,
          665.0
        ],
        [
          1718.0,
          664.0
        ],
        [
          1721.0,
          664.0
        ],
        [
          1722.0,
          663.0
        ],
        [
          1725.0,
          663.0
        ],
        [
          1726.0,
          662.0
        ],
        [
          1727.0,
          662.0
        ],
        [
          1727.0,
          661.0
        ],
        [
          1729.0,
          659.0
        ]
      ],
      "group_id": null,
      "description": "",
      "difficult": false,
      "shape_type": "polygon",
      "flags": {},
      "attributes": {},
      "kie_linking": []
    },
    {
      "label": "fish",
      "score": null,
      "points": [
        [
          1564.0,
          786.0
        ],
        [
          1554.0,
          786.0
        ],
        [
          1549.0,
          781.0
        ],
        [
          1546.0,
          782.0
        ],
        [
          1542.0,
          786.0
        ],
        [
          1541.0,
          786.0
        ],
        [
          1534.0,
          793.0
        ],
        [
          1531.0,
          794.0
        ],
        [
          1529.0,
          796.0
        ],
        [
          1527.0,
          796.0
        ],
        [
          1525.0,
          798.0
        ],
        [
          1524.0,
          798.0
        ],
        [
          1521.0,
          801.0
        ],
        [
          1520.0,
          801.0
        ],
        [
          1519.0,
          802.0
        ],
        [
          1516.0,
          803.0
        ],
        [
          1513.0,
          806.0
        ],
        [
          1513.0,
          807.0
        ],
        [
          1508.0,
          812.0
        ],
        [
          1508.0,
          813.0
        ],
        [
          1503.0,
          818.0
        ],
        [
          1502.0,
          818.0
        ],
        [
          1493.0,
          827.0
        ],
        [
          1492.0,
          830.0
        ],
        [
          1488.0,
          834.0
        ],
        [
          1488.0,
          835.0
        ],
        [
          1486.0,
          837.0
        ],
        [
          1486.0,
          839.0
        ],
        [
          1485.0,
          840.0
        ],
        [
          1485.0,
          841.0
        ],
        [
          1484.0,
          842.0
        ],
        [
          1483.0,
          845.0
        ],
        [
          1479.0,
          850.0
        ],
        [
          1479.0,
          852.0
        ],
        [
          1478.0,
          853.0
        ],
        [
          1478.0,
          854.0
        ],
        [
          1476.0,
          856.0
        ],
        [
          1476.0,
          857.0
        ],
        [
          1474.0,
          859.0
        ],
        [
          1474.0,
          860.0
        ],
        [
          1471.0,
          863.0
        ],
        [
          1471.0,
          864.0
        ],
        [
          1469.0,
          867.0
        ],
        [
          1469.0,
          869.0
        ],
        [
          1463.0,
          879.0
        ],
        [
          1463.0,
          884.0
        ],
        [
          1462.0,
          885.0
        ],
        [
          1462.0,
          889.0
        ],
        [
          1463.0,
          890.0
        ],
        [
          1463.0,
          893.0
        ],
        [
          1464.0,
          894.0
        ],
        [
          1464.0,
          896.0
        ],
        [
          1465.0,
          897.0
        ],
        [
          1465.0,
          898.0
        ],
        [
          1467.0,
          900.0
        ],
        [
          1468.0,
          900.0
        ],
        [
          1469.0,
          901.0
        ],
        [
          1471.0,
          901.0
        ],
        [
          1472.0,
          902.0
        ],
        [
          1473.0,
          901.0
        ],
        [
          1474.0,
          901.0
        ],
        [
          1479.0,
          898.0
        ],
        [
          1481.0,
          898.0
        ],
        [
          1482.0,
          897.0
        ],
        [
          1484.0,
          897.0
        ],
        [
          1485.0,
          896.0
        ],
        [
          1487.0,
          896.0
        ],
        [
          1488.0,
          895.0
        ],
        [
          1489.0,
          895.0
        ],
        [
          1492.0,
          892.0
        ],
        [
          1493.0,
          892.0
        ],
        [
          1495.0,
          890.0
        ],
        [
          1496.0,
          890.0
        ],
        [
          1497.0,
          889.0
        ],
        [
          1497.0,
          888.0
        ],
        [
          1509.0,
          876.0
        ],
        [
          1510.0,
          876.0
        ],
        [
          1515.0,
          871.0
        ],
        [
          1515.0,
          870.0
        ],
        [
          1518.0,
          867.0
        ],
        [
          1518.0,
          866.0
        ],
        [
          1520.0,
          863.0
        ],
        [
          1520.0,
          861.0
        ],
        [
          1522.0,
          858.0
        ],
        [
          1522.0,
          856.0
        ],
        [
          1523.0,
          855.0
        ],
        [
          1523.0,
          853.0
        ],
        [
          1524.0,
          852.0
        ],
        [
          1524.0,
          851.0
        ],
        [
          1525.0,
          850.0
        ],
        [
          1526.0,
          847.0
        ],
        [
          1528.0,
          845.0
        ],
        [
          1528.0,
          844.0
        ],
        [
          1529.0,
          843.0
        ],
        [
          1529.0,
          842.0
        ],
        [
          1530.0,
          841.0
        ],
        [
          1530.0,
          840.0
        ],
        [
          1531.0,
          839.0
        ],
        [
          1531.0,
          838.0
        ],
        [
          1532.0,
          837.0
        ],
        [
          1533.0,
          834.0
        ],
        [
          1536.0,
          831.0
        ],
        [
          1536.0,
          830.0
        ],
        [
          1539.0,
          827.0
        ],
        [
          1540.0,
          827.0
        ],
        [
          1540.0,
          826.0
        ],
        [
          1547.0,
          819.0
        ],
        [
          1547.0,
          818.0
        ],
        [
          1548.0,
          817.0
        ],
        [
          1548.0,
          816.0
        ],
        [
          1549.0,
          815.0
        ],
        [
          1550.0,
          812.0
        ],
        [
          1552.0,
          810.0
        ],
        [
          1552.0,
          809.0
        ],
        [
          1554.0,
          807.0
        ],
        [
          1554.0,
          806.0
        ],
        [
          1565.0,
          795.0
        ],
        [
          1565.0,
          794.0
        ],
        [
          1567.0,
          791.0
        ],
        [
          1567.0,
          789.0
        ]
      ],
      "group_id": null,
      "description": "",
      "difficult": false,
      "shape_type": "polygon",
      "flags": {},
      "attributes": {},
      "kie_linking": []
    },
    {
      "label": "fish",
      "score": null,
      "points": [
        [
          1627.0,
          821.0
        ],
        [
          1626.0,
          821.0
        ],
        [
          1625.0,
          820.0
        ],
        [
          1623.0,
          820.0
        ],
        [
          1622.0,
          819.0
        ],
        [
          1619.0,
          819.0
        ],
        [
          1618.0,
          818.0
        ],
        [
          1615.0,
          818.0
        ],
        [
          1614.0,
          817.0
        ],
        [
          1607.0,
          817.0
        ],
        [
          1606.0,
          818.0
        ],
        [
          1604.0,
          818.0
        ],
        [
          1603.0,
          819.0
        ],
        [
          1602.0,
          819.0
        ],
        [
          1601.0,
          820.0
        ],
        [
          1600.0,
          820.0
        ],
        [
          1597.0,
          823.0
        ],
        [
          1596.0,
          823.0
        ],
        [
          1595.0,
          824.0
        ],
        [
          1594.0,
          824.0
        ],
        [
          1593.0,
          825.0
        ],
        [
          1592.0,
          825.0
        ],
        [
          1590.0,
          827.0
        ],
        [
          1589.0,
          827.0
        ],
        [
          1588.0,
          828.0
        ],
        [
          1587.0,
          828.0
        ],
        [
          1586.0,
          829.0
        ],
        [
          1585.0,
          829.0
        ],
        [
          1582.0,
          832.0
        ],
        [
          1581.0,
          832.0
        ],
        [
          1579.0,
          834.0
        ],
        [
          1578.0,
          834.0
        ],
        [
          1576.0,
          836.0
        ],
        [
          1576.0,
          837.0
        ],
        [
          1575.0,
          838.0
        ],
        [
          1575.0,
          839.0
        ],
        [
          1574.0,
          840.0
        ],
        [
          1574.0,
          841.0
        ],
        [
          1572.0,
          843.0
        ],
        [
          1572.0,
          844.0
        ],
        [
          1571.0,
          845.0
        ],
        [
          1571.0,
          846.0
        ],
        [
          1570.0,
          847.0
        ],
        [
          1570.0,
          848.0
        ],
        [
          1568.0,
          851.0
        ],
        [
          1568.0,
          853.0
        ],
        [
          1567.0,
          854.0
        ],
        [
          1567.0,
          856.0
        ],
        [
          1566.0,
          857.0
        ],
        [
          1566.0,
          859.0
        ],
        [
          1565.0,
          860.0
        ],
        [
          1565.0,
          862.0
        ],
        [
          1563.0,
          865.0
        ],
        [
          1563.0,
          869.0
        ],
        [
          1564.0,
          870.0
        ],
        [
          1564.0,
          873.0
        ],
        [
          1563.0,
          874.0
        ],
        [
          1563.0,
          875.0
        ],
        [
          1562.0,
          876.0
        ],
        [
          1562.0,
          877.0
        ],
        [
          1561.0,
          878.0
        ],
        [
          1561.0,
          879.0
        ],
        [
          1559.0,
          881.0
        ],
        [
          1559.0,
          883.0
        ],
        [
          1558.0,
          884.0
        ],
        [
          1558.0,
          885.0
        ],
        [
          1556.0,
          888.0
        ],
        [
          1556.0,
          899.0
        ],
        [
          1557.0,
          900.0
        ],
        [
          1557.0,
          903.0
        ],
        [
          1559.0,
          906.0
        ],
        [
          1560.0,
          906.0
        ],
        [
          1563.0,
          908.0
        ],
        [
          1567.0,
          908.0
        ],
        [
          1568.0,
          909.0
        ],
        [
          1576.0,
          909.0
        ],
        [
          1577.0,
          908.0
        ],
        [
          1589.0,
          908.0
        ],
        [
          1590.0,
          907.0
        ],
        [
          1592.0,
          907.0
        ],
        [
          1595.0,
          904.0
        ],
        [
          1595.0,
          899.0
        ],
        [
          1594.0,
          898.0
        ],
        [
          1594.0,
          888.0
        ],
        [
          1595.0,
          887.0
        ],
        [
          1595.0,
          886.0
        ],
        [
          1596.0,
          885.0
        ],
        [
          1596.0,
          884.0
        ],
        [
          1598.0,
          882.0
        ],
        [
          1598.0,
          881.0
        ],
        [
          1599.0,
          880.0
        ],
        [
          1599.0,
          879.0
        ],
        [
          1597.0,
          877.0
        ],
        [
          1597.0,
          874.0
        ],
        [
          1594.0,
          871.0
        ],
        [
          1594.0,
          870.0
        ],
        [
          1592.0,
          868.0
        ],
        [
          1592.0,
          866.0
        ],
        [
          1591.0,
          865.0
        ],
        [
          1591.0,
          858.0
        ],
        [
          1592.0,
          857.0
        ],
        [
          1592.0,
          855.0
        ],
        [
          1593.0,
          854.0
        ],
        [
          1593.0,
          853.0
        ],
        [
          1594.0,
          852.0
        ],
        [
          1594.0,
          850.0
        ],
        [
          1595.0,
          849.0
        ],
        [
          1595.0,
          842.0
        ],
        [
          1596.0,
          841.0
        ],
        [
          1596.0,
          840.0
        ],
        [
          1598.0,
          838.0
        ],
        [
          1598.0,
          837.0
        ],
        [
          1600.0,
          835.0
        ],
        [
          1600.0,
          834.0
        ],
        [
          1603.0,
          831.0
        ],
        [
          1604.0,
          831.0
        ],
        [
          1607.0,
          828.0
        ],
        [
          1608.0,
          828.0
        ],
        [
          1609.0,
          827.0
        ],
        [
          1610.0,
          827.0
        ],
        [
          1611.0,
          826.0
        ],
        [
          1612.0,
          826.0
        ],
        [
          1615.0,
          824.0
        ],
        [
          1617.0,
          824.0
        ],
        [
          1618.0,
          823.0
        ],
        [
          1621.0,
          823.0
        ],
        [
          1622.0,
          822.0
        ],
        [
          1625.0,
          822.0
        ],
        [
          1626.0,
          821.0
        ]
      ],
      "group_id": null,
      "description": "",
      "difficult": false,
      "shape_type": "polygon",
      "flags": {},
      "attributes": {},
      "kie_linking": []
    }
  ],
  "imagePath": "frame_000029.jpg",
  "imageData": null,
  "imageHeight": 1080,
  "imageWidth": 1920
}