{
  "version": "3.1.1",
  "flags": {},
  "shapes": [
    {
      "label": "fish",
      "score": null,
      "points": [
        [
          1509.0,
          71.0
        ],
        [
          1505.0,
          71.0
        ],
        [
          1504.0,
          70.0
        ],
        [
          1501.0,
          70.0
        ],
        [
          1500.0,
          71.0
        ],
        [
          1496.0,
          71.0
        ],
        [
          1495.0,
          72.0
        ],
        [
          1494.0,
          72.0
        ],
        [
          1494.0,
          73.0
        ],
        [
          1492.0,
          76.0
        ],
        [
          1492.0,
          79.0
        ],
        [
          1491.0,
          80.0
        ],
        [
          1491.0,
          82.0
        ],
        [
          1490.0,
          83.0
        ],
        [
          1490.0,
          85.0
        ],
        [
          1489.0,
          86.0
        ],
        [
          1489.0,
          87.0
        ],
        [
          1487.0,
          89.0
        ],
        [
          1487.0,
          90.0
        ],
        [
          1485.0,
          93.0
        ],
        [
          1485.0,
          96.0
        ],
        [
          1484.0,
          97.0
        ],
        [
          1484.0,
          99.0
        ],
        [
          1483.0,
          100.0
        ],
        [
          1483.0,
          103.0
        ],
        [
          1482.0,
          104.0
        ],
        [
          1482.0,
          106.0
        ],
        [
          1481.0,
          107.0
        ],
        [
          1481.0,
          109.0
        ],
        [
          1479.0,
          112.0
        ],
        [
          1479.0,
          114.0
        ],
        [
          1478.0,
          115.0
        ],
        [
          1478.0,
          117.0
        ],
        [
          1477.0,
          118.0
        ],
        [
          1477.0,
          121.0
        ],
        [
          1476.0,
          122.0
        ],
        [
          1476.0,
          125.0
        ],
        [
          1475.0,
          126.0
        ],
        [
          1475.0,
          127.0
        ],
        [
          1473.0,
          130.0
        ],
        [
          1473.0,
          139.0
        ],
        [
          1472.0,
          140.0
        ],
        [
          1472.0,
          144.0
        ],
        [
          1471.0,
          145.0
        ],
        [
          1471.0,
          148.0
        ],
        [
          1470.0,
          149.0
        ],
        [
          1470.0,
          151.0
        ],
        [
          1469.0,
          152.0
        ],
        [
          1469.0,
          165.0
        ],
        [
          1470.0,
          166.0
        ],
        [
          1470.0,
          177.0
        ],
        [
          1471.0,
          178.0
        ],
        [
          1471.0,
          186.0
        ],
        [
          1472.0,
          187.0
        ],
        [
          1472.0,
          194.0
        ],
        [
          1474.0,
          194.0
        ],
        [
          1477.0,
          192.0
        ],
        [
          1479.0,
          192.0
        ],
        [
          1480.0,
          191.0
        ],
        [
          1481.0,
          191.0
        ],
        [
          1481.0,
          178.0
        ],
        [
          1480.0,
          177.0
        ],
        [
          1480.0,
          175.0
        ],
        [
          1481.0,
          174.0
        ],
        [
          1481.0,
          169.0
        ],
        [
          1482.0,
          168.0
        ],
        [
          1482.0,
          161.0
        ],
        [
          1483.0,
          160.0
        ],
        [
          1483.0,
          153.0
        ],
        [
          1484.0,
          152.0
        ],
        [
          1484.0,
          148.0
        ],
        [
          1485.0,
          147.0
        ],
        [
          1485.0,
          145.0
        ],
        [
          1486.0,
          144.0
        ],
        [
          1486.0,
          143.0
        ],
        [
          1487.0,
          142.0
        ],
        [
          1487.0,
          141.0
        ],
        [
          1489.0,
          139.0
        ],
        [
          1489.0,
          138.0
        ],
        [
          1490.0,
          137.0
        ],
        [
          1490.0,
          136.0
        ],
        [
          1491.0,
          135.0
        ],
        [
          1491.0,
          134.0
        ],
        [
          1494.0,
          131.0
        ],
        [
          1494.0,
          130.0
        ],
        [
          1496.0,
          128.0
        ],
        [
          1496.0,
          127.0
        ],
        [
          1497.0,
          126.0
        ],
        [
          1497.0,
          125.0
        ],
        [
          1499.0,
          123.0
        ],
        [
          1499.0,
          122.0
        ],
        [
          1500.0,
          121.0
        ],
        [
          1500.0,
          120.0
        ],
        [
          1501.0,
          119.0
        ],
        [
          1501.0,
          118.0
        ],
        [
          1502.0,
          117.0
        ],
        [
          1502.0,
          116.0
        ],
        [
          1503.0,
          115.0
        ],
        [
          1503.0,
          114.0
        ],
        [
          1504.0,
          113.0
        ],
        [
          1504.0,
          112.0
        ],
        [
          1506.0,
          109.0
        ],
        [
          1506.0,
          107.0
        ],
        [
          1507.0,
          106.0
        ],
        [
          1507.0,
          105.0
        ],
        [
          1508.0,
          104.0
        ],
        [
          1508.0,
          103.0
        ],
        [
          1510.0,
          100.0
        ],
        [
          1510.0,
          96.0
        ],
        [
          1511.0,
          95.0
        ],
        [
          1511.0,
          89.0
        ],
        [
          1512.0,
          88.0
        ],
        [
          1512.0,
          82.0
        ],
        [
          1513.0,
          81.0
        ],
        [
          1513.0,
          76.0
        ],
        [
          1512.0,
          75.0
        ],
        [
          1512.0,
          74.0
        ]
      ],
      "group_id": null,
      "description": "",
      "difficult": false,
      "shape_type": "polygon",
      "flags": {},
      "attributes": {},
      "kie_linking": []
    },
    {
      "label": "fish",
      "score": null,
      "points": [
        [
          1468.0,
          200.0
        ],
        [
          1464.0,
          200.0
        ],
        [
          1463.0,
          201.0
        ],
        [
          1462.0,
          201.0
        ],
        [
          1460.0,
          203.0
        ],
        [
          1459.0,
          203.0
        ],
        [
          1458.0,
          204.0
        ],
        [
          1458.0,
          205.0
        ],
        [
          1457.0,
          206.0
        ],
        [
          1456.0,
          209.0
        ],
        [
          1454.0,
          211.0
        ],
        [
          1454.0,
          212.0
        ],
        [
          1451.0,
          215.0
        ],
        [
          1451.0,
          216.0
        ],
        [
          1449.0,
          219.0
        ],
        [
          1449.0,
          241.0
        ],
        [
          1448.0,
          242.0
        ],
        [
          1448.0,
          253.0
        ],
        [
          1449.0,
          254.0
        ],
        [
          1449.0,
          256.0
        ],
        [
          1450.0,
          257.0
        ],
        [
          1450.0,
          259.0
        ],
        [
          1451.0,
          260.0
        ],
        [
          1451.0,
          264.0
        ],
        [
          1452.0,
          265.0
        ],
        [
          1452.0,
          269.0
        ],
        [
          1453.0,
          270.0
        ],
        [
          1453.0,
          274.0
        ],
        [
          1454.0,
          275.0
        ],
        [
          1454.0,
          284.0
        ],
        [
          1453.0,
          285.0
        ],
        [
          1453.0,
          287.0
        ],
        [
          1451.0,
          290.0
        ],
        [
          1451.0,
          293.0
        ],
        [
          1450.0,
          294.0
        ],
        [
          1450.0,
          300.0
        ],
        [
          1451.0,
          301.0
        ],
        [
          1451.0,
          310.0
        ],
        [
          1452.0,
          311.0
        ],
        [
          1452.0,
          313.0
        ],
        [
          1453.0,
          314.0
        ],
        [
          1453.0,
          317.0
        ],
        [
          1454.0,
          318.0
        ],
        [
          1454.0,
          320.0
        ],
        [
          1455.0,
          321.0
        ],
        [
          1455.0,
          326.0
        ],
        [
          1456.0,
          327.0
        ],
        [
          1456.0,
          333.0
        ],
        [
          1457.0,
          334.0
        ],
        [
          1457.0,
          344.0
        ],
        [
          1459.0,
          344.0
        ],
        [
          1461.0,
          342.0
        ],
        [
          1462.0,
          342.0
        ],
        [
          1465.0,
          340.0
        ],
        [
          1465.0,
          326.0
        ],
        [
          1466.0,
          325.0
        ],
        [
          1466.0,
          320.0
        ],
        [
          1467.0,
          319.0
        ],
        [
          1467.0,
          317.0
        ],
        [
          1468.0,
          316.0
        ],
        [
          1468.0,
          314.0
        ],
        [
          1469.0,
          313.0
        ],
        [
          1469.0,
          311.0
        ],
        [
          1470.0,
          310.0
        ],
        [
          1470.0,
          303.0
        ],
        [
          1471.0,
          302.0
        ],
        [
          1470.0,
          301.0
        ],
        [
          1470.0,
          296.0
        ],
        [
          1471.0,
          295.0
        ],
        [
          1472.0,
          292.0
        ],
        [
          1474.0,
          290.0
        ],
        [
          1475.0,
          287.0
        ],
        [
          1477.0,
          285.0
        ],
        [
          1477.0,
          284.0
        ],
        [
          1478.0,
          283.0
        ],
        [
          1478.0,
          282.0
        ],
        [
          1480.0,
          279.0
        ],
        [
          1480.0,
          277.0
        ],
        [
          1481.0,
          276.0
        ],
        [
          1481.0,
          272.0
        ],
        [
          1482.0,
          271.0
        ],
        [
          1482.0,
          263.0
        ],
        [
          1483.0,
          262.0
        ],
        [
          1483.0,
          254.0
        ],
        [
          1482.0,
          253.0
        ],
        [
          1482.0,
          238.0
        ],
        [
          1483.0,
          237.0
        ],
        [
          1483.0,
          235.0
        ],
        [
          1482.0,
          234.0
        ],
        [
          1482.0,
          231.0
        ],
        [
          1481.0,
          230.0
        ],
        [
          1481.0,
          228.0
        ],
        [
          1480.0,
          227.0
        ],
        [
          1480.0,
          225.0
        ],
        [
          1479.0,
          224.0
        ],
        [
          1479.0,
          222.0
        ],
        [
          1478.0,
          221.0
        ],
        [
          1478.0,
          218.0
        ],
        [
          1477.0,
          217.0
        ],
        [
          1477.0,
          215.0
        ],
        [
          1476.0,
          214.0
        ],
        [
          1476.0,
          212.0
        ],
        [
          1475.0,
          211.0
        ],
        [
          1475.0,
          209.0
        ],
        [
          1474.0,
          208.0
        ],
        [
          1474.0,
          207.0
        ],
        [
          1473.0,
          206.0
        ],
        [
          1472.0,
          203.0
        ],
        [
          1470.0,
          201.0
        ],
        [
          1469.0,
          201.0
        ]
      ],
      "group_id": null,
      "description": "",
      "difficult": false,
      "shape_type": "polygon",
      "flags": {},
      "attributes": {},
      "kie_linking": []
    },
    {
      "label": "fish",
      "score": null,
      "points": [
        [
          1457.0,
          603.0
        ],
        [
          1456.0,
          603.0
        ],
        [
          1455.0,
          602.0
        ],
        [
          1452.0,
          602.0
        ],
        [
          1451.0,
          601.0
        ],
        [
          1448.0,
          601.0
        ],
        [
          1447.0,
          602.0
        ],
        [
          1431.0,
          602.0
        ],
        [
          1430.0,
          603.0
        ],
        [
          1428.0,
          603.0
        ],
        [
          1427.0,
          604.0
        ],
        [
          1425.0,
          604.0
        ],
        [
          1424.0,
          605.0
        ],
        [
          1423.0,
          605.0
        ],
        [
          1422.0,
          606.0
        ],
        [
          1421.0,
          606.0
        ],
        [
          1420.0,
          607.0
        ],
        [
          1419.0,
          607.0
        ],
        [
          1418.0,
          608.0
        ],
        [
          1417.0,
          608.0
        ],
        [
          1414.0,
          611.0
        ],
        [
          1413.0,
          611.0
        ],
        [
          1412.0,
          612.0
        ],
        [
          1411.0,
          612.0
        ],
        [
          1410.0,
          613.0
        ],
        [
          1409.0,
          613.0
        ],
        [
          1408.0,
          614.0
        ],
        [
          1407.0,
          614.0
        ],
        [
          1406.0,
          615.0
        ],
        [
          1405.0,
          615.0
        ],
        [
          1401.0,
          619.0
        ],
        [
          1400.0,
          619.0
        ],
        [
          1398.0,
          621.0
        ],
        [
          1397.0,
          621.0
        ],
        [
          1395.0,
          623.0
        ],
        [
          1394.0,
          623.0
        ],
        [
          1392.0,
          625.0
        ],
        [
          1391.0,
          625.0
        ],
        [
          1389.0,
          627.0
        ],
        [
          1388.0,
          627.0
        ],
        [
          1386.0,
          629.0
        ],
        [
          1385.0,
          629.0
        ],
        [
          1383.0,
          631.0
        ],
        [
          1382.0,
          631.0
        ],
        [
          1381.0,
          632.0
        ],
        [
          1380.0,
          632.0
        ],
        [
          1378.0,
          634.0
        ],
        [
          1377.0,
          634.0
        ],
        [
          1375.0,
          636.0
        ],
        [
          1374.0,
          636.0
        ],
        [
          1372.0,
          638.0
        ],
        [
          1371.0,
          638.0
        ],
        [
          1370.0,
          639.0
        ],
        [
          1369.0,
          639.0
        ],
        [
          1358.0,
          650.0
        ],
        [
          1358.0,
          651.0
        ],
        [
          1356.0,
          653.0
        ],
        [
          1356.0,
          654.0
        ],
        [
          1355.0,
          655.0
        ],
        [
          1355.0,
          656.0
        ],
        [
          1348.0,
          663.0
        ],
        [
          1348.0,
          666.0
        ],
        [
          1345.0,
          669.0
        ],
        [
          1345.0,
          670.0
        ],
        [
          1346.0,
          670.0
        ],
        [
          1347.0,
          669.0
        ],
        [
          1352.0,
          669.0
        ],
        [
          1355.0,
          667.0
        ],
        [
          1357.0,
          667.0
        ],
        [
          1358.0,
          666.0
        ],
        [
          1360.0,
          666.0
        ],
        [
          1363.0,
          663.0
        ],
        [
          1364.0,
          663.0
        ],
        [
          1366.0,
          661.0
        ],
        [
          1367.0,
          661.0
        ],
        [
          1368.0,
          660.0
        ],
        [
          1372.0,
          660.0
        ],
        [
          1373.0,
          659.0
        ],
        [
          1376.0,
          659.0
        ],
        [
          1377.0,
          658.0
        ],
        [
          1379.0,
          658.0
        ],
        [
          1380.0,
          657.0
        ],
        [
          1381.0,
          657.0
        ],
        [
          1384.0,
          654.0
        ],
        [
          1385.0,
          654.0
        ],
        [
          1387.0,
          652.0
        ],
        [
          1388.0,
          652.0
        ],
        [
          1391.0,
          650.0
        ],
        [
          1393.0,
          650.0
        ],
        [
          1394.0,
          649.0
        ],
        [
          1398.0,
          649.0
        ],
        [
          1399.0,
          648.0
        ],
        [
          1405.0,
          648.0
        ],
        [
          1406.0,
          647.0
        ],
        [
          1409.0,
          647.0
        ],
        [
          1410.0,
          646.0
        ],
        [
          1412.0,
          646.0
        ],
        [
          1413.0,
          645.0
        ],
        [
          1415.0,
          645.0
        ],
        [
          1416.0,
          644.0
        ],
        [
          1418.0,
          644.0
        ],
        [
          1419.0,
          643.0
        ],
        [
          1420.0,
          643.0
        ],
        [
          1422.0,
          641.0
        ],
        [
          1423.0,
          641.0
        ],
        [
          1425.0,
          639.0
        ],
        [
          1426.0,
          639.0
        ],
        [
          1431.0,
          634.0
        ],
        [
          1432.0,
          634.0
        ],
        [
          1434.0,
          632.0
        ],
        [
          1435.0,
          632.0
        ],
        [
          1437.0,
          630.0
        ],
        [
          1438.0,
          630.0
        ],
        [
          1440.0,
          628.0
        ],
        [
          1441.0,
          628.0
        ],
        [
          1455.0,
          614.0
        ],
        [
          1455.0,
          613.0
        ],
        [
          1457.0,
          611.0
        ],
        [
          1457.0,
          610.0
        ],
        [
          1458.0,
          609.0
        ],
        [
          1458.0,
          606.0
        ],
        [
          1457.0,
          605.0
        ]
      ],
      "group_id": null,
      "description": "",
      "difficult": false,
      "shape_type": "polygon",
      "flags": {},
      "attributes": {},
      "kie_linking": []
    },
    {
      "label": "fish",
      "score": null,
      "points": [
        [
          1532.0,
          674.0
        ],
        [
          1532.0,
          675.0
        ],
        [
          1530.0,
          678.0
        ],
        [
          1530.0,
          683.0
        ],
        [
          1531.0,
          684.0
        ],
        [
          1531.0,
          688.0
        ],
        [
          1532.0,
          689.0
        ],
        [
          1532.0,
          691.0
        ],
        [
          1534.0,
          693.0
        ],
        [
          1534.0,
          694.0
        ],
        [
          1535.0,
          694.0
        ],
        [
          1537.0,
          696.0
        ],
        [
          1538.0,
          696.0
        ],
        [
          1539.0,
          697.0
        ],
        [
          1540.0,
          697.0
        ],
        [
          1541.0,
          698.0
        ],
        [
          1542.0,
          698.0
        ],
        [
          1546.0,
          702.0
        ],
        [
          1547.0,
          702.0
        ],
        [
          1548.0,
          703.0
        ],
        [
          1549.0,
          703.0
        ],
        [
          1551.0,
          705.0
        ],
        [
          1552.0,
          705.0
        ],
        [
          1554.0,
          707.0
        ],
        [
          1555.0,
          707.0
        ],
        [
          1557.0,
          709.0
        ],
        [
          1558.0,
          709.0
        ],
        [
          1559.0,
          710.0
        ],
        [
          1560.0,
          710.0
        ],
        [
          1561.0,
          711.0
        ],
        [
          1562.0,
          711.0
        ],
        [
          1568.0,
          717.0
        ],
        [
          1569.0,
          717.0
        ],
        [
          1571.0,
          719.0
        ],
        [
          1573.0,
          719.0
        ],
        [
          1574.0,
          720.0
        ],
        [
          1575.0,
          720.0
        ],
        [
          1578.0,
          722.0
        ],
        [
          1580.0,
          722.0
        ],
        [
          1583.0,
          724.0
        ],
        [
          1585.0,
          724.0
        ],
        [
          1586.0,
          725.0
        ],
        [
          1588.0,
          725.0
        ],
        [
          1591.0,
          727.0
        ],
        [
          1593.0,
          727.0
        ],
        [
          1594.0,
          728.0
        ],
        [
          1596.0,
          728.0
        ],
        [
          1597.0,
          729.0
        ],
        [
          1600.0,
          729.0
        ],
        [
          1603.0,
          731.0
        ],
        [
          1605.0,
          731.0
        ],
        [
          1606.0,
          732.0
        ],
        [
          1608.0,
          732.0
        ],
        [
          1609.0,
          733.0
        ],
        [
          1611.0,
          733.0
        ],
        [
          1612.0,
          734.0
        ],
        [
          1614.0,
          734.0
        ],
        [
          1615.0,
          735.0
        ],
        [
          1617.0,
          735.0
        ],
        [
          1618.0,
          736.0
        ],
        [
          1620.0,
          736.0
        ],
        [
          1621.0,
          737.0
        ],
        [
          1623.0,
          737.0
        ],
        [
          1624.0,
          738.0
        ],
        [
          1626.0,
          738.0
        ],
        [
          1627.0,
          739.0
        ],
        [
          1630.0,
          739.0
        ],
        [
          1631.0,
          740.0
        ],
        [
          1632.0,
          740.0
        ],
        [
          1633.0,
          739.0
        ],
        [
          1635.0,
          739.0
        ],
        [
          1635.0,
          737.0
        ],
        [
          1633.0,
          734.0
        ],
        [
          1633.0,
          732.0
        ],
        [
          1632.0,
          731.0
        ],
        [
          1632.0,
          730.0
        ],
        [
          1630.0,
          728.0
        ],
        [
          1628.0,
          728.0
        ],
        [
          1625.0,
          726.0
        ],
        [
          1623.0,
          726.0
        ],
        [
          1622.0,
          725.0
        ],
        [
          1621.0,
          725.0
        ],
        [
          1616.0,
          720.0
        ],
        [
          1616.0,
          719.0
        ],
        [
          1615.0,
          718.0
        ],
        [
          1615.0,
          717.0
        ],
        [
          1613.0,
          715.0
        ],
        [
          1613.0,
          714.0
        ],
        [
          1612.0,
          713.0
        ],
        [
          1612.0,
          712.0
        ],
        [
          1610.0,
          710.0
        ],
        [
          1610.0,
          709.0
        ],
        [
          1608.0,
          707.0
        ],
        [
          1607.0,
          707.0
        ],
        [
          1605.0,
          705.0
        ],
        [
          1604.0,
          705.0
        ],
        [
          1602.0,
          703.0
        ],
        [
          1601.0,
          703.0
        ],
        [
          1599.0,
          701.0
        ],
        [
          1598.0,
          701.0
        ],
        [
          1596.0,
          699.0
        ],
        [
          1595.0,
          699.0
        ],
        [
          1593.0,
          697.0
        ],
        [
          1592.0,
          697.0
        ],
        [
          1591.0,
          696.0
        ],
        [
          1590.0,
          696.0
        ],
        [
          1585.0,
          691.0
        ],
        [
          1584.0,
          691.0
        ],
        [
          1583.0,
          690.0
        ],
        [
          1582.0,
          690.0
        ],
        [
          1581.0,
          689.0
        ],
        [
          1580.0,
          689.0
        ],
        [
          1579.0,
          688.0
        ],
        [
          1578.0,
          688.0
        ],
        [
          1577.0,
          687.0
        ],
        [
          1576.0,
          687.0
        ],
        [
          1573.0,
          684.0
        ],
        [
          1572.0,
          684.0
        ],
        [
          1571.0,
          683.0
        ],
        [
          1570.0,
          683.0
        ],
        [
          1569.0,
          682.0
        ],
        [
          1568.0,
          682.0
        ],
        [
          1567.0,
          681.0
        ],
        [
          1566.0,
          681.0
        ],
        [
          1564.0,
          679.0
        ],
        [
          1563.0,
          679.0
        ],
        [
          1562.0,
          678.0
        ],
        [
          1561.0,
          678.0
        ],
        [
          1559.0,
          676.0
        ],
        [
          1558.0,
          676.0
        ],
        [
          1557.0,
          675.0
        ],
        [
          1556.0,
          675.0
        ],
        [
          1553.0,
          673.0
        ],
        [
          1550.0,
          673.0
        ],
        [
          1549.0,
          672.0
        ],
        [
          1538.0,
          672.0
        ],
        [
          1537.0,
          673.0
        ],
        [
          1533.0,
          673.0
        ]
      ],
      "group_id": null,
      "description": "",
      "difficult": false,
      "shape_type": "polygon",
      "flags": {},
      "attributes": {},
      "kie_linking": []
    }
  ],
  "imagePath": "frame_000045.jpg",
  "imageData": null,
  "imageHeight": 1080,
  "imageWidth": 1920
}