{
  "version": "3.1.1",
  "flags": {},
  "shapes": [
    {
      "label": "fish",
      "score": null,
      "points": [
        [
          1549.0,
          317.0
        ],
        [
          1547.0,
          319.0
        ],
        [
          1547.0,
          320.0
        ],
        [
          1546.0,
          321.0
        ],
        [
          1546.0,
          323.0
        ],
        [
          1545.0,
          324.0
        ],
        [
          1545.0,
          325.0
        ],
        [
          1544.0,
          326.0
        ],
        [
          1544.0,
          327.0
        ],
        [
          1543.0,
          328.0
        ],
        [
          1543.0,
          329.0
        ],
        [
          1541.0,
          331.0
        ],
        [
          1541.0,
          332.0
        ],
        [
          1540.0,
          333.0
        ],
        [
          1540.0,
          341.0
        ],
        [
          1541.0,
          342.0
        ],
        [
          1541.0,
          343.0
        ],
        [
          1543.0,
          345.0
        ],
        [
          1543.0,
          346.0
        ],
        [
          1545.0,
          349.0
        ],
        [
          1545.0,
          351.0
        ],
        [
          1546.0,
          352.0
        ],
        [
          1546.0,
          354.0
        ],
        [
          1547.0,
          355.0
        ],
        [
          1547.0,
          365.0
        ],
        [
          1548.0,
          366.0
        ],
        [
          1548.0,
          369.0
        ],
        [
          1549.0,
          370.0
        ],
        [
          1549.0,
          373.0
        ],
        [
          1550.0,
          374.0
        ],
        [
          1550.0,
          377.0
        ],
        [
          1551.0,
          378.0
        ],
        [
          1551.0,
          382.0
        ],
        [
          1552.0,
          383.0
        ],
        [
          1552.0,
          393.0
        ],
        [
          1551.0,
          394.0
        ],
        [
          1551.0,
          396.0
        ],
        [
          1550.0,
          397.0
        ],
        [
          1550.0,
          399.0
        ],
        [
          1549.0,
          400.0
        ],
        [
          1549.0,
          418.0
        ],
        [
          1550.0,
          419.0
        ],
        [
          1550.0,
          423.0
        ],
        [
          1552.0,
          426.0
        ],
        [
          1552.0,
          428.0
        ],
        [
          1553.0,
          429.0
        ],
        [
          1553.0,
          431.0
        ],
        [
          1554.0,
          432.0
        ],
        [
          1554.0,
          434.0
        ],
        [
          1555.0,
          435.0
        ],
        [
          1555.0,
          437.0
        ],
        [
          1556.0,
          438.0
        ],
        [
          1556.0,
          443.0
        ],
        [
          1557.0,
          444.0
        ],
        [
          1557.0,
          445.0
        ],
        [
          1562.0,
          450.0
        ],
        [
          1566.0,
          450.0
        ],
        [
          1567.0,
          449.0
        ],
        [
          1569.0,
          449.0
        ],
        [
          1570.0,
          448.0
        ],
        [
          1571.0,
          448.0
        ],
        [
          1573.0,
          445.0
        ],
        [
          1573.0,
          444.0
        ],
        [
          1572.0,
          443.0
        ],
        [
          1572.0,
          436.0
        ],
        [
          1573.0,
          435.0
        ],
        [
          1573.0,
          432.0
        ],
        [
          1574.0,
          431.0
        ],
        [
          1574.0,
          427.0
        ],
        [
          1575.0,
          426.0
        ],
        [
          1575.0,
          416.0
        ],
        [
          1576.0,
          415.0
        ],
        [
          1576.0,
          412.0
        ],
        [
          1577.0,
          411.0
        ],
        [
          1577.0,
          401.0
        ],
        [
          1578.0,
          400.0
        ],
        [
          1578.0,
          397.0
        ],
        [
          1579.0,
          396.0
        ],
        [
          1579.0,
          393.0
        ],
        [
          1580.0,
          392.0
        ],
        [
          1580.0,
          381.0
        ],
        [
          1581.0,
          380.0
        ],
        [
          1581.0,
          377.0
        ],
        [
          1580.0,
          376.0
        ],
        [
          1580.0,
          364.0
        ],
        [
          1579.0,
          363.0
        ],
        [
          1579.0,
          362.0
        ],
        [
          1578.0,
          361.0
        ],
        [
          1578.0,
          360.0
        ],
        [
          1577.0,
          359.0
        ],
        [
          1577.0,
          358.0
        ],
        [
          1575.0,
          355.0
        ],
        [
          1575.0,
          353.0
        ],
        [
          1574.0,
          352.0
        ],
        [
          1574.0,
          348.0
        ],
        [
          1573.0,
          347.0
        ],
        [
          1573.0,
          345.0
        ],
        [
          1572.0,
          344.0
        ],
        [
          1572.0,
          341.0
        ],
        [
          1571.0,
          340.0
        ],
        [
          1571.0,
          339.0
        ],
        [
          1570.0,
          338.0
        ],
        [
          1570.0,
          337.0
        ],
        [
          1569.0,
          336.0
        ],
        [
          1569.0,
          335.0
        ],
        [
          1568.0,
          334.0
        ],
        [
          1568.0,
          333.0
        ],
        [
          1565.0,
          330.0
        ],
        [
          1565.0,
          329.0
        ],
        [
          1561.0,
          325.0
        ],
        [
          1561.0,
          324.0
        ],
        [
          1558.0,
          321.0
        ],
        [
          1558.0,
          320.0
        ],
        [
          1555.0,
          317.0
        ]
      ],
      "group_id": null,
      "description": "",
      "difficult": false,
      "shape_type": "polygon",
      "flags": {},
      "attributes": {},
      "kie_linking": []
    },
    {
      "label": "fish",
      "score": null,
      "points": [
        [
          1568.0,
          214.0
        ],
        [
          1568.0,
          217.0
        ],
        [
          1567.0,
          218.0
        ],
        [
          1567.0,
          219.0
        ],
        [
          1570.0,
          222.0
        ],
        [
          1571.0,
          222.0
        ],
        [
          1572.0,
          223.0
        ],
        [
          1575.0,
          224.0
        ],
        [
          1580.0,
          229.0
        ],
        [
          1581.0,
          229.0
        ],
        [
          1583.0,
          231.0
        ],
        [
          1584.0,
          231.0
        ],
        [
          1589.0,
          236.0
        ],
        [
          1590.0,
          236.0
        ],
        [
          1592.0,
          238.0
        ],
        [
          1595.0,
          239.0
        ],
        [
          1603.0,
          247.0
        ],
        [
          1604.0,
          247.0
        ],
        [
          1607.0,
          250.0
        ],
        [
          1608.0,
          250.0
        ],
        [
          1609.0,
          251.0
        ],
        [
          1612.0,
          251.0
        ],
        [
          1613.0,
          252.0
        ],
        [
          1614.0,
          252.0
        ],
        [
          1617.0,
          255.0
        ],
        [
          1617.0,
          256.0
        ],
        [
          1618.0,
          257.0
        ],
        [
          1618.0,
          258.0
        ],
        [
          1619.0,
          259.0
        ],
        [
          1619.0,
          260.0
        ],
        [
          1620.0,
          261.0
        ],
        [
          1620.0,
          262.0
        ],
        [
          1621.0,
          263.0
        ],
        [
          1621.0,
          264.0
        ],
        [
          1622.0,
          265.0
        ],
        [
          1623.0,
          268.0
        ],
        [
          1625.0,
          270.0
        ],
        [
          1625.0,
          271.0
        ],
        [
          1626.0,
          272.0
        ],
        [
          1626.0,
          274.0
        ],
        [
          1627.0,
          275.0
        ],
        [
          1627.0,
          277.0
        ],
        [
          1629.0,
          280.0
        ],
        [
          1629.0,
          282.0
        ],
        [
          1630.0,
          283.0
        ],
        [
          1630.0,
          284.0
        ],
        [
          1632.0,
          286.0
        ],
        [
          1632.0,
          287.0
        ],
        [
          1639.0,
          294.0
        ],
        [
          1639.0,
          295.0
        ],
        [
          1641.0,
          297.0
        ],
        [
          1641.0,
          299.0
        ],
        [
          1642.0,
          300.0
        ],
        [
          1643.0,
          303.0
        ],
        [
          1647.0,
          307.0
        ],
        [
          1648.0,
          310.0
        ],
        [
          1652.0,
          314.0
        ],
        [
          1656.0,
          314.0
        ],
        [
          1657.0,
          315.0
        ],
        [
          1662.0,
          315.0
        ],
        [
          1663.0,
          316.0
        ],
        [
          1666.0,
          316.0
        ],
        [
          1667.0,
          317.0
        ],
        [
          1674.0,
          317.0
        ],
        [
          1675.0,
          316.0
        ],
        [
          1676.0,
          316.0
        ],
        [
          1676.0,
          315.0
        ],
        [
          1677.0,
          314.0
        ],
        [
          1677.0,
          308.0
        ],
        [
          1676.0,
          307.0
        ],
        [
          1676.0,
          306.0
        ],
        [
          1675.0,
          305.0
        ],
        [
          1675.0,
          304.0
        ],
        [
          1674.0,
          303.0
        ],
        [
          1674.0,
          302.0
        ],
        [
          1673.0,
          301.0
        ],
        [
          1673.0,
          300.0
        ],
        [
          1672.0,
          299.0
        ],
        [
          1672.0,
          298.0
        ],
        [
          1671.0,
          297.0
        ],
        [
          1671.0,
          296.0
        ],
        [
          1669.0,
          293.0
        ],
        [
          1669.0,
          291.0
        ],
        [
          1668.0,
          290.0
        ],
        [
          1668.0,
          289.0
        ],
        [
          1666.0,
          287.0
        ],
        [
          1666.0,
          286.0
        ],
        [
          1664.0,
          284.0
        ],
        [
          1664.0,
          283.0
        ],
        [
          1662.0,
          281.0
        ],
        [
          1662.0,
          280.0
        ],
        [
          1657.0,
          275.0
        ],
        [
          1656.0,
          272.0
        ],
        [
          1654.0,
          270.0
        ],
        [
          1654.0,
          269.0
        ],
        [
          1650.0,
          264.0
        ],
        [
          1650.0,
          263.0
        ],
        [
          1649.0,
          262.0
        ],
        [
          1649.0,
          261.0
        ],
        [
          1648.0,
          260.0
        ],
        [
          1648.0,
          259.0
        ],
        [
          1647.0,
          258.0
        ],
        [
          1646.0,
          255.0
        ],
        [
          1640.0,
          249.0
        ],
        [
          1639.0,
          249.0
        ],
        [
          1638.0,
          248.0
        ],
        [
          1637.0,
          248.0
        ],
        [
          1636.0,
          247.0
        ],
        [
          1633.0,
          246.0
        ],
        [
          1631.0,
          244.0
        ],
        [
          1628.0,
          243.0
        ],
        [
          1625.0,
          240.0
        ],
        [
          1624.0,
          240.0
        ],
        [
          1622.0,
          238.0
        ],
        [
          1621.0,
          238.0
        ],
        [
          1620.0,
          237.0
        ],
        [
          1619.0,
          237.0
        ],
        [
          1617.0,
          235.0
        ],
        [
          1614.0,
          234.0
        ],
        [
          1607.0,
          227.0
        ],
        [
          1606.0,
          227.0
        ],
        [
          1605.0,
          226.0
        ],
        [
          1604.0,
          226.0
        ],
        [
          1603.0,
          225.0
        ],
        [
          1600.0,
          224.0
        ],
        [
          1598.0,
          222.0
        ],
        [
          1597.0,
          222.0
        ],
        [
          1596.0,
          221.0
        ],
        [
          1595.0,
          221.0
        ],
        [
          1592.0,
          219.0
        ],
        [
          1589.0,
          219.0
        ],
        [
          1588.0,
          218.0
        ],
        [
          1586.0,
          218.0
        ],
        [
          1585.0,
          217.0
        ],
        [
          1583.0,
          217.0
        ],
        [
          1582.0,
          216.0
        ],
        [
          1581.0,
          216.0
        ],
        [
          1578.0,
          214.0
        ],
        [
          1573.0,
          214.0
        ],
        [
          1572.0,
          213.0
        ],
        [
          1570.0,
          213.0
        ],
        [
          1569.0,
          214.0
        ]
      ],
      "group_id": null,
      "description": "",
      "difficult": false,
      "shape_type": "polygon",
      "flags": {},
      "attributes": {},
      "kie_linking": []
    },
    {
      "label": "fish",
      "score": null,
      "points": [
        [
          1559.0,
          679.0
        ],
        [
          1560.0,
          680.0
        ],
        [
          1560.0,
          685.0
        ],
        [
          1561.0,
          686.0
        ],
        [
          1562.0,
          686.0
        ],
        [
          1564.0,
          688.0
        ],
        [
          1565.0,
          688.0
        ],
        [
          1568.0,
          691.0
        ],
        [
          1569.0,
          691.0
        ],
        [
          1572.0,
          694.0
        ],
        [
          1573.0,
          694.0
        ],
        [
          1575.0,
          696.0
        ],
        [
          1576.0,
          696.0
        ],
        [
          1579.0,
          699.0
        ],
        [
          1580.0,
          699.0
        ],
        [
          1583.0,
          702.0
        ],
        [
          1584.0,
          702.0
        ],
        [
          1585.0,
          703.0
        ],
        [
          1586.0,
          703.0
        ],
        [
          1587.0,
          704.0
        ],
        [
          1588.0,
          704.0
        ],
        [
          1589.0,
          705.0
        ],
        [
          1591.0,
          705.0
        ],
        [
          1592.0,
          706.0
        ],
        [
          1594.0,
          706.0
        ],
        [
          1595.0,
          707.0
        ],
        [
          1596.0,
          707.0
        ],
        [
          1597.0,
          708.0
        ],
        [
          1599.0,
          708.0
        ],
        [
          1600.0,
          709.0
        ],
        [
          1601.0,
          709.0
        ],
        [
          1602.0,
          710.0
        ],
        [
          1603.0,
          710.0
        ],
        [
          1604.0,
          711.0
        ],
        [
          1605.0,
          711.0
        ],
        [
          1606.0,
          712.0
        ],
        [
          1607.0,
          712.0
        ],
        [
          1608.0,
          713.0
        ],
        [
          1609.0,
          713.0
        ],
        [
          1610.0,
          714.0
        ],
        [
          1611.0,
          714.0
        ],
        [
          1612.0,
          715.0
        ],
        [
          1613.0,
          715.0
        ],
        [
          1614.0,
          716.0
        ],
        [
          1615.0,
          716.0
        ],
        [
          1616.0,
          717.0
        ],
        [
          1617.0,
          717.0
        ],
        [
          1618.0,
          718.0
        ],
        [
          1621.0,
          718.0
        ],
        [
          1622.0,
          719.0
        ],
        [
          1629.0,
          719.0
        ],
        [
          1630.0,
          718.0
        ],
        [
          1633.0,
          718.0
        ],
        [
          1634.0,
          717.0
        ],
        [
          1635.0,
          717.0
        ],
        [
          1636.0,
          716.0
        ],
        [
          1638.0,
          716.0
        ],
        [
          1639.0,
          715.0
        ],
        [
          1642.0,
          715.0
        ],
        [
          1643.0,
          714.0
        ],
        [
          1645.0,
          714.0
        ],
        [
          1646.0,
          713.0
        ],
        [
          1647.0,
          713.0
        ],
        [
          1648.0,
          712.0
        ],
        [
          1649.0,
          712.0
        ],
        [
          1651.0,
          710.0
        ],
        [
          1652.0,
          710.0
        ],
        [
          1653.0,
          709.0
        ],
        [
          1654.0,
          709.0
        ],
        [
          1655.0,
          708.0
        ],
        [
          1656.0,
          708.0
        ],
        [
          1657.0,
          707.0
        ],
        [
          1658.0,
          707.0
        ],
        [
          1659.0,
          706.0
        ],
        [
          1660.0,
          706.0
        ],
        [
          1663.0,
          703.0
        ],
        [
          1663.0,
          702.0
        ],
        [
          1664.0,
          701.0
        ],
        [
          1664.0,
          699.0
        ],
        [
          1663.0,
          698.0
        ],
        [
          1663.0,
          697.0
        ],
        [
          1661.0,
          695.0
        ],
        [
          1661.0,
          694.0
        ],
        [
          1660.0,
          694.0
        ],
        [
          1658.0,
          692.0
        ],
        [
          1657.0,
          692.0
        ],
        [
          1656.0,
          691.0
        ],
        [
          1654.0,
          691.0
        ],
        [
          1653.0,
          690.0
        ],
        [
          1651.0,
          690.0
        ],
        [
          1650.0,
          689.0
        ],
        [
          1647.0,
          689.0
        ],
        [
          1646.0,
          688.0
        ],
        [
          1642.0,
          688.0
        ],
        [
          1641.0,
          689.0
        ],
        [
          1626.0,
          689.0
        ],
        [
          1625.0,
          690.0
        ],
        [
          1607.0,
          690.0
        ],
        [
          1606.0,
          691.0
        ],
        [
          1600.0,
          691.0
        ],
        [
          1599.0,
          692.0
        ],
        [
          1590.0,
          692.0
        ],
        [
          1589.0,
          691.0
        ],
        [
          1585.0,
          691.0
        ],
        [
          1584.0,
          690.0
        ],
        [
          1582.0,
          690.0
        ],
        [
          1581.0,
          689.0
        ],
        [
          1580.0,
          689.0
        ],
        [
          1576.0,
          685.0
        ],
        [
          1576.0,
          684.0
        ],
        [
          1570.0,
          678.0
        ],
        [
          1569.0,
          678.0
        ],
        [
          1568.0,
          677.0
        ],
        [
          1567.0,
          677.0
        ],
        [
          1566.0,
          676.0
        ],
        [
          1565.0,
          676.0
        ],
        [
          1564.0,
          675.0
        ],
        [
          1563.0,
          675.0
        ],
        [
          1561.0,
          677.0
        ],
        [
          1560.0,
          677.0
        ],
        [
          1560.0,
          678.0
        ]
      ],
      "group_id": null,
      "description": "",
      "difficult": false,
      "shape_type": "polygon",
      "flags": {},
      "attributes": {},
      "kie_linking": []
    }
  ],
  "imagePath": "frame_000057.jpg",
  "imageData": null,
  "imageHeight": 1080,
  "imageWidth": 1920
}