{
  "version": "3.1.1",
  "flags": {},
  "shapes": [
    {
      "label": "fish",
      "score": null,
      "points": [
        [
          1576.0,
          366.0
        ],
        [
          1574.0,
          369.0
        ],
        [
          1574.0,
          372.0
        ],
        [
          1573.0,
          373.0
        ],
        [
          1573.0,
          379.0
        ],
        [
          1574.0,
          380.0
        ],
        [
          1574.0,
          385.0
        ],
        [
          1575.0,
          386.0
        ],
        [
          1575.0,
          388.0
        ],
        [
          1576.0,
          389.0
        ],
        [
          1576.0,
          391.0
        ],
        [
          1577.0,
          392.0
        ],
        [
          1577.0,
          393.0
        ],
        [
          1580.0,
          398.0
        ],
        [
          1580.0,
          400.0
        ],
        [
          1581.0,
          401.0
        ],
        [
          1581.0,
          405.0
        ],
        [
          1582.0,
          406.0
        ],
        [
          1582.0,
          409.0
        ],
        [
          1583.0,
          410.0
        ],
        [
          1583.0,
          411.0
        ],
        [
          1584.0,
          412.0
        ],
        [
          1584.0,
          413.0
        ],
        [
          1587.0,
          418.0
        ],
        [
          1587.0,
          420.0
        ],
        [
          1588.0,
          421.0
        ],
        [
          1588.0,
          423.0
        ],
        [
          1589.0,
          424.0
        ],
        [
          1589.0,
          425.0
        ],
        [
          1592.0,
          428.0
        ],
        [
          1592.0,
          429.0
        ],
        [
          1595.0,
          430.0
        ],
        [
          1601.0,
          436.0
        ],
        [
          1601.0,
          438.0
        ],
        [
          1602.0,
          439.0
        ],
        [
          1602.0,
          448.0
        ],
        [
          1603.0,
          449.0
        ],
        [
          1603.0,
          454.0
        ],
        [
          1604.0,
          455.0
        ],
        [
          1604.0,
          459.0
        ],
        [
          1605.0,
          460.0
        ],
        [
          1605.0,
          464.0
        ],
        [
          1606.0,
          465.0
        ],
        [
          1606.0,
          469.0
        ],
        [
          1607.0,
          470.0
        ],
        [
          1607.0,
          473.0
        ],
        [
          1608.0,
          474.0
        ],
        [
          1608.0,
          475.0
        ],
        [
          1609.0,
          476.0
        ],
        [
          1609.0,
          477.0
        ],
        [
          1610.0,
          478.0
        ],
        [
          1610.0,
          479.0
        ],
        [
          1611.0,
          480.0
        ],
        [
          1611.0,
          481.0
        ],
        [
          1612.0,
          482.0
        ],
        [
          1612.0,
          483.0
        ],
        [
          1613.0,
          484.0
        ],
        [
          1613.0,
          485.0
        ],
        [
          1616.0,
          490.0
        ],
        [
          1616.0,
          492.0
        ],
        [
          1617.0,
          493.0
        ],
        [
          1617.0,
          495.0
        ],
        [
          1618.0,
          496.0
        ],
        [
          1618.0,
          498.0
        ],
        [
          1620.0,
          500.0
        ],
        [
          1620.0,
          501.0
        ],
        [
          1623.0,
          504.0
        ],
        [
          1624.0,
          504.0
        ],
        [
          1626.0,
          506.0
        ],
        [
          1627.0,
          506.0
        ],
        [
          1629.0,
          508.0
        ],
        [
          1630.0,
          508.0
        ],
        [
          1632.0,
          510.0
        ],
        [
          1633.0,
          510.0
        ],
        [
          1637.0,
          514.0
        ],
        [
          1645.0,
          514.0
        ],
        [
          1647.0,
          512.0
        ],
        [
          1647.0,
          510.0
        ],
        [
          1648.0,
          509.0
        ],
        [
          1648.0,
          490.0
        ],
        [
          1647.0,
          489.0
        ],
        [
          1647.0,
          482.0
        ],
        [
          1646.0,
          481.0
        ],
        [
          1646.0,
          478.0
        ],
        [
          1645.0,
          477.0
        ],
        [
          1645.0,
          475.0
        ],
        [
          1644.0,
          474.0
        ],
        [
          1644.0,
          473.0
        ],
        [
          1643.0,
          472.0
        ],
        [
          1643.0,
          471.0
        ],
        [
          1642.0,
          470.0
        ],
        [
          1642.0,
          469.0
        ],
        [
          1641.0,
          468.0
        ],
        [
          1641.0,
          467.0
        ],
        [
          1640.0,
          466.0
        ],
        [
          1640.0,
          465.0
        ],
        [
          1637.0,
          460.0
        ],
        [
          1637.0,
          458.0
        ],
        [
          1636.0,
          457.0
        ],
        [
          1636.0,
          455.0
        ],
        [
          1635.0,
          454.0
        ],
        [
          1635.0,
          452.0
        ],
        [
          1634.0,
          451.0
        ],
        [
          1634.0,
          449.0
        ],
        [
          1633.0,
          448.0
        ],
        [
          1633.0,
          446.0
        ],
        [
          1632.0,
          445.0
        ],
        [
          1632.0,
          444.0
        ],
        [
          1630.0,
          442.0
        ],
        [
          1630.0,
          441.0
        ],
        [
          1614.0,
          425.0
        ],
        [
          1613.0,
          425.0
        ],
        [
          1612.0,
          424.0
        ],
        [
          1612.0,
          423.0
        ],
        [
          1606.0,
          416.0
        ],
        [
          1606.0,
          415.0
        ],
        [
          1604.0,
          413.0
        ],
        [
          1604.0,
          412.0
        ],
        [
          1603.0,
          411.0
        ],
        [
          1603.0,
          410.0
        ],
        [
          1602.0,
          409.0
        ],
        [
          1601.0,
          406.0
        ],
        [
          1597.0,
          401.0
        ],
        [
          1597.0,
          400.0
        ],
        [
          1595.0,
          397.0
        ],
        [
          1595.0,
          395.0
        ],
        [
          1594.0,
          394.0
        ],
        [
          1594.0,
          393.0
        ],
        [
          1592.0,
          391.0
        ],
        [
          1591.0,
          391.0
        ],
        [
          1586.0,
          386.0
        ],
        [
          1586.0,
          385.0
        ],
        [
          1584.0,
          382.0
        ],
        [
          1584.0,
          380.0
        ],
        [
          1583.0,
          379.0
        ],
        [
          1583.0,
          377.0
        ],
        [
          1582.0,
          376.0
        ],
        [
          1582.0,
          372.0
        ],
        [
          1581.0,
          371.0
        ],
        [
          1580.0,
          368.0
        ],
        [
          1578.0,
          366.0
        ]
      ],
      "group_id": null,
      "description": "",
      "difficult": false,
      "shape_type": "polygon",
      "flags": {},
      "attributes": {},
      "kie_linking": []
    },
    {
      "label": "fish",
      "score": null,
      "points": [
        [
          1414.0,
          578.0
        ],
        [
          1414.0,
          580.0
        ],
        [
          1419.0,
          584.0
        ],
        [
          1419.0,
          585.0
        ],
        [
          1423.0,
          590.0
        ],
        [
          1423.0,
          592.0
        ],
        [
          1424.0,
          593.0
        ],
        [
          1424.0,
          596.0
        ],
        [
          1425.0,
          597.0
        ],
        [
          1426.0,
          600.0
        ],
        [
          1429.0,
          603.0
        ],
        [
          1429.0,
          604.0
        ],
        [
          1431.0,
          606.0
        ],
        [
          1431.0,
          607.0
        ],
        [
          1433.0,
          609.0
        ],
        [
          1433.0,
          610.0
        ],
        [
          1435.0,
          612.0
        ],
        [
          1435.0,
          613.0
        ],
        [
          1438.0,
          616.0
        ],
        [
          1438.0,
          617.0
        ],
        [
          1440.0,
          619.0
        ],
        [
          1440.0,
          620.0
        ],
        [
          1441.0,
          621.0
        ],
        [
          1441.0,
          623.0
        ],
        [
          1443.0,
          626.0
        ],
        [
          1443.0,
          628.0
        ],
        [
          1445.0,
          631.0
        ],
        [
          1445.0,
          633.0
        ],
        [
          1447.0,
          636.0
        ],
        [
          1447.0,
          638.0
        ],
        [
          1448.0,
          639.0
        ],
        [
          1449.0,
          642.0
        ],
        [
          1453.0,
          647.0
        ],
        [
          1454.0,
          650.0
        ],
        [
          1459.0,
          655.0
        ],
        [
          1459.0,
          656.0
        ],
        [
          1461.0,
          659.0
        ],
        [
          1461.0,
          661.0
        ],
        [
          1462.0,
          662.0
        ],
        [
          1462.0,
          663.0
        ],
        [
          1464.0,
          665.0
        ],
        [
          1464.0,
          666.0
        ],
        [
          1468.0,
          670.0
        ],
        [
          1468.0,
          671.0
        ],
        [
          1471.0,
          674.0
        ],
        [
          1471.0,
          675.0
        ],
        [
          1479.0,
          683.0
        ],
        [
          1482.0,
          684.0
        ],
        [
          1484.0,
          686.0
        ],
        [
          1485.0,
          686.0
        ],
        [
          1486.0,
          687.0
        ],
        [
          1488.0,
          687.0
        ],
        [
          1489.0,
          688.0
        ],
        [
          1492.0,
          689.0
        ],
        [
          1494.0,
          691.0
        ],
        [
          1495.0,
          691.0
        ],
        [
          1497.0,
          693.0
        ],
        [
          1498.0,
          693.0
        ],
        [
          1501.0,
          695.0
        ],
        [
          1504.0,
          695.0
        ],
        [
          1505.0,
          694.0
        ],
        [
          1506.0,
          694.0
        ],
        [
          1506.0,
          693.0
        ],
        [
          1507.0,
          692.0
        ],
        [
          1507.0,
          685.0
        ],
        [
          1505.0,
          682.0
        ],
        [
          1505.0,
          680.0
        ],
        [
          1504.0,
          679.0
        ],
        [
          1504.0,
          677.0
        ],
        [
          1502.0,
          674.0
        ],
        [
          1502.0,
          672.0
        ],
        [
          1501.0,
          671.0
        ],
        [
          1501.0,
          670.0
        ],
        [
          1500.0,
          669.0
        ],
        [
          1500.0,
          668.0
        ],
        [
          1499.0,
          667.0
        ],
        [
          1499.0,
          666.0
        ],
        [
          1498.0,
          665.0
        ],
        [
          1498.0,
          664.0
        ],
        [
          1497.0,
          663.0
        ],
        [
          1496.0,
          660.0
        ],
        [
          1494.0,
          658.0
        ],
        [
          1494.0,
          657.0
        ],
        [
          1490.0,
          652.0
        ],
        [
          1489.0,
          649.0
        ],
        [
          1485.0,
          644.0
        ],
        [
          1485.0,
          643.0
        ],
        [
          1484.0,
          642.0
        ],
        [
          1484.0,
          641.0
        ],
        [
          1482.0,
          639.0
        ],
        [
          1482.0,
          638.0
        ],
        [
          1480.0,
          636.0
        ],
        [
          1479.0,
          636.0
        ],
        [
          1474.0,
          631.0
        ],
        [
          1473.0,
          631.0
        ],
        [
          1471.0,
          629.0
        ],
        [
          1470.0,
          629.0
        ],
        [
          1464.0,
          623.0
        ],
        [
          1463.0,
          623.0
        ],
        [
          1454.0,
          614.0
        ],
        [
          1454.0,
          613.0
        ],
        [
          1450.0,
          609.0
        ],
        [
          1449.0,
          609.0
        ],
        [
          1447.0,
          607.0
        ],
        [
          1447.0,
          606.0
        ],
        [
          1444.0,
          603.0
        ],
        [
          1444.0,
          602.0
        ],
        [
          1442.0,
          600.0
        ],
        [
          1441.0,
          600.0
        ],
        [
          1438.0,
          597.0
        ],
        [
          1438.0,
          596.0
        ],
        [
          1436.0,
          594.0
        ],
        [
          1435.0,
          594.0
        ],
        [
          1430.0,
          589.0
        ],
        [
          1429.0,
          586.0
        ],
        [
          1427.0,
          584.0
        ],
        [
          1426.0,
          584.0
        ],
        [
          1424.0,
          582.0
        ],
        [
          1424.0,
          581.0
        ],
        [
          1421.0,
          578.0
        ]
      ],
      "group_id": null,
      "description": "",
      "difficult": false,
      "shape_type": "polygon",
      "flags": {},
      "attributes": {},
      "kie_linking": []
    },
    {
      "label": "fish",
      "score": null,
      "points": [
        [
          1610.0,
          646.0
        ],
        [
          1607.0,
          646.0
        ],
        [
          1600.0,
          653.0
        ],
        [
          1599.0,
          653.0
        ],
        [
          1596.0,
          656.0
        ],
        [
          1596.0,
          657.0
        ],
        [
          1595.0,
          658.0
        ],
        [
          1595.0,
          661.0
        ],
        [
          1594.0,
          662.0
        ],
        [
          1594.0,
          669.0
        ],
        [
          1595.0,
          670.0
        ],
        [
          1595.0,
          674.0
        ],
        [
          1596.0,
          675.0
        ],
        [
          1596.0,
          682.0
        ],
        [
          1595.0,
          683.0
        ],
        [
          1595.0,
          704.0
        ],
        [
          1596.0,
          705.0
        ],
        [
          1596.0,
          714.0
        ],
        [
          1595.0,
          715.0
        ],
        [
          1595.0,
          716.0
        ],
        [
          1596.0,
          717.0
        ],
        [
          1596.0,
          726.0
        ],
        [
          1595.0,
          727.0
        ],
        [
          1595.0,
          745.0
        ],
        [
          1596.0,
          746.0
        ],
        [
          1596.0,
          757.0
        ],
        [
          1597.0,
          758.0
        ],
        [
          1597.0,
          762.0
        ],
        [
          1598.0,
          763.0
        ],
        [
          1598.0,
          765.0
        ],
        [
          1600.0,
          767.0
        ],
        [
          1601.0,
          767.0
        ],
        [
          1603.0,
          765.0
        ],
        [
          1603.0,
          764.0
        ],
        [
          1604.0,
          763.0
        ],
        [
          1604.0,
          761.0
        ],
        [
          1605.0,
          760.0
        ],
        [
          1605.0,
          759.0
        ],
        [
          1606.0,
          758.0
        ],
        [
          1606.0,
          757.0
        ],
        [
          1607.0,
          756.0
        ],
        [
          1607.0,
          754.0
        ],
        [
          1609.0,
          752.0
        ],
        [
          1609.0,
          750.0
        ],
        [
          1610.0,
          749.0
        ],
        [
          1610.0,
          748.0
        ],
        [
          1611.0,
          747.0
        ],
        [
          1611.0,
          744.0
        ],
        [
          1612.0,
          743.0
        ],
        [
          1612.0,
          738.0
        ],
        [
          1613.0,
          737.0
        ],
        [
          1613.0,
          734.0
        ],
        [
          1614.0,
          733.0
        ],
        [
          1614.0,
          732.0
        ],
        [
          1615.0,
          731.0
        ],
        [
          1615.0,
          730.0
        ],
        [
          1616.0,
          729.0
        ],
        [
          1616.0,
          728.0
        ],
        [
          1617.0,
          727.0
        ],
        [
          1617.0,
          726.0
        ],
        [
          1618.0,
          725.0
        ],
        [
          1618.0,
          724.0
        ],
        [
          1619.0,
          723.0
        ],
        [
          1619.0,
          721.0
        ],
        [
          1620.0,
          720.0
        ],
        [
          1620.0,
          718.0
        ],
        [
          1621.0,
          717.0
        ],
        [
          1621.0,
          716.0
        ],
        [
          1622.0,
          715.0
        ],
        [
          1622.0,
          712.0
        ],
        [
          1623.0,
          711.0
        ],
        [
          1623.0,
          709.0
        ],
        [
          1624.0,
          708.0
        ],
        [
          1624.0,
          694.0
        ],
        [
          1623.0,
          693.0
        ],
        [
          1623.0,
          689.0
        ],
        [
          1622.0,
          688.0
        ],
        [
          1622.0,
          681.0
        ],
        [
          1621.0,
          680.0
        ],
        [
          1621.0,
          672.0
        ],
        [
          1620.0,
          671.0
        ],
        [
          1620.0,
          665.0
        ],
        [
          1619.0,
          664.0
        ],
        [
          1619.0,
          660.0
        ],
        [
          1618.0,
          659.0
        ],
        [
          1618.0,
          656.0
        ],
        [
          1617.0,
          655.0
        ],
        [
          1617.0,
          653.0
        ],
        [
          1616.0,
          652.0
        ],
        [
          1616.0,
          651.0
        ],
        [
          1615.0,
          650.0
        ],
        [
          1615.0,
          649.0
        ],
        [
          1613.0,
          647.0
        ],
        [
          1611.0,
          647.0
        ]
      ],
      "group_id": null,
      "description": "",
      "difficult": false,
      "shape_type": "polygon",
      "flags": {},
      "attributes": {},
      "kie_linking": []
    },
    {
      "label": "fish",
      "score": null,
      "points": [
        [
          1677.0,
          592.0
        ],
        [
          1675.0,
          592.0
        ],
        [
          1674.0,
          593.0
        ],
        [
          1674.0,
          595.0
        ],
        [
          1672.0,
          598.0
        ],
        [
          1672.0,
          600.0
        ],
        [
          1671.0,
          601.0
        ],
        [
          1671.0,
          602.0
        ],
        [
          1670.0,
          603.0
        ],
        [
          1670.0,
          604.0
        ],
        [
          1669.0,
          605.0
        ],
        [
          1669.0,
          606.0
        ],
        [
          1667.0,
          609.0
        ],
        [
          1667.0,
          616.0
        ],
        [
          1668.0,
          617.0
        ],
        [
          1667.0,
          618.0
        ],
        [
          1667.0,
          622.0
        ],
        [
          1666.0,
          623.0
        ],
        [
          1666.0,
          627.0
        ],
        [
          1665.0,
          628.0
        ],
        [
          1665.0,
          633.0
        ],
        [
          1664.0,
          634.0
        ],
        [
          1664.0,
          636.0
        ],
        [
          1662.0,
          639.0
        ],
        [
          1662.0,
          641.0
        ],
        [
          1661.0,
          642.0
        ],
        [
          1661.0,
          645.0
        ],
        [
          1660.0,
          646.0
        ],
        [
          1660.0,
          648.0
        ],
        [
          1659.0,
          649.0
        ],
        [
          1659.0,
          652.0
        ],
        [
          1658.0,
          653.0
        ],
        [
          1658.0,
          655.0
        ],
        [
          1657.0,
          656.0
        ],
        [
          1657.0,
          658.0
        ],
        [
          1656.0,
          659.0
        ],
        [
          1656.0,
          661.0
        ],
        [
          1655.0,
          662.0
        ],
        [
          1655.0,
          664.0
        ],
        [
          1654.0,
          665.0
        ],
        [
          1654.0,
          667.0
        ],
        [
          1653.0,
          668.0
        ],
        [
          1653.0,
          671.0
        ],
        [
          1652.0,
          672.0
        ],
        [
          1652.0,
          676.0
        ],
        [
          1651.0,
          677.0
        ],
        [
          1651.0,
          680.0
        ],
        [
          1650.0,
          681.0
        ],
        [
          1650.0,
          683.0
        ],
        [
          1649.0,
          684.0
        ],
        [
          1649.0,
          688.0
        ],
        [
          1648.0,
          689.0
        ],
        [
          1648.0,
          695.0
        ],
        [
          1649.0,
          696.0
        ],
        [
          1649.0,
          698.0
        ],
        [
          1650.0,
          699.0
        ],
        [
          1650.0,
          700.0
        ],
        [
          1651.0,
          701.0
        ],
        [
          1651.0,
          702.0
        ],
        [
          1654.0,
          705.0
        ],
        [
          1654.0,
          706.0
        ],
        [
          1655.0,
          707.0
        ],
        [
          1655.0,
          708.0
        ],
        [
          1659.0,
          712.0
        ],
        [
          1662.0,
          712.0
        ],
        [
          1663.0,
          711.0
        ],
        [
          1664.0,
          711.0
        ],
        [
          1665.0,
          710.0
        ],
        [
          1666.0,
          710.0
        ],
        [
          1668.0,
          708.0
        ],
        [
          1668.0,
          707.0
        ],
        [
          1669.0,
          706.0
        ],
        [
          1669.0,
          705.0
        ],
        [
          1670.0,
          704.0
        ],
        [
          1670.0,
          703.0
        ],
        [
          1672.0,
          701.0
        ],
        [
          1672.0,
          700.0
        ],
        [
          1674.0,
          697.0
        ],
        [
          1674.0,
          695.0
        ],
        [
          1676.0,
          692.0
        ],
        [
          1676.0,
          689.0
        ],
        [
          1677.0,
          688.0
        ],
        [
          1677.0,
          685.0
        ],
        [
          1678.0,
          684.0
        ],
        [
          1678.0,
          682.0
        ],
        [
          1679.0,
          681.0
        ],
        [
          1679.0,
          678.0
        ],
        [
          1680.0,
          677.0
        ],
        [
          1680.0,
          671.0
        ],
        [
          1681.0,
          670.0
        ],
        [
          1681.0,
          668.0
        ],
        [
          1682.0,
          667.0
        ],
        [
          1682.0,
          665.0
        ],
        [
          1683.0,
          664.0
        ],
        [
          1683.0,
          662.0
        ],
        [
          1684.0,
          661.0
        ],
        [
          1684.0,
          659.0
        ],
        [
          1685.0,
          658.0
        ],
        [
          1685.0,
          655.0
        ],
        [
          1686.0,
          654.0
        ],
        [
          1686.0,
          640.0
        ],
        [
          1685.0,
          639.0
        ],
        [
          1685.0,
          631.0
        ],
        [
          1684.0,
          630.0
        ],
        [
          1684.0,
          626.0
        ],
        [
          1683.0,
          625.0
        ],
        [
          1683.0,
          621.0
        ],
        [
          1682.0,
          620.0
        ],
        [
          1682.0,
          613.0
        ],
        [
          1683.0,
          612.0
        ],
        [
          1683.0,
          608.0
        ],
        [
          1684.0,
          607.0
        ],
        [
          1684.0,
          604.0
        ],
        [
          1685.0,
          603.0
        ],
        [
          1685.0,
          602.0
        ],
        [
          1684.0,
          601.0
        ],
        [
          1684.0,
          600.0
        ],
        [
          1683.0,
          599.0
        ],
        [
          1683.0,
          598.0
        ]
      ],
      "group_id": null,
      "description": "",
      "difficult": false,
      "shape_type": "polygon",
      "flags": {},
      "attributes": {},
      "kie_linking": []
    }
  ],
  "imagePath": "frame_000018.jpg",
  "imageData": null,
  "imageHeight": 1080,
  "imageWidth": 1920
}