{
  "version": "3.1.1",
  "flags": {},
  "shapes": [
    {
      "label": "fish",
      "score": null,
      "points": [
        [
          1137.0,
          739.0
        ],
        [
          1136.0,
          739.0
        ],
        [
          1132.0,
          743.0
        ],
        [
          1131.0,
          743.0
        ],
        [
          1130.0,
          744.0
        ],
        [
          1127.0,
          744.0
        ],
        [
          1125.0,
          746.0
        ],
        [
          1124.0,
          746.0
        ],
        [
          1123.0,
          747.0
        ],
        [
          1121.0,
          747.0
        ],
        [
          1120.0,
          748.0
        ],
        [
          1117.0,
          748.0
        ],
        [
          1116.0,
          749.0
        ],
        [
          1114.0,
          749.0
        ],
        [
          1113.0,
          750.0
        ],
        [
          1111.0,
          750.0
        ],
        [
          1110.0,
          751.0
        ],
        [
          1108.0,
          751.0
        ],
        [
          1107.0,
          752.0
        ],
        [
          1106.0,
          752.0
        ],
        [
          1102.0,
          756.0
        ],
        [
          1101.0,
          756.0
        ],
        [
          1099.0,
          758.0
        ],
        [
          1098.0,
          758.0
        ],
        [
          1096.0,
          760.0
        ],
        [
          1095.0,
          760.0
        ],
        [
          1093.0,
          762.0
        ],
        [
          1092.0,
          762.0
        ],
        [
          1091.0,
          763.0
        ],
        [
          1090.0,
          763.0
        ],
        [
          1088.0,
          765.0
        ],
        [
          1087.0,
          765.0
        ],
        [
          1086.0,
          766.0
        ],
        [
          1085.0,
          766.0
        ],
        [
          1083.0,
          768.0
        ],
        [
          1082.0,
          768.0
        ],
        [
          1080.0,
          770.0
        ],
        [
          1079.0,
          770.0
        ],
        [
          1076.0,
          772.0
        ],
        [
          1074.0,
          772.0
        ],
        [
          1071.0,
          774.0
        ],
        [
          1069.0,
          774.0
        ],
        [
          1068.0,
          775.0
        ],
        [
          1067.0,
          775.0
        ],
        [
          1065.0,
          777.0
        ],
        [
          1064.0,
          777.0
        ],
        [
          1061.0,
          780.0
        ],
        [
          1060.0,
          780.0
        ],
        [
          1059.0,
          781.0
        ],
        [
          1058.0,
          781.0
        ],
        [
          1057.0,
          782.0
        ],
        [
          1056.0,
          782.0
        ],
        [
          1055.0,
          783.0
        ],
        [
          1054.0,
          783.0
        ],
        [
          1053.0,
          784.0
        ],
        [
          1052.0,
          784.0
        ],
        [
          1051.0,
          785.0
        ],
        [
          1050.0,
          785.0
        ],
        [
          1049.0,
          786.0
        ],
        [
          1048.0,
          786.0
        ],
        [
          1047.0,
          787.0
        ],
        [
          1046.0,
          787.0
        ],
        [
          1040.0,
          793.0
        ],
        [
          1039.0,
          793.0
        ],
        [
          1034.0,
          798.0
        ],
        [
          1034.0,
          799.0
        ],
        [
          1032.0,
          801.0
        ],
        [
          1032.0,
          802.0
        ],
        [
          1031.0,
          803.0
        ],
        [
          1031.0,
          805.0
        ],
        [
          1029.0,
          808.0
        ],
        [
          1029.0,
          810.0
        ],
        [
          1028.0,
          811.0
        ],
        [
          1028.0,
          813.0
        ],
        [
          1027.0,
          814.0
        ],
        [
          1027.0,
          816.0
        ],
        [
          1026.0,
          817.0
        ],
        [
          1026.0,
          822.0
        ],
        [
          1028.0,
          824.0
        ],
        [
          1029.0,
          824.0
        ],
        [
          1030.0,
          825.0
        ],
        [
          1032.0,
          825.0
        ],
        [
          1033.0,
          824.0
        ],
        [
          1036.0,
          824.0
        ],
        [
          1037.0,
          823.0
        ],
        [
          1039.0,
          823.0
        ],
        [
          1040.0,
          822.0
        ],
        [
          1042.0,
          822.0
        ],
        [
          1043.0,
          821.0
        ],
        [
          1045.0,
          821.0
        ],
        [
          1046.0,
          820.0
        ],
        [
          1047.0,
          820.0
        ],
        [
          1048.0,
          819.0
        ],
        [
          1049.0,
          819.0
        ],
        [
          1050.0,
          818.0
        ],
        [
          1051.0,
          818.0
        ],
        [
          1052.0,
          817.0
        ],
        [
          1053.0,
          817.0
        ],
        [
          1054.0,
          816.0
        ],
        [
          1055.0,
          816.0
        ],
        [
          1056.0,
          815.0
        ],
        [
          1057.0,
          815.0
        ],
        [
          1058.0,
          814.0
        ],
        [
          1059.0,
          814.0
        ],
        [
          1060.0,
          813.0
        ],
        [
          1061.0,
          813.0
        ],
        [
          1062.0,
          812.0
        ],
        [
          1063.0,
          812.0
        ],
        [
          1065.0,
          810.0
        ],
        [
          1066.0,
          810.0
        ],
        [
          1067.0,
          809.0
        ],
        [
          1068.0,
          809.0
        ],
        [
          1070.0,
          807.0
        ],
        [
          1071.0,
          807.0
        ],
        [
          1074.0,
          804.0
        ],
        [
          1075.0,
          804.0
        ],
        [
          1080.0,
          799.0
        ],
        [
          1081.0,
          799.0
        ],
        [
          1086.0,
          794.0
        ],
        [
          1087.0,
          794.0
        ],
        [
          1092.0,
          789.0
        ],
        [
          1092.0,
          788.0
        ],
        [
          1094.0,
          786.0
        ],
        [
          1094.0,
          785.0
        ],
        [
          1097.0,
          782.0
        ],
        [
          1097.0,
          781.0
        ],
        [
          1106.0,
          772.0
        ],
        [
          1107.0,
          772.0
        ],
        [
          1109.0,
          770.0
        ],
        [
          1109.0,
          769.0
        ],
        [
          1114.0,
          764.0
        ],
        [
          1115.0,
          764.0
        ],
        [
          1117.0,
          762.0
        ],
        [
          1118.0,
          762.0
        ],
        [
          1119.0,
          761.0
        ],
        [
          1120.0,
          761.0
        ],
        [
          1122.0,
          759.0
        ],
        [
          1123.0,
          759.0
        ],
        [
          1125.0,
          757.0
        ],
        [
          1127.0,
          757.0
        ],
        [
          1129.0,
          755.0
        ],
        [
          1130.0,
          755.0
        ],
        [
          1132.0,
          753.0
        ],
        [
          1132.0,
          752.0
        ],
        [
          1137.0,
          747.0
        ],
        [
          1137.0,
          746.0
        ],
        [
          1138.0,
          745.0
        ],
        [
          1138.0,
          741.0
        ],
        [
          1137.0,
          740.0
        ]
      ],
      "group_id": null,
      "description": "",
      "difficult": false,
      "shape_type": "polygon",
      "flags": {},
      "attributes": {},
      "kie_linking": []
    },
    {
      "label": "fish",
      "score": null,
      "points": [
        [
          1664.0,
          556.0
        ],
        [
          1659.0,
          561.0
        ],
        [
          1659.0,
          562.0
        ],
        [
          1658.0,
          563.0
        ],
        [
          1658.0,
          570.0
        ],
        [
          1659.0,
          571.0
        ],
        [
          1659.0,
          572.0
        ],
        [
          1660.0,
          573.0
        ],
        [
          1660.0,
          574.0
        ],
        [
          1662.0,
          576.0
        ],
        [
          1662.0,
          577.0
        ],
        [
          1664.0,
          579.0
        ],
        [
          1664.0,
          580.0
        ],
        [
          1665.0,
          581.0
        ],
        [
          1665.0,
          582.0
        ],
        [
          1666.0,
          583.0
        ],
        [
          1666.0,
          584.0
        ],
        [
          1667.0,
          585.0
        ],
        [
          1667.0,
          586.0
        ],
        [
          1668.0,
          587.0
        ],
        [
          1668.0,
          589.0
        ],
        [
          1669.0,
          590.0
        ],
        [
          1669.0,
          592.0
        ],
        [
          1672.0,
          595.0
        ],
        [
          1673.0,
          595.0
        ],
        [
          1674.0,
          596.0
        ],
        [
          1675.0,
          596.0
        ],
        [
          1695.0,
          616.0
        ],
        [
          1696.0,
          616.0
        ],
        [
          1697.0,
          617.0
        ],
        [
          1697.0,
          618.0
        ],
        [
          1698.0,
          618.0
        ],
        [
          1700.0,
          620.0
        ],
        [
          1701.0,
          620.0
        ],
        [
          1704.0,
          623.0
        ],
        [
          1705.0,
          623.0
        ],
        [
          1706.0,
          622.0
        ],
        [
          1706.0,
          621.0
        ],
        [
          1707.0,
          620.0
        ],
        [
          1707.0,
          610.0
        ],
        [
          1706.0,
          609.0
        ],
        [
          1706.0,
          606.0
        ],
        [
          1705.0,
          605.0
        ],
        [
          1705.0,
          603.0
        ],
        [
          1704.0,
          602.0
        ],
        [
          1704.0,
          599.0
        ],
        [
          1703.0,
          598.0
        ],
        [
          1703.0,
          596.0
        ],
        [
          1702.0,
          595.0
        ],
        [
          1702.0,
          593.0
        ],
        [
          1701.0,
          592.0
        ],
        [
          1701.0,
          591.0
        ],
        [
          1700.0,
          590.0
        ],
        [
          1700.0,
          589.0
        ],
        [
          1699.0,
          588.0
        ],
        [
          1699.0,
          586.0
        ],
        [
          1698.0,
          585.0
        ],
        [
          1698.0,
          584.0
        ],
        [
          1697.0,
          583.0
        ],
        [
          1697.0,
          582.0
        ],
        [
          1696.0,
          581.0
        ],
        [
          1696.0,
          580.0
        ],
        [
          1695.0,
          579.0
        ],
        [
          1695.0,
          578.0
        ],
        [
          1694.0,
          577.0
        ],
        [
          1694.0,
          576.0
        ],
        [
          1693.0,
          575.0
        ],
        [
          1693.0,
          574.0
        ],
        [
          1691.0,
          572.0
        ],
        [
          1691.0,
          571.0
        ],
        [
          1690.0,
          570.0
        ],
        [
          1690.0,
          569.0
        ],
        [
          1689.0,
          568.0
        ],
        [
          1689.0,
          567.0
        ],
        [
          1688.0,
          566.0
        ],
        [
          1688.0,
          565.0
        ],
        [
          1686.0,
          563.0
        ],
        [
          1686.0,
          562.0
        ],
        [
          1684.0,
          560.0
        ],
        [
          1684.0,
          559.0
        ],
        [
          1680.0,
          555.0
        ],
        [
          1679.0,
          555.0
        ],
        [
          1678.0,
          554.0
        ],
        [
          1677.0,
          554.0
        ],
        [
          1676.0,
          553.0
        ],
        [
          1672.0,
          553.0
        ],
        [
          1671.0,
          554.0
        ],
        [
          1668.0,
          554.0
        ],
        [
          1667.0,
          555.0
        ],
        [
          1666.0,
          555.0
        ],
        [
          1665.0,
          556.0
        ]
      ],
      "group_id": null,
      "description": "",
      "difficult": false,
      "shape_type": "polygon",
      "flags": {},
      "attributes": {},
      "kie_linking": []
    },
    {
      "label": "fish",
      "score": null,
      "points": [
        [
          1677.0,
          857.0
        ],
        [
          1676.0,
          857.0
        ],
        [
          1674.0,
          855.0
        ],
        [
          1673.0,
          855.0
        ],
        [
          1672.0,
          854.0
        ],
        [
          1670.0,
          854.0
        ],
        [
          1669.0,
          853.0
        ],
        [
          1668.0,
          853.0
        ],
        [
          1667.0,
          852.0
        ],
        [
          1665.0,
          852.0
        ],
        [
          1664.0,
          851.0
        ],
        [
          1663.0,
          851.0
        ],
        [
          1661.0,
          849.0
        ],
        [
          1659.0,
          849.0
        ],
        [
          1658.0,
          848.0
        ],
        [
          1627.0,
          848.0
        ],
        [
          1626.0,
          849.0
        ],
        [
          1619.0,
          849.0
        ],
        [
          1618.0,
          850.0
        ],
        [
          1613.0,
          850.0
        ],
        [
          1612.0,
          851.0
        ],
        [
          1606.0,
          851.0
        ],
        [
          1605.0,
          852.0
        ],
        [
          1602.0,
          852.0
        ],
        [
          1601.0,
          853.0
        ],
        [
          1599.0,
          853.0
        ],
        [
          1598.0,
          854.0
        ],
        [
          1597.0,
          854.0
        ],
        [
          1596.0,
          855.0
        ],
        [
          1595.0,
          855.0
        ],
        [
          1594.0,
          856.0
        ],
        [
          1593.0,
          856.0
        ],
        [
          1592.0,
          857.0
        ],
        [
          1591.0,
          857.0
        ],
        [
          1590.0,
          858.0
        ],
        [
          1589.0,
          858.0
        ],
        [
          1588.0,
          859.0
        ],
        [
          1586.0,
          859.0
        ],
        [
          1585.0,
          860.0
        ],
        [
          1583.0,
          860.0
        ],
        [
          1582.0,
          861.0
        ],
        [
          1579.0,
          861.0
        ],
        [
          1578.0,
          862.0
        ],
        [
          1574.0,
          862.0
        ],
        [
          1573.0,
          863.0
        ],
        [
          1570.0,
          863.0
        ],
        [
          1569.0,
          864.0
        ],
        [
          1568.0,
          864.0
        ],
        [
          1568.0,
          865.0
        ],
        [
          1569.0,
          866.0
        ],
        [
          1570.0,
          866.0
        ],
        [
          1571.0,
          867.0
        ],
        [
          1574.0,
          867.0
        ],
        [
          1575.0,
          868.0
        ],
        [
          1577.0,
          868.0
        ],
        [
          1578.0,
          869.0
        ],
        [
          1579.0,
          869.0
        ],
        [
          1580.0,
          870.0
        ],
        [
          1581.0,
          870.0
        ],
        [
          1582.0,
          871.0
        ],
        [
          1583.0,
          871.0
        ],
        [
          1584.0,
          872.0
        ],
        [
          1585.0,
          872.0
        ],
        [
          1586.0,
          873.0
        ],
        [
          1591.0,
          873.0
        ],
        [
          1592.0,
          874.0
        ],
        [
          1598.0,
          874.0
        ],
        [
          1599.0,
          875.0
        ],
        [
          1602.0,
          875.0
        ],
        [
          1603.0,
          876.0
        ],
        [
          1605.0,
          876.0
        ],
        [
          1606.0,
          877.0
        ],
        [
          1608.0,
          877.0
        ],
        [
          1609.0,
          878.0
        ],
        [
          1611.0,
          878.0
        ],
        [
          1612.0,
          879.0
        ],
        [
          1614.0,
          879.0
        ],
        [
          1615.0,
          880.0
        ],
        [
          1635.0,
          880.0
        ],
        [
          1636.0,
          879.0
        ],
        [
          1643.0,
          879.0
        ],
        [
          1644.0,
          878.0
        ],
        [
          1648.0,
          878.0
        ],
        [
          1649.0,
          877.0
        ],
        [
          1652.0,
          877.0
        ],
        [
          1653.0,
          876.0
        ],
        [
          1656.0,
          876.0
        ],
        [
          1657.0,
          875.0
        ],
        [
          1658.0,
          875.0
        ],
        [
          1659.0,
          874.0
        ],
        [
          1660.0,
          874.0
        ],
        [
          1661.0,
          873.0
        ],
        [
          1662.0,
          873.0
        ],
        [
          1663.0,
          872.0
        ],
        [
          1664.0,
          872.0
        ],
        [
          1665.0,
          871.0
        ],
        [
          1666.0,
          871.0
        ],
        [
          1667.0,
          870.0
        ],
        [
          1668.0,
          870.0
        ],
        [
          1669.0,
          869.0
        ],
        [
          1670.0,
          869.0
        ],
        [
          1673.0,
          866.0
        ],
        [
          1673.0,
          865.0
        ],
        [
          1675.0,
          863.0
        ],
        [
          1675.0,
          862.0
        ],
        [
          1676.0,
          861.0
        ],
        [
          1676.0,
          860.0
        ],
        [
          1677.0,
          859.0
        ]
      ],
      "group_id": null,
      "description": "",
      "difficult": false,
      "shape_type": "polygon",
      "flags": {},
      "attributes": {},
      "kie_linking": []
    },
    {
      "label": "fish",
      "score": null,
      "points": [
        [
          1503.0,
          864.0
        ],
        [
          1503.0,
          866.0
        ],
        [
          1504.0,
          867.0
        ],
        [
          1505.0,
          867.0
        ],
        [
          1509.0,
          871.0
        ],
        [
          1509.0,
          872.0
        ],
        [
          1519.0,
          882.0
        ],
        [
          1520.0,
          882.0
        ],
        [
          1530.0,
          892.0
        ],
        [
          1530.0,
          893.0
        ],
        [
          1533.0,
          896.0
        ],
        [
          1534.0,
          896.0
        ],
        [
          1535.0,
          897.0
        ],
        [
          1548.0,
          897.0
        ],
        [
          1549.0,
          896.0
        ],
        [
          1556.0,
          896.0
        ],
        [
          1557.0,
          895.0
        ],
        [
          1563.0,
          895.0
        ],
        [
          1564.0,
          894.0
        ],
        [
          1566.0,
          894.0
        ],
        [
          1569.0,
          891.0
        ],
        [
          1569.0,
          890.0
        ],
        [
          1570.0,
          889.0
        ],
        [
          1569.0,
          888.0
        ],
        [
          1569.0,
          887.0
        ],
        [
          1568.0,
          887.0
        ],
        [
          1567.0,
          886.0
        ],
        [
          1566.0,
          886.0
        ],
        [
          1565.0,
          885.0
        ],
        [
          1564.0,
          885.0
        ],
        [
          1563.0,
          884.0
        ],
        [
          1562.0,
          884.0
        ],
        [
          1561.0,
          883.0
        ],
        [
          1560.0,
          883.0
        ],
        [
          1559.0,
          882.0
        ],
        [
          1558.0,
          882.0
        ],
        [
          1554.0,
          878.0
        ],
        [
          1551.0,
          878.0
        ],
        [
          1550.0,
          877.0
        ],
        [
          1545.0,
          877.0
        ],
        [
          1544.0,
          876.0
        ],
        [
          1541.0,
          876.0
        ],
        [
          1540.0,
          875.0
        ],
        [
          1538.0,
          875.0
        ],
        [
          1537.0,
          874.0
        ],
        [
          1536.0,
          874.0
        ],
        [
          1535.0,
          873.0
        ],
        [
          1534.0,
          873.0
        ],
        [
          1533.0,
          872.0
        ],
        [
          1531.0,
          872.0
        ],
        [
          1530.0,
          871.0
        ],
        [
          1528.0,
          871.0
        ],
        [
          1527.0,
          870.0
        ],
        [
          1525.0,
          870.0
        ],
        [
          1524.0,
          869.0
        ],
        [
          1522.0,
          869.0
        ],
        [
          1521.0,
          868.0
        ],
        [
          1520.0,
          868.0
        ],
        [
          1519.0,
          867.0
        ],
        [
          1518.0,
          867.0
        ],
        [
          1516.0,
          865.0
        ],
        [
          1515.0,
          865.0
        ],
        [
          1514.0,
          864.0
        ],
        [
          1512.0,
          864.0
        ],
        [
          1511.0,
          863.0
        ],
        [
          1504.0,
          863.0
        ]
      ],
      "group_id": null,
      "description": "",
      "difficult": false,
      "shape_type": "polygon",
      "flags": {},
      "attributes": {},
      "kie_linking": []
    }
  ],
  "imagePath": "frame_000033.jpg",
  "imageData": null,
  "imageHeight": 1080,
  "imageWidth": 1920
}