{
  "version": "3.1.1",
  "flags": {},
  "shapes": [
    {
      "label": "fish",
      "score": null,
      "points": [
        [
          1467.0,
          173.0
        ],
        [
          1465.0,
          173.0
        ],
        [
          1464.0,
          174.0
        ],
        [
          1463.0,
          174.0
        ],
        [
          1462.0,
          175.0
        ],
        [
          1462.0,
          176.0
        ],
        [
          1460.0,
          178.0
        ],
        [
          1460.0,
          179.0
        ],
        [
          1457.0,
          182.0
        ],
        [
          1457.0,
          183.0
        ],
        [
          1450.0,
          190.0
        ],
        [
          1450.0,
          212.0
        ],
        [
          1449.0,
          213.0
        ],
        [
          1449.0,
          218.0
        ],
        [
          1448.0,
          219.0
        ],
        [
          1448.0,
          223.0
        ],
        [
          1449.0,
          224.0
        ],
        [
          1449.0,
          229.0
        ],
        [
          1450.0,
          230.0
        ],
        [
          1450.0,
          234.0
        ],
        [
          1451.0,
          235.0
        ],
        [
          1451.0,
          242.0
        ],
        [
          1452.0,
          243.0
        ],
        [
          1452.0,
          250.0
        ],
        [
          1453.0,
          251.0
        ],
        [
          1453.0,
          254.0
        ],
        [
          1454.0,
          255.0
        ],
        [
          1454.0,
          258.0
        ],
        [
          1455.0,
          259.0
        ],
        [
          1455.0,
          275.0
        ],
        [
          1454.0,
          276.0
        ],
        [
          1454.0,
          280.0
        ],
        [
          1453.0,
          281.0
        ],
        [
          1453.0,
          298.0
        ],
        [
          1454.0,
          298.0
        ],
        [
          1455.0,
          299.0
        ],
        [
          1457.0,
          299.0
        ],
        [
          1459.0,
          297.0
        ],
        [
          1459.0,
          295.0
        ],
        [
          1460.0,
          294.0
        ],
        [
          1460.0,
          278.0
        ],
        [
          1461.0,
          277.0
        ],
        [
          1461.0,
          272.0
        ],
        [
          1464.0,
          269.0
        ],
        [
          1464.0,
          268.0
        ],
        [
          1466.0,
          266.0
        ],
        [
          1466.0,
          265.0
        ],
        [
          1467.0,
          264.0
        ],
        [
          1467.0,
          263.0
        ],
        [
          1469.0,
          261.0
        ],
        [
          1469.0,
          260.0
        ],
        [
          1471.0,
          257.0
        ],
        [
          1471.0,
          255.0
        ],
        [
          1472.0,
          254.0
        ],
        [
          1472.0,
          252.0
        ],
        [
          1473.0,
          251.0
        ],
        [
          1473.0,
          247.0
        ],
        [
          1474.0,
          246.0
        ],
        [
          1474.0,
          238.0
        ],
        [
          1475.0,
          237.0
        ],
        [
          1475.0,
          230.0
        ],
        [
          1476.0,
          229.0
        ],
        [
          1476.0,
          202.0
        ],
        [
          1475.0,
          201.0
        ],
        [
          1475.0,
          188.0
        ],
        [
          1474.0,
          187.0
        ],
        [
          1474.0,
          181.0
        ],
        [
          1473.0,
          180.0
        ],
        [
          1473.0,
          177.0
        ],
        [
          1472.0,
          176.0
        ],
        [
          1472.0,
          175.0
        ],
        [
          1471.0,
          175.0
        ],
        [
          1470.0,
          174.0
        ],
        [
          1468.0,
          174.0
        ]
      ],
      "group_id": null,
      "description": "",
      "difficult": false,
      "shape_type": "polygon",
      "flags": {},
      "attributes": {},
      "kie_linking": []
    },
    {
      "label": "fish",
      "score": null,
      "points": [
        [
          1497.0,
          226.0
        ],
        [
          1494.0,
          228.0
        ],
        [
          1494.0,
          232.0
        ],
        [
          1493.0,
          233.0
        ],
        [
          1493.0,
          237.0
        ],
        [
          1492.0,
          238.0
        ],
        [
          1492.0,
          240.0
        ],
        [
          1491.0,
          241.0
        ],
        [
          1491.0,
          243.0
        ],
        [
          1490.0,
          244.0
        ],
        [
          1490.0,
          249.0
        ],
        [
          1496.0,
          258.0
        ],
        [
          1496.0,
          260.0
        ],
        [
          1497.0,
          261.0
        ],
        [
          1497.0,
          263.0
        ],
        [
          1498.0,
          264.0
        ],
        [
          1498.0,
          266.0
        ],
        [
          1499.0,
          267.0
        ],
        [
          1499.0,
          269.0
        ],
        [
          1500.0,
          270.0
        ],
        [
          1500.0,
          272.0
        ],
        [
          1501.0,
          273.0
        ],
        [
          1501.0,
          275.0
        ],
        [
          1502.0,
          276.0
        ],
        [
          1502.0,
          277.0
        ],
        [
          1503.0,
          278.0
        ],
        [
          1504.0,
          281.0
        ],
        [
          1507.0,
          284.0
        ],
        [
          1507.0,
          285.0
        ],
        [
          1510.0,
          290.0
        ],
        [
          1510.0,
          292.0
        ],
        [
          1512.0,
          295.0
        ],
        [
          1512.0,
          298.0
        ],
        [
          1513.0,
          299.0
        ],
        [
          1513.0,
          301.0
        ],
        [
          1514.0,
          302.0
        ],
        [
          1514.0,
          305.0
        ],
        [
          1517.0,
          310.0
        ],
        [
          1517.0,
          313.0
        ],
        [
          1518.0,
          314.0
        ],
        [
          1518.0,
          316.0
        ],
        [
          1519.0,
          317.0
        ],
        [
          1519.0,
          328.0
        ],
        [
          1520.0,
          329.0
        ],
        [
          1520.0,
          331.0
        ],
        [
          1521.0,
          332.0
        ],
        [
          1521.0,
          335.0
        ],
        [
          1522.0,
          336.0
        ],
        [
          1522.0,
          339.0
        ],
        [
          1523.0,
          340.0
        ],
        [
          1523.0,
          341.0
        ],
        [
          1524.0,
          342.0
        ],
        [
          1525.0,
          345.0
        ],
        [
          1532.0,
          352.0
        ],
        [
          1535.0,
          353.0
        ],
        [
          1538.0,
          356.0
        ],
        [
          1538.0,
          358.0
        ],
        [
          1539.0,
          359.0
        ],
        [
          1539.0,
          362.0
        ],
        [
          1542.0,
          364.0
        ],
        [
          1544.0,
          364.0
        ],
        [
          1547.0,
          367.0
        ],
        [
          1547.0,
          368.0
        ],
        [
          1548.0,
          369.0
        ],
        [
          1549.0,
          369.0
        ],
        [
          1548.0,
          368.0
        ],
        [
          1548.0,
          364.0
        ],
        [
          1547.0,
          363.0
        ],
        [
          1547.0,
          362.0
        ],
        [
          1544.0,
          361.0
        ],
        [
          1542.0,
          358.0
        ],
        [
          1542.0,
          356.0
        ],
        [
          1541.0,
          355.0
        ],
        [
          1541.0,
          350.0
        ],
        [
          1540.0,
          349.0
        ],
        [
          1540.0,
          347.0
        ],
        [
          1539.0,
          346.0
        ],
        [
          1539.0,
          345.0
        ],
        [
          1538.0,
          344.0
        ],
        [
          1538.0,
          342.0
        ],
        [
          1537.0,
          341.0
        ],
        [
          1537.0,
          337.0
        ],
        [
          1538.0,
          336.0
        ],
        [
          1538.0,
          333.0
        ],
        [
          1537.0,
          332.0
        ],
        [
          1537.0,
          329.0
        ],
        [
          1536.0,
          328.0
        ],
        [
          1536.0,
          322.0
        ],
        [
          1537.0,
          321.0
        ],
        [
          1537.0,
          319.0
        ],
        [
          1538.0,
          318.0
        ],
        [
          1538.0,
          293.0
        ],
        [
          1537.0,
          292.0
        ],
        [
          1537.0,
          280.0
        ],
        [
          1536.0,
          279.0
        ],
        [
          1536.0,
          278.0
        ],
        [
          1535.0,
          277.0
        ],
        [
          1535.0,
          276.0
        ],
        [
          1534.0,
          275.0
        ],
        [
          1533.0,
          272.0
        ],
        [
          1531.0,
          270.0
        ],
        [
          1531.0,
          269.0
        ],
        [
          1528.0,
          264.0
        ],
        [
          1528.0,
          262.0
        ],
        [
          1527.0,
          261.0
        ],
        [
          1527.0,
          259.0
        ],
        [
          1526.0,
          258.0
        ],
        [
          1526.0,
          256.0
        ],
        [
          1525.0,
          255.0
        ],
        [
          1525.0,
          254.0
        ],
        [
          1524.0,
          253.0
        ],
        [
          1523.0,
          250.0
        ],
        [
          1521.0,
          248.0
        ],
        [
          1521.0,
          247.0
        ],
        [
          1520.0,
          246.0
        ],
        [
          1519.0,
          243.0
        ],
        [
          1512.0,
          236.0
        ],
        [
          1512.0,
          235.0
        ],
        [
          1507.0,
          230.0
        ],
        [
          1507.0,
          229.0
        ],
        [
          1503.0,
          225.0
        ],
        [
          1500.0,
          225.0
        ],
        [
          1499.0,
          226.0
        ]
      ],
      "group_id": null,
      "description": "",
      "difficult": false,
      "shape_type": "polygon",
      "flags": {},
      "attributes": {},
      "kie_linking": []
    },
    {
      "label": "fish",
      "score": null,
      "points": [
        [
          1586.0,
          602.0
        ],
        [
          1578.0,
          602.0
        ],
        [
          1573.0,
          607.0
        ],
        [
          1572.0,
          607.0
        ],
        [
          1571.0,
          608.0
        ],
        [
          1570.0,
          608.0
        ],
        [
          1568.0,
          610.0
        ],
        [
          1567.0,
          610.0
        ],
        [
          1565.0,
          612.0
        ],
        [
          1565.0,
          613.0
        ],
        [
          1563.0,
          616.0
        ],
        [
          1563.0,
          618.0
        ],
        [
          1562.0,
          619.0
        ],
        [
          1562.0,
          631.0
        ],
        [
          1561.0,
          632.0
        ],
        [
          1561.0,
          635.0
        ],
        [
          1560.0,
          636.0
        ],
        [
          1560.0,
          638.0
        ],
        [
          1559.0,
          639.0
        ],
        [
          1559.0,
          647.0
        ],
        [
          1558.0,
          648.0
        ],
        [
          1558.0,
          650.0
        ],
        [
          1556.0,
          653.0
        ],
        [
          1556.0,
          655.0
        ],
        [
          1555.0,
          656.0
        ],
        [
          1555.0,
          657.0
        ],
        [
          1554.0,
          658.0
        ],
        [
          1554.0,
          659.0
        ],
        [
          1553.0,
          660.0
        ],
        [
          1553.0,
          661.0
        ],
        [
          1552.0,
          662.0
        ],
        [
          1552.0,
          663.0
        ],
        [
          1549.0,
          666.0
        ],
        [
          1549.0,
          667.0
        ],
        [
          1547.0,
          669.0
        ],
        [
          1547.0,
          671.0
        ],
        [
          1546.0,
          672.0
        ],
        [
          1546.0,
          676.0
        ],
        [
          1545.0,
          677.0
        ],
        [
          1545.0,
          680.0
        ],
        [
          1541.0,
          686.0
        ],
        [
          1541.0,
          690.0
        ],
        [
          1540.0,
          691.0
        ],
        [
          1540.0,
          694.0
        ],
        [
          1539.0,
          695.0
        ],
        [
          1539.0,
          696.0
        ],
        [
          1537.0,
          699.0
        ],
        [
          1537.0,
          701.0
        ],
        [
          1536.0,
          702.0
        ],
        [
          1537.0,
          703.0
        ],
        [
          1537.0,
          709.0
        ],
        [
          1538.0,
          710.0
        ],
        [
          1538.0,
          711.0
        ],
        [
          1540.0,
          713.0
        ],
        [
          1545.0,
          713.0
        ],
        [
          1546.0,
          712.0
        ],
        [
          1548.0,
          712.0
        ],
        [
          1549.0,
          711.0
        ],
        [
          1549.0,
          710.0
        ],
        [
          1555.0,
          704.0
        ],
        [
          1556.0,
          704.0
        ],
        [
          1558.0,
          702.0
        ],
        [
          1559.0,
          702.0
        ],
        [
          1564.0,
          697.0
        ],
        [
          1564.0,
          696.0
        ],
        [
          1565.0,
          695.0
        ],
        [
          1565.0,
          694.0
        ],
        [
          1566.0,
          693.0
        ],
        [
          1566.0,
          692.0
        ],
        [
          1567.0,
          691.0
        ],
        [
          1567.0,
          690.0
        ],
        [
          1569.0,
          688.0
        ],
        [
          1569.0,
          687.0
        ],
        [
          1573.0,
          683.0
        ],
        [
          1573.0,
          682.0
        ],
        [
          1578.0,
          677.0
        ],
        [
          1578.0,
          676.0
        ],
        [
          1580.0,
          674.0
        ],
        [
          1580.0,
          673.0
        ],
        [
          1582.0,
          671.0
        ],
        [
          1582.0,
          670.0
        ],
        [
          1583.0,
          669.0
        ],
        [
          1583.0,
          668.0
        ],
        [
          1585.0,
          666.0
        ],
        [
          1585.0,
          665.0
        ],
        [
          1587.0,
          662.0
        ],
        [
          1587.0,
          657.0
        ],
        [
          1588.0,
          656.0
        ],
        [
          1588.0,
          642.0
        ],
        [
          1589.0,
          641.0
        ],
        [
          1589.0,
          637.0
        ],
        [
          1590.0,
          636.0
        ],
        [
          1590.0,
          616.0
        ],
        [
          1589.0,
          615.0
        ],
        [
          1589.0,
          609.0
        ],
        [
          1588.0,
          608.0
        ],
        [
          1588.0,
          606.0
        ],
        [
          1587.0,
          605.0
        ],
        [
          1587.0,
          604.0
        ],
        [
          1586.0,
          603.0
        ]
      ],
      "group_id": null,
      "description": "",
      "difficult": false,
      "shape_type": "polygon",
      "flags": {},
      "attributes": {},
      "kie_linking": []
    }
  ],
  "imagePath": "frame_000059.jpg",
  "imageData": null,
  "imageHeight": 1080,
  "imageWidth": 1920
}