{
  "version": "3.1.1",
  "flags": {},
  "shapes": [
    {
      "kie_linking": [],
      "label": "fish",
      "score": null,
      "points": [
        [
          1584.0,
          285.0
        ],
        [
          1583.0,
          285.0
        ],
        [
          1582.0,
          284.0
        ],
        [
          1580.0,
          284.0
        ],
        [
          1579.0,
          283.0
        ],
        [
          1576.0,
          283.0
        ],
        [
          1575.0,
          284.0
        ],
        [
          1572.0,
          284.0
        ],
        [
          1571.0,
          285.0
        ],
        [
          1567.0,
          285.0
        ],
        [
          1566.0,
          286.0
        ],
        [
          1562.0,
          286.0
        ],
        [
          1561.0,
          287.0
        ],
        [
          1560.0,
          287.0
        ],
        [
          1558.0,
          289.0
        ],
        [
          1557.0,
          289.0
        ],
        [
          1548.0,
          298.0
        ],
        [
          1547.0,
          298.0
        ],
        [
          1545.0,
          300.0
        ],
        [
          1544.0,
          300.0
        ],
        [
          1540.0,
          304.0
        ],
        [
          1536.0,
          304.0
        ],
        [
          1535.0,
          303.0
        ],
        [
          1534.0,
          303.0
        ],
        [
          1532.0,
          305.0
        ],
        [
          1532.0,
          306.0
        ],
        [
          1530.0,
          308.0
        ],
        [
          1530.0,
          309.0
        ],
        [
          1526.0,
          313.0
        ],
        [
          1526.0,
          314.0
        ],
        [
          1525.0,
          315.0
        ],
        [
          1525.0,
          316.0
        ],
        [
          1524.0,
          317.0
        ],
        [
          1524.0,
          318.0
        ],
        [
          1522.0,
          320.0
        ],
        [
          1522.0,
          321.0
        ],
        [
          1519.0,
          324.0
        ],
        [
          1518.0,
          324.0
        ],
        [
          1518.0,
          325.0
        ],
        [
          1516.0,
          327.0
        ],
        [
          1516.0,
          329.0
        ],
        [
          1515.0,
          330.0
        ],
        [
          1515.0,
          331.0
        ],
        [
          1513.0,
          333.0
        ],
        [
          1513.0,
          334.0
        ],
        [
          1512.0,
          335.0
        ],
        [
          1512.0,
          336.0
        ],
        [
          1511.0,
          337.0
        ],
        [
          1511.0,
          338.0
        ],
        [
          1509.0,
          341.0
        ],
        [
          1509.0,
          344.0
        ],
        [
          1508.0,
          345.0
        ],
        [
          1508.0,
          348.0
        ],
        [
          1507.0,
          349.0
        ],
        [
          1507.0,
          353.0
        ],
        [
          1506.0,
          354.0
        ],
        [
          1506.0,
          373.0
        ],
        [
          1507.0,
          374.0
        ],
        [
          1507.0,
          377.0
        ],
        [
          1508.0,
          378.0
        ],
        [
          1508.0,
          381.0
        ],
        [
          1509.0,
          382.0
        ],
        [
          1509.0,
          384.0
        ],
        [
          1511.0,
          387.0
        ],
        [
          1513.0,
          387.0
        ],
        [
          1516.0,
          385.0
        ],
        [
          1516.0,
          384.0
        ],
        [
          1517.0,
          383.0
        ],
        [
          1517.0,
          379.0
        ],
        [
          1518.0,
          378.0
        ],
        [
          1518.0,
          377.0
        ],
        [
          1519.0,
          376.0
        ],
        [
          1519.0,
          375.0
        ],
        [
          1523.0,
          371.0
        ],
        [
          1524.0,
          371.0
        ],
        [
          1524.0,
          370.0
        ],
        [
          1526.0,
          367.0
        ],
        [
          1526.0,
          364.0
        ],
        [
          1527.0,
          363.0
        ],
        [
          1527.0,
          362.0
        ],
        [
          1529.0,
          360.0
        ],
        [
          1529.0,
          359.0
        ],
        [
          1531.0,
          357.0
        ],
        [
          1532.0,
          357.0
        ],
        [
          1537.0,
          352.0
        ],
        [
          1538.0,
          352.0
        ],
        [
          1540.0,
          350.0
        ],
        [
          1541.0,
          350.0
        ],
        [
          1547.0,
          344.0
        ],
        [
          1548.0,
          344.0
        ],
        [
          1556.0,
          336.0
        ],
        [
          1556.0,
          335.0
        ],
        [
          1563.0,
          328.0
        ],
        [
          1563.0,
          327.0
        ],
        [
          1565.0,
          325.0
        ],
        [
          1565.0,
          324.0
        ],
        [
          1568.0,
          321.0
        ],
        [
          1568.0,
          320.0
        ],
        [
          1571.0,
          317.0
        ],
        [
          1571.0,
          316.0
        ],
        [
          1572.0,
          315.0
        ],
        [
          1572.0,
          314.0
        ],
        [
          1574.0,
          312.0
        ],
        [
          1574.0,
          311.0
        ],
        [
          1576.0,
          309.0
        ],
        [
          1576.0,
          308.0
        ],
        [
          1578.0,
          306.0
        ],
        [
          1578.0,
          305.0
        ],
        [
          1580.0,
          303.0
        ],
        [
          1580.0,
          302.0
        ],
        [
          1581.0,
          301.0
        ],
        [
          1581.0,
          300.0
        ],
        [
          1582.0,
          299.0
        ],
        [
          1582.0,
          298.0
        ],
        [
          1584.0,
          296.0
        ],
        [
          1584.0,
          294.0
        ],
        [
          1585.0,
          293.0
        ],
        [
          1585.0,
          287.0
        ],
        [
          1584.0,
          286.0
        ]
      ],
      "group_id": null,
      "description": "",
      "difficult": false,
      "shape_type": "polygon",
      "flags": {},
      "attributes": {}
    },
    {
      "label": "fish",
      "score": null,
      "points": [
        [
          1121.0,
          843.0
        ],
        [
          1119.0,
          845.0
        ],
        [
          1119.0,
          846.0
        ],
        [
          1118.0,
          847.0
        ],
        [
          1118.0,
          851.0
        ],
        [
          1119.0,
          852.0
        ],
        [
          1120.0,
          852.0
        ],
        [
          1122.0,
          854.0
        ],
        [
          1123.0,
          854.0
        ],
        [
          1124.0,
          855.0
        ],
        [
          1125.0,
          855.0
        ],
        [
          1127.0,
          857.0
        ],
        [
          1128.0,
          857.0
        ],
        [
          1131.0,
          860.0
        ],
        [
          1132.0,
          860.0
        ],
        [
          1134.0,
          862.0
        ],
        [
          1135.0,
          862.0
        ],
        [
          1145.0,
          872.0
        ],
        [
          1145.0,
          873.0
        ],
        [
          1146.0,
          874.0
        ],
        [
          1146.0,
          875.0
        ],
        [
          1147.0,
          876.0
        ],
        [
          1147.0,
          877.0
        ],
        [
          1148.0,
          878.0
        ],
        [
          1148.0,
          879.0
        ],
        [
          1149.0,
          880.0
        ],
        [
          1149.0,
          881.0
        ],
        [
          1151.0,
          883.0
        ],
        [
          1151.0,
          884.0
        ],
        [
          1152.0,
          885.0
        ],
        [
          1152.0,
          886.0
        ],
        [
          1153.0,
          887.0
        ],
        [
          1153.0,
          888.0
        ],
        [
          1154.0,
          889.0
        ],
        [
          1154.0,
          890.0
        ],
        [
          1155.0,
          891.0
        ],
        [
          1155.0,
          892.0
        ],
        [
          1156.0,
          893.0
        ],
        [
          1156.0,
          894.0
        ],
        [
          1157.0,
          895.0
        ],
        [
          1157.0,
          896.0
        ],
        [
          1158.0,
          897.0
        ],
        [
          1158.0,
          898.0
        ],
        [
          1159.0,
          899.0
        ],
        [
          1159.0,
          900.0
        ],
        [
          1160.0,
          901.0
        ],
        [
          1160.0,
          902.0
        ],
        [
          1161.0,
          903.0
        ],
        [
          1161.0,
          904.0
        ],
        [
          1163.0,
          906.0
        ],
        [
          1163.0,
          907.0
        ],
        [
          1167.0,
          911.0
        ],
        [
          1167.0,
          912.0
        ],
        [
          1170.0,
          915.0
        ],
        [
          1170.0,
          916.0
        ],
        [
          1177.0,
          923.0
        ],
        [
          1177.0,
          924.0
        ],
        [
          1182.0,
          929.0
        ],
        [
          1183.0,
          929.0
        ],
        [
          1189.0,
          935.0
        ],
        [
          1190.0,
          935.0
        ],
        [
          1193.0,
          938.0
        ],
        [
          1194.0,
          938.0
        ],
        [
          1196.0,
          940.0
        ],
        [
          1197.0,
          940.0
        ],
        [
          1200.0,
          943.0
        ],
        [
          1201.0,
          943.0
        ],
        [
          1203.0,
          945.0
        ],
        [
          1205.0,
          945.0
        ],
        [
          1206.0,
          946.0
        ],
        [
          1212.0,
          946.0
        ],
        [
          1217.0,
          941.0
        ],
        [
          1217.0,
          935.0
        ],
        [
          1218.0,
          934.0
        ],
        [
          1217.0,
          933.0
        ],
        [
          1217.0,
          932.0
        ],
        [
          1206.0,
          921.0
        ],
        [
          1206.0,
          920.0
        ],
        [
          1204.0,
          918.0
        ],
        [
          1204.0,
          917.0
        ],
        [
          1201.0,
          914.0
        ],
        [
          1201.0,
          913.0
        ],
        [
          1199.0,
          911.0
        ],
        [
          1199.0,
          910.0
        ],
        [
          1198.0,
          909.0
        ],
        [
          1198.0,
          908.0
        ],
        [
          1196.0,
          906.0
        ],
        [
          1196.0,
          905.0
        ],
        [
          1192.0,
          901.0
        ],
        [
          1192.0,
          900.0
        ],
        [
          1186.0,
          894.0
        ],
        [
          1185.0,
          894.0
        ],
        [
          1171.0,
          880.0
        ],
        [
          1170.0,
          880.0
        ],
        [
          1158.0,
          868.0
        ],
        [
          1158.0,
          867.0
        ],
        [
          1153.0,
          862.0
        ],
        [
          1152.0,
          862.0
        ],
        [
          1147.0,
          857.0
        ],
        [
          1146.0,
          857.0
        ],
        [
          1143.0,
          854.0
        ],
        [
          1142.0,
          854.0
        ],
        [
          1141.0,
          853.0
        ],
        [
          1140.0,
          853.0
        ],
        [
          1135.0,
          848.0
        ],
        [
          1133.0,
          848.0
        ],
        [
          1131.0,
          846.0
        ],
        [
          1130.0,
          846.0
        ],
        [
          1128.0,
          844.0
        ],
        [
          1124.0,
          844.0
        ],
        [
          1123.0,
          843.0
        ]
      ],
      "group_id": null,
      "description": "",
      "difficult": false,
      "shape_type": "polygon",
      "flags": {},
      "attributes": {},
      "kie_linking": []
    },
    {
      "label": "fish",
      "score": null,
      "points": [
        [
          1596.0,
          765.0
        ],
        [
          1594.0,
          767.0
        ],
        [
          1594.0,
          768.0
        ],
        [
          1593.0,
          769.0
        ],
        [
          1593.0,
          771.0
        ],
        [
          1592.0,
          772.0
        ],
        [
          1592.0,
          774.0
        ],
        [
          1591.0,
          775.0
        ],
        [
          1591.0,
          784.0
        ],
        [
          1609.0,
          802.0
        ],
        [
          1610.0,
          802.0
        ],
        [
          1613.0,
          805.0
        ],
        [
          1614.0,
          805.0
        ],
        [
          1616.0,
          807.0
        ],
        [
          1617.0,
          807.0
        ],
        [
          1621.0,
          811.0
        ],
        [
          1621.0,
          812.0
        ],
        [
          1624.0,
          815.0
        ],
        [
          1625.0,
          815.0
        ],
        [
          1626.0,
          816.0
        ],
        [
          1627.0,
          816.0
        ],
        [
          1629.0,
          818.0
        ],
        [
          1630.0,
          818.0
        ],
        [
          1631.0,
          819.0
        ],
        [
          1632.0,
          819.0
        ],
        [
          1634.0,
          821.0
        ],
        [
          1635.0,
          821.0
        ],
        [
          1636.0,
          822.0
        ],
        [
          1637.0,
          822.0
        ],
        [
          1638.0,
          823.0
        ],
        [
          1640.0,
          823.0
        ],
        [
          1641.0,
          824.0
        ],
        [
          1642.0,
          824.0
        ],
        [
          1643.0,
          825.0
        ],
        [
          1644.0,
          825.0
        ],
        [
          1645.0,
          826.0
        ],
        [
          1646.0,
          826.0
        ],
        [
          1648.0,
          828.0
        ],
        [
          1649.0,
          828.0
        ],
        [
          1650.0,
          829.0
        ],
        [
          1651.0,
          829.0
        ],
        [
          1652.0,
          830.0
        ],
        [
          1659.0,
          830.0
        ],
        [
          1660.0,
          829.0
        ],
        [
          1660.0,
          827.0
        ],
        [
          1657.0,
          824.0
        ],
        [
          1657.0,
          821.0
        ],
        [
          1656.0,
          820.0
        ],
        [
          1656.0,
          817.0
        ],
        [
          1655.0,
          816.0
        ],
        [
          1655.0,
          813.0
        ],
        [
          1654.0,
          812.0
        ],
        [
          1654.0,
          808.0
        ],
        [
          1653.0,
          807.0
        ],
        [
          1653.0,
          806.0
        ],
        [
          1647.0,
          800.0
        ],
        [
          1647.0,
          799.0
        ],
        [
          1639.0,
          791.0
        ],
        [
          1639.0,
          790.0
        ],
        [
          1634.0,
          785.0
        ],
        [
          1634.0,
          784.0
        ],
        [
          1623.0,
          773.0
        ],
        [
          1622.0,
          773.0
        ],
        [
          1621.0,
          772.0
        ],
        [
          1620.0,
          772.0
        ],
        [
          1617.0,
          769.0
        ],
        [
          1616.0,
          769.0
        ],
        [
          1613.0,
          766.0
        ],
        [
          1612.0,
          766.0
        ],
        [
          1611.0,
          765.0
        ],
        [
          1610.0,
          765.0
        ],
        [
          1609.0,
          764.0
        ],
        [
          1605.0,
          764.0
        ],
        [
          1604.0,
          763.0
        ],
        [
          1601.0,
          763.0
        ],
        [
          1600.0,
          764.0
        ],
        [
          1598.0,
          764.0
        ],
        [
          1597.0,
          765.0
        ]
      ],
      "group_id": null,
      "description": "",
      "difficult": false,
      "shape_type": "polygon",
      "flags": {},
      "attributes": {},
      "kie_linking": []
    },
    {
      "label": "fish",
      "score": null,
      "points": [
        [
          1754.0,
          845.0
        ],
        [
          1752.0,
          843.0
        ],
        [
          1737.0,
          843.0
        ],
        [
          1736.0,
          842.0
        ],
        [
          1735.0,
          843.0
        ],
        [
          1730.0,
          843.0
        ],
        [
          1729.0,
          844.0
        ],
        [
          1725.0,
          844.0
        ],
        [
          1724.0,
          845.0
        ],
        [
          1721.0,
          845.0
        ],
        [
          1720.0,
          846.0
        ],
        [
          1719.0,
          846.0
        ],
        [
          1718.0,
          847.0
        ],
        [
          1717.0,
          847.0
        ],
        [
          1714.0,
          849.0
        ],
        [
          1712.0,
          849.0
        ],
        [
          1711.0,
          850.0
        ],
        [
          1709.0,
          850.0
        ],
        [
          1708.0,
          851.0
        ],
        [
          1707.0,
          851.0
        ],
        [
          1706.0,
          852.0
        ],
        [
          1705.0,
          852.0
        ],
        [
          1704.0,
          853.0
        ],
        [
          1703.0,
          853.0
        ],
        [
          1702.0,
          854.0
        ],
        [
          1701.0,
          854.0
        ],
        [
          1700.0,
          855.0
        ],
        [
          1699.0,
          855.0
        ],
        [
          1698.0,
          856.0
        ],
        [
          1697.0,
          856.0
        ],
        [
          1696.0,
          857.0
        ],
        [
          1695.0,
          857.0
        ],
        [
          1694.0,
          858.0
        ],
        [
          1693.0,
          858.0
        ],
        [
          1692.0,
          859.0
        ],
        [
          1691.0,
          859.0
        ],
        [
          1690.0,
          860.0
        ],
        [
          1689.0,
          860.0
        ],
        [
          1686.0,
          862.0
        ],
        [
          1684.0,
          862.0
        ],
        [
          1683.0,
          863.0
        ],
        [
          1682.0,
          863.0
        ],
        [
          1681.0,
          864.0
        ],
        [
          1680.0,
          864.0
        ],
        [
          1678.0,
          866.0
        ],
        [
          1677.0,
          866.0
        ],
        [
          1674.0,
          869.0
        ],
        [
          1673.0,
          869.0
        ],
        [
          1670.0,
          872.0
        ],
        [
          1669.0,
          872.0
        ],
        [
          1666.0,
          875.0
        ],
        [
          1665.0,
          875.0
        ],
        [
          1664.0,
          876.0
        ],
        [
          1663.0,
          876.0
        ],
        [
          1662.0,
          877.0
        ],
        [
          1661.0,
          877.0
        ],
        [
          1660.0,
          878.0
        ],
        [
          1659.0,
          878.0
        ],
        [
          1655.0,
          882.0
        ],
        [
          1654.0,
          882.0
        ],
        [
          1646.0,
          890.0
        ],
        [
          1646.0,
          891.0
        ],
        [
          1643.0,
          894.0
        ],
        [
          1643.0,
          895.0
        ],
        [
          1642.0,
          896.0
        ],
        [
          1642.0,
          901.0
        ],
        [
          1641.0,
          902.0
        ],
        [
          1641.0,
          903.0
        ],
        [
          1642.0,
          904.0
        ],
        [
          1642.0,
          905.0
        ],
        [
          1644.0,
          907.0
        ],
        [
          1646.0,
          907.0
        ],
        [
          1647.0,
          906.0
        ],
        [
          1648.0,
          906.0
        ],
        [
          1649.0,
          905.0
        ],
        [
          1651.0,
          905.0
        ],
        [
          1652.0,
          904.0
        ],
        [
          1653.0,
          904.0
        ],
        [
          1654.0,
          903.0
        ],
        [
          1655.0,
          903.0
        ],
        [
          1658.0,
          901.0
        ],
        [
          1660.0,
          901.0
        ],
        [
          1661.0,
          900.0
        ],
        [
          1665.0,
          900.0
        ],
        [
          1666.0,
          899.0
        ],
        [
          1669.0,
          899.0
        ],
        [
          1670.0,
          898.0
        ],
        [
          1672.0,
          898.0
        ],
        [
          1675.0,
          896.0
        ],
        [
          1679.0,
          896.0
        ],
        [
          1680.0,
          895.0
        ],
        [
          1690.0,
          895.0
        ],
        [
          1691.0,
          894.0
        ],
        [
          1693.0,
          894.0
        ],
        [
          1694.0,
          893.0
        ],
        [
          1696.0,
          893.0
        ],
        [
          1697.0,
          892.0
        ],
        [
          1701.0,
          892.0
        ],
        [
          1702.0,
          891.0
        ],
        [
          1704.0,
          891.0
        ],
        [
          1705.0,
          890.0
        ],
        [
          1707.0,
          890.0
        ],
        [
          1709.0,
          888.0
        ],
        [
          1710.0,
          888.0
        ],
        [
          1711.0,
          887.0
        ],
        [
          1712.0,
          887.0
        ],
        [
          1713.0,
          886.0
        ],
        [
          1714.0,
          886.0
        ],
        [
          1715.0,
          885.0
        ],
        [
          1716.0,
          885.0
        ],
        [
          1717.0,
          884.0
        ],
        [
          1718.0,
          884.0
        ],
        [
          1719.0,
          883.0
        ],
        [
          1720.0,
          883.0
        ],
        [
          1726.0,
          877.0
        ],
        [
          1727.0,
          877.0
        ],
        [
          1728.0,
          876.0
        ],
        [
          1729.0,
          876.0
        ],
        [
          1731.0,
          874.0
        ],
        [
          1732.0,
          874.0
        ],
        [
          1743.0,
          863.0
        ],
        [
          1744.0,
          863.0
        ],
        [
          1750.0,
          857.0
        ],
        [
          1751.0,
          857.0
        ],
        [
          1752.0,
          856.0
        ],
        [
          1752.0,
          855.0
        ],
        [
          1754.0,
          853.0
        ]
      ],
      "group_id": null,
      "description": "",
      "difficult": false,
      "shape_type": "polygon",
      "flags": {},
      "attributes": {},
      "kie_linking": []
    }
  ],
  "imagePath": "frame_000038.jpg",
  "imageData": null,
  "imageHeight": 1080,
  "imageWidth": 1920,
  "description": ""
}