{
  "version": "3.1.1",
  "flags": {},
  "shapes": [
    {
      "label": "fish",
      "score": null,
      "points": [
        [
          1564.0,
          137.0
        ],
        [
          1562.0,
          135.0
        ],
        [
          1561.0,
          135.0
        ],
        [
          1560.0,
          134.0
        ],
        [
          1554.0,
          134.0
        ],
        [
          1553.0,
          135.0
        ],
        [
          1552.0,
          135.0
        ],
        [
          1551.0,
          136.0
        ],
        [
          1550.0,
          136.0
        ],
        [
          1547.0,
          138.0
        ],
        [
          1542.0,
          138.0
        ],
        [
          1541.0,
          139.0
        ],
        [
          1538.0,
          140.0
        ],
        [
          1534.0,
          144.0
        ],
        [
          1533.0,
          144.0
        ],
        [
          1531.0,
          146.0
        ],
        [
          1531.0,
          147.0
        ],
        [
          1530.0,
          148.0
        ],
        [
          1529.0,
          148.0
        ],
        [
          1526.0,
          151.0
        ],
        [
          1525.0,
          151.0
        ],
        [
          1518.0,
          158.0
        ],
        [
          1517.0,
          158.0
        ],
        [
          1508.0,
          167.0
        ],
        [
          1508.0,
          168.0
        ],
        [
          1506.0,
          170.0
        ],
        [
          1506.0,
          171.0
        ],
        [
          1504.0,
          173.0
        ],
        [
          1503.0,
          173.0
        ],
        [
          1502.0,
          174.0
        ],
        [
          1501.0,
          177.0
        ],
        [
          1494.0,
          184.0
        ],
        [
          1494.0,
          185.0
        ],
        [
          1491.0,
          188.0
        ],
        [
          1491.0,
          189.0
        ],
        [
          1486.0,
          194.0
        ],
        [
          1486.0,
          195.0
        ],
        [
          1483.0,
          198.0
        ],
        [
          1483.0,
          199.0
        ],
        [
          1479.0,
          203.0
        ],
        [
          1479.0,
          204.0
        ],
        [
          1477.0,
          206.0
        ],
        [
          1477.0,
          207.0
        ],
        [
          1470.0,
          214.0
        ],
        [
          1470.0,
          215.0
        ],
        [
          1467.0,
          218.0
        ],
        [
          1466.0,
          218.0
        ],
        [
          1465.0,
          219.0
        ],
        [
          1465.0,
          220.0
        ],
        [
          1464.0,
          221.0
        ],
        [
          1463.0,
          224.0
        ],
        [
          1461.0,
          226.0
        ],
        [
          1458.0,
          227.0
        ],
        [
          1457.0,
          228.0
        ],
        [
          1456.0,
          231.0
        ],
        [
          1454.0,
          233.0
        ],
        [
          1453.0,
          233.0
        ],
        [
          1450.0,
          235.0
        ],
        [
          1450.0,
          238.0
        ],
        [
          1451.0,
          239.0
        ],
        [
          1453.0,
          239.0
        ],
        [
          1454.0,
          238.0
        ],
        [
          1457.0,
          238.0
        ],
        [
          1459.0,
          236.0
        ],
        [
          1460.0,
          233.0
        ],
        [
          1463.0,
          230.0
        ],
        [
          1465.0,
          230.0
        ],
        [
          1466.0,
          229.0
        ],
        [
          1467.0,
          229.0
        ],
        [
          1467.0,
          228.0
        ],
        [
          1471.0,
          224.0
        ],
        [
          1472.0,
          224.0
        ],
        [
          1473.0,
          223.0
        ],
        [
          1474.0,
          223.0
        ],
        [
          1475.0,
          222.0
        ],
        [
          1476.0,
          222.0
        ],
        [
          1477.0,
          221.0
        ],
        [
          1480.0,
          220.0
        ],
        [
          1483.0,
          217.0
        ],
        [
          1484.0,
          217.0
        ],
        [
          1489.0,
          212.0
        ],
        [
          1490.0,
          212.0
        ],
        [
          1495.0,
          207.0
        ],
        [
          1498.0,
          206.0
        ],
        [
          1500.0,
          204.0
        ],
        [
          1501.0,
          204.0
        ],
        [
          1502.0,
          203.0
        ],
        [
          1504.0,
          203.0
        ],
        [
          1505.0,
          202.0
        ],
        [
          1506.0,
          202.0
        ],
        [
          1509.0,
          200.0
        ],
        [
          1511.0,
          200.0
        ],
        [
          1512.0,
          199.0
        ],
        [
          1513.0,
          199.0
        ],
        [
          1514.0,
          198.0
        ],
        [
          1517.0,
          197.0
        ],
        [
          1519.0,
          195.0
        ],
        [
          1520.0,
          195.0
        ],
        [
          1521.0,
          194.0
        ],
        [
          1524.0,
          193.0
        ],
        [
          1544.0,
          173.0
        ],
        [
          1544.0,
          172.0
        ],
        [
          1546.0,
          170.0
        ],
        [
          1547.0,
          170.0
        ],
        [
          1548.0,
          169.0
        ],
        [
          1548.0,
          168.0
        ],
        [
          1551.0,
          165.0
        ],
        [
          1551.0,
          164.0
        ],
        [
          1555.0,
          160.0
        ],
        [
          1555.0,
          159.0
        ],
        [
          1557.0,
          157.0
        ],
        [
          1557.0,
          156.0
        ],
        [
          1559.0,
          154.0
        ],
        [
          1559.0,
          153.0
        ],
        [
          1561.0,
          151.0
        ],
        [
          1561.0,
          150.0
        ],
        [
          1563.0,
          148.0
        ],
        [
          1563.0,
          147.0
        ],
        [
          1564.0,
          146.0
        ]
      ],
      "group_id": null,
      "description": "",
      "difficult": false,
      "shape_type": "polygon",
      "flags": {},
      "attributes": {},
      "kie_linking": []
    },
    {
      "label": "fish",
      "score": null,
      "points": [
        [
          1666.0,
          92.0
        ],
        [
          1665.0,
          91.0
        ],
        [
          1665.0,
          90.0
        ],
        [
          1661.0,
          86.0
        ],
        [
          1657.0,
          86.0
        ],
        [
          1656.0,
          85.0
        ],
        [
          1645.0,
          85.0
        ],
        [
          1644.0,
          86.0
        ],
        [
          1643.0,
          86.0
        ],
        [
          1640.0,
          89.0
        ],
        [
          1639.0,
          89.0
        ],
        [
          1637.0,
          91.0
        ],
        [
          1636.0,
          91.0
        ],
        [
          1632.0,
          95.0
        ],
        [
          1631.0,
          95.0
        ],
        [
          1630.0,
          96.0
        ],
        [
          1629.0,
          96.0
        ],
        [
          1628.0,
          97.0
        ],
        [
          1627.0,
          97.0
        ],
        [
          1626.0,
          98.0
        ],
        [
          1625.0,
          98.0
        ],
        [
          1623.0,
          100.0
        ],
        [
          1622.0,
          100.0
        ],
        [
          1620.0,
          102.0
        ],
        [
          1619.0,
          102.0
        ],
        [
          1618.0,
          103.0
        ],
        [
          1617.0,
          103.0
        ],
        [
          1616.0,
          104.0
        ],
        [
          1612.0,
          104.0
        ],
        [
          1611.0,
          105.0
        ],
        [
          1609.0,
          105.0
        ],
        [
          1608.0,
          106.0
        ],
        [
          1607.0,
          106.0
        ],
        [
          1606.0,
          107.0
        ],
        [
          1606.0,
          108.0
        ],
        [
          1601.0,
          113.0
        ],
        [
          1600.0,
          113.0
        ],
        [
          1597.0,
          116.0
        ],
        [
          1596.0,
          116.0
        ],
        [
          1595.0,
          117.0
        ],
        [
          1594.0,
          117.0
        ],
        [
          1593.0,
          118.0
        ],
        [
          1592.0,
          118.0
        ],
        [
          1591.0,
          119.0
        ],
        [
          1590.0,
          119.0
        ],
        [
          1589.0,
          120.0
        ],
        [
          1587.0,
          120.0
        ],
        [
          1586.0,
          121.0
        ],
        [
          1584.0,
          121.0
        ],
        [
          1583.0,
          122.0
        ],
        [
          1582.0,
          122.0
        ],
        [
          1580.0,
          124.0
        ],
        [
          1581.0,
          125.0
        ],
        [
          1583.0,
          125.0
        ],
        [
          1584.0,
          126.0
        ],
        [
          1597.0,
          126.0
        ],
        [
          1598.0,
          125.0
        ],
        [
          1602.0,
          125.0
        ],
        [
          1603.0,
          124.0
        ],
        [
          1605.0,
          124.0
        ],
        [
          1606.0,
          123.0
        ],
        [
          1609.0,
          123.0
        ],
        [
          1610.0,
          122.0
        ],
        [
          1615.0,
          122.0
        ],
        [
          1616.0,
          121.0
        ],
        [
          1621.0,
          121.0
        ],
        [
          1622.0,
          120.0
        ],
        [
          1627.0,
          120.0
        ],
        [
          1628.0,
          119.0
        ],
        [
          1631.0,
          119.0
        ],
        [
          1632.0,
          118.0
        ],
        [
          1634.0,
          118.0
        ],
        [
          1635.0,
          117.0
        ],
        [
          1636.0,
          117.0
        ],
        [
          1637.0,
          116.0
        ],
        [
          1639.0,
          116.0
        ],
        [
          1640.0,
          115.0
        ],
        [
          1641.0,
          115.0
        ],
        [
          1642.0,
          114.0
        ],
        [
          1644.0,
          114.0
        ],
        [
          1645.0,
          113.0
        ],
        [
          1646.0,
          113.0
        ],
        [
          1648.0,
          111.0
        ],
        [
          1649.0,
          111.0
        ],
        [
          1651.0,
          109.0
        ],
        [
          1652.0,
          109.0
        ],
        [
          1655.0,
          106.0
        ],
        [
          1655.0,
          105.0
        ],
        [
          1660.0,
          100.0
        ],
        [
          1660.0,
          99.0
        ],
        [
          1665.0,
          94.0
        ],
        [
          1665.0,
          93.0
        ]
      ],
      "group_id": null,
      "description": "",
      "difficult": false,
      "shape_type": "polygon",
      "flags": {},
      "attributes": {},
      "kie_linking": []
    },
    {
      "label": "fish",
      "score": null,
      "points": [
        [
          1563.0,
          624.0
        ],
        [
          1563.0,
          625.0
        ],
        [
          1565.0,
          627.0
        ],
        [
          1566.0,
          627.0
        ],
        [
          1569.0,
          630.0
        ],
        [
          1570.0,
          630.0
        ],
        [
          1571.0,
          631.0
        ],
        [
          1571.0,
          632.0
        ],
        [
          1574.0,
          635.0
        ],
        [
          1575.0,
          635.0
        ],
        [
          1578.0,
          638.0
        ],
        [
          1579.0,
          638.0
        ],
        [
          1587.0,
          646.0
        ],
        [
          1588.0,
          646.0
        ],
        [
          1589.0,
          647.0
        ],
        [
          1589.0,
          648.0
        ],
        [
          1624.0,
          683.0
        ],
        [
          1625.0,
          683.0
        ],
        [
          1627.0,
          685.0
        ],
        [
          1628.0,
          685.0
        ],
        [
          1629.0,
          686.0
        ],
        [
          1631.0,
          686.0
        ],
        [
          1632.0,
          687.0
        ],
        [
          1637.0,
          687.0
        ],
        [
          1638.0,
          688.0
        ],
        [
          1641.0,
          688.0
        ],
        [
          1642.0,
          689.0
        ],
        [
          1648.0,
          689.0
        ],
        [
          1651.0,
          686.0
        ],
        [
          1651.0,
          682.0
        ],
        [
          1650.0,
          681.0
        ],
        [
          1650.0,
          678.0
        ],
        [
          1649.0,
          677.0
        ],
        [
          1649.0,
          676.0
        ],
        [
          1648.0,
          675.0
        ],
        [
          1648.0,
          674.0
        ],
        [
          1647.0,
          673.0
        ],
        [
          1647.0,
          672.0
        ],
        [
          1646.0,
          671.0
        ],
        [
          1646.0,
          670.0
        ],
        [
          1641.0,
          665.0
        ],
        [
          1641.0,
          664.0
        ],
        [
          1639.0,
          662.0
        ],
        [
          1639.0,
          661.0
        ],
        [
          1631.0,
          653.0
        ],
        [
          1630.0,
          653.0
        ],
        [
          1628.0,
          651.0
        ],
        [
          1627.0,
          651.0
        ],
        [
          1626.0,
          650.0
        ],
        [
          1625.0,
          650.0
        ],
        [
          1623.0,
          648.0
        ],
        [
          1622.0,
          648.0
        ],
        [
          1620.0,
          646.0
        ],
        [
          1619.0,
          646.0
        ],
        [
          1617.0,
          644.0
        ],
        [
          1616.0,
          644.0
        ],
        [
          1615.0,
          643.0
        ],
        [
          1614.0,
          643.0
        ],
        [
          1613.0,
          642.0
        ],
        [
          1612.0,
          642.0
        ],
        [
          1611.0,
          641.0
        ],
        [
          1610.0,
          641.0
        ],
        [
          1609.0,
          640.0
        ],
        [
          1608.0,
          640.0
        ],
        [
          1607.0,
          639.0
        ],
        [
          1605.0,
          639.0
        ],
        [
          1604.0,
          638.0
        ],
        [
          1603.0,
          638.0
        ],
        [
          1602.0,
          637.0
        ],
        [
          1601.0,
          637.0
        ],
        [
          1600.0,
          636.0
        ],
        [
          1598.0,
          636.0
        ],
        [
          1597.0,
          635.0
        ],
        [
          1596.0,
          635.0
        ],
        [
          1595.0,
          634.0
        ],
        [
          1594.0,
          634.0
        ],
        [
          1593.0,
          633.0
        ],
        [
          1592.0,
          633.0
        ],
        [
          1590.0,
          631.0
        ],
        [
          1589.0,
          631.0
        ],
        [
          1588.0,
          630.0
        ],
        [
          1587.0,
          630.0
        ],
        [
          1586.0,
          629.0
        ],
        [
          1585.0,
          629.0
        ],
        [
          1584.0,
          628.0
        ],
        [
          1581.0,
          628.0
        ],
        [
          1580.0,
          627.0
        ],
        [
          1579.0,
          627.0
        ],
        [
          1578.0,
          626.0
        ],
        [
          1577.0,
          626.0
        ],
        [
          1576.0,
          625.0
        ],
        [
          1575.0,
          625.0
        ],
        [
          1574.0,
          624.0
        ],
        [
          1572.0,
          624.0
        ],
        [
          1571.0,
          623.0
        ],
        [
          1564.0,
          623.0
        ]
      ],
      "group_id": null,
      "description": "",
      "difficult": false,
      "shape_type": "polygon",
      "flags": {},
      "attributes": {},
      "kie_linking": []
    },
    {
      "label": "fish",
      "score": null,
      "points": [
        [
          1490.0,
          607.0
        ],
        [
          1488.0,
          609.0
        ],
        [
          1488.0,
          611.0
        ],
        [
          1487.0,
          612.0
        ],
        [
          1487.0,
          615.0
        ],
        [
          1486.0,
          616.0
        ],
        [
          1486.0,
          619.0
        ],
        [
          1485.0,
          620.0
        ],
        [
          1485.0,
          623.0
        ],
        [
          1484.0,
          624.0
        ],
        [
          1484.0,
          627.0
        ],
        [
          1485.0,
          628.0
        ],
        [
          1485.0,
          630.0
        ],
        [
          1486.0,
          631.0
        ],
        [
          1486.0,
          633.0
        ],
        [
          1487.0,
          634.0
        ],
        [
          1488.0,
          637.0
        ],
        [
          1490.0,
          639.0
        ],
        [
          1490.0,
          640.0
        ],
        [
          1491.0,
          641.0
        ],
        [
          1492.0,
          644.0
        ],
        [
          1494.0,
          646.0
        ],
        [
          1494.0,
          647.0
        ],
        [
          1496.0,
          649.0
        ],
        [
          1496.0,
          650.0
        ],
        [
          1498.0,
          652.0
        ],
        [
          1498.0,
          653.0
        ],
        [
          1500.0,
          656.0
        ],
        [
          1500.0,
          658.0
        ],
        [
          1501.0,
          659.0
        ],
        [
          1501.0,
          661.0
        ],
        [
          1502.0,
          662.0
        ],
        [
          1502.0,
          664.0
        ],
        [
          1503.0,
          665.0
        ],
        [
          1503.0,
          666.0
        ],
        [
          1504.0,
          667.0
        ],
        [
          1505.0,
          670.0
        ],
        [
          1508.0,
          673.0
        ],
        [
          1509.0,
          676.0
        ],
        [
          1515.0,
          683.0
        ],
        [
          1516.0,
          686.0
        ],
        [
          1519.0,
          689.0
        ],
        [
          1519.0,
          690.0
        ],
        [
          1522.0,
          693.0
        ],
        [
          1522.0,
          694.0
        ],
        [
          1540.0,
          712.0
        ],
        [
          1541.0,
          712.0
        ],
        [
          1544.0,
          715.0
        ],
        [
          1544.0,
          716.0
        ],
        [
          1545.0,
          717.0
        ],
        [
          1546.0,
          717.0
        ],
        [
          1548.0,
          719.0
        ],
        [
          1549.0,
          719.0
        ],
        [
          1555.0,
          725.0
        ],
        [
          1557.0,
          725.0
        ],
        [
          1558.0,
          726.0
        ],
        [
          1560.0,
          726.0
        ],
        [
          1561.0,
          727.0
        ],
        [
          1562.0,
          727.0
        ],
        [
          1563.0,
          728.0
        ],
        [
          1565.0,
          728.0
        ],
        [
          1570.0,
          731.0
        ],
        [
          1574.0,
          731.0
        ],
        [
          1575.0,
          732.0
        ],
        [
          1582.0,
          732.0
        ],
        [
          1583.0,
          733.0
        ],
        [
          1584.0,
          733.0
        ],
        [
          1584.0,
          731.0
        ],
        [
          1582.0,
          731.0
        ],
        [
          1581.0,
          730.0
        ],
        [
          1579.0,
          730.0
        ],
        [
          1578.0,
          729.0
        ],
        [
          1569.0,
          729.0
        ],
        [
          1568.0,
          728.0
        ],
        [
          1567.0,
          728.0
        ],
        [
          1566.0,
          727.0
        ],
        [
          1566.0,
          724.0
        ],
        [
          1565.0,
          723.0
        ],
        [
          1565.0,
          722.0
        ],
        [
          1564.0,
          721.0
        ],
        [
          1563.0,
          721.0
        ],
        [
          1559.0,
          717.0
        ],
        [
          1558.0,
          714.0
        ],
        [
          1555.0,
          711.0
        ],
        [
          1554.0,
          711.0
        ],
        [
          1552.0,
          709.0
        ],
        [
          1552.0,
          703.0
        ],
        [
          1553.0,
          702.0
        ],
        [
          1553.0,
          699.0
        ],
        [
          1550.0,
          698.0
        ],
        [
          1546.0,
          694.0
        ],
        [
          1546.0,
          692.0
        ],
        [
          1544.0,
          689.0
        ],
        [
          1544.0,
          686.0
        ],
        [
          1543.0,
          685.0
        ],
        [
          1543.0,
          680.0
        ],
        [
          1542.0,
          679.0
        ],
        [
          1542.0,
          675.0
        ],
        [
          1541.0,
          674.0
        ],
        [
          1541.0,
          671.0
        ],
        [
          1540.0,
          670.0
        ],
        [
          1540.0,
          668.0
        ],
        [
          1539.0,
          667.0
        ],
        [
          1539.0,
          665.0
        ],
        [
          1538.0,
          664.0
        ],
        [
          1537.0,
          661.0
        ],
        [
          1534.0,
          658.0
        ],
        [
          1534.0,
          657.0
        ],
        [
          1530.0,
          652.0
        ],
        [
          1530.0,
          651.0
        ],
        [
          1528.0,
          648.0
        ],
        [
          1528.0,
          646.0
        ],
        [
          1527.0,
          645.0
        ],
        [
          1527.0,
          644.0
        ],
        [
          1525.0,
          642.0
        ],
        [
          1525.0,
          641.0
        ],
        [
          1524.0,
          640.0
        ],
        [
          1524.0,
          639.0
        ],
        [
          1521.0,
          634.0
        ],
        [
          1521.0,
          632.0
        ],
        [
          1519.0,
          630.0
        ],
        [
          1519.0,
          629.0
        ],
        [
          1517.0,
          627.0
        ],
        [
          1517.0,
          626.0
        ],
        [
          1504.0,
          613.0
        ],
        [
          1504.0,
          612.0
        ],
        [
          1500.0,
          608.0
        ],
        [
          1499.0,
          608.0
        ],
        [
          1496.0,
          606.0
        ],
        [
          1492.0,
          606.0
        ],
        [
          1491.0,
          607.0
        ]
      ],
      "group_id": null,
      "description": "",
      "difficult": false,
      "shape_type": "polygon",
      "flags": {},
      "attributes": {},
      "kie_linking": []
    }
  ],
  "imagePath": "frame_000048.jpg",
  "imageData": null,
  "imageHeight": 1080,
  "imageWidth": 1920
}