{
  "version": "3.1.1",
  "flags": {},
  "shapes": [
    {
      "label": "fish",
      "score": null,
      "points": [
        [
          1485.0,
          87.0
        ],
        [
          1476.0,
          87.0
        ],
        [
          1475.0,
          88.0
        ],
        [
          1472.0,
          89.0
        ],
        [
          1468.0,
          93.0
        ],
        [
          1468.0,
          94.0
        ],
        [
          1466.0,
          96.0
        ],
        [
          1466.0,
          97.0
        ],
        [
          1464.0,
          100.0
        ],
        [
          1464.0,
          102.0
        ],
        [
          1463.0,
          103.0
        ],
        [
          1463.0,
          106.0
        ],
        [
          1462.0,
          107.0
        ],
        [
          1462.0,
          115.0
        ],
        [
          1461.0,
          116.0
        ],
        [
          1461.0,
          122.0
        ],
        [
          1460.0,
          123.0
        ],
        [
          1460.0,
          125.0
        ],
        [
          1459.0,
          126.0
        ],
        [
          1459.0,
          128.0
        ],
        [
          1458.0,
          129.0
        ],
        [
          1458.0,
          131.0
        ],
        [
          1457.0,
          132.0
        ],
        [
          1457.0,
          138.0
        ],
        [
          1456.0,
          139.0
        ],
        [
          1456.0,
          155.0
        ],
        [
          1455.0,
          156.0
        ],
        [
          1455.0,
          159.0
        ],
        [
          1454.0,
          160.0
        ],
        [
          1454.0,
          162.0
        ],
        [
          1453.0,
          163.0
        ],
        [
          1453.0,
          168.0
        ],
        [
          1452.0,
          169.0
        ],
        [
          1452.0,
          175.0
        ],
        [
          1451.0,
          176.0
        ],
        [
          1451.0,
          186.0
        ],
        [
          1450.0,
          187.0
        ],
        [
          1450.0,
          191.0
        ],
        [
          1449.0,
          192.0
        ],
        [
          1449.0,
          197.0
        ],
        [
          1448.0,
          198.0
        ],
        [
          1448.0,
          201.0
        ],
        [
          1447.0,
          202.0
        ],
        [
          1447.0,
          206.0
        ],
        [
          1446.0,
          207.0
        ],
        [
          1446.0,
          212.0
        ],
        [
          1445.0,
          213.0
        ],
        [
          1445.0,
          221.0
        ],
        [
          1449.0,
          225.0
        ],
        [
          1452.0,
          225.0
        ],
        [
          1452.0,
          224.0
        ],
        [
          1454.0,
          222.0
        ],
        [
          1454.0,
          221.0
        ],
        [
          1455.0,
          220.0
        ],
        [
          1455.0,
          208.0
        ],
        [
          1456.0,
          207.0
        ],
        [
          1456.0,
          197.0
        ],
        [
          1457.0,
          196.0
        ],
        [
          1457.0,
          195.0
        ],
        [
          1459.0,
          192.0
        ],
        [
          1459.0,
          190.0
        ],
        [
          1460.0,
          189.0
        ],
        [
          1460.0,
          187.0
        ],
        [
          1462.0,
          184.0
        ],
        [
          1462.0,
          182.0
        ],
        [
          1463.0,
          181.0
        ],
        [
          1463.0,
          180.0
        ],
        [
          1464.0,
          179.0
        ],
        [
          1464.0,
          178.0
        ],
        [
          1465.0,
          177.0
        ],
        [
          1466.0,
          174.0
        ],
        [
          1468.0,
          172.0
        ],
        [
          1468.0,
          171.0
        ],
        [
          1470.0,
          169.0
        ],
        [
          1470.0,
          168.0
        ],
        [
          1471.0,
          167.0
        ],
        [
          1471.0,
          164.0
        ],
        [
          1472.0,
          163.0
        ],
        [
          1472.0,
          160.0
        ],
        [
          1473.0,
          159.0
        ],
        [
          1474.0,
          156.0
        ],
        [
          1476.0,
          154.0
        ],
        [
          1476.0,
          153.0
        ],
        [
          1477.0,
          152.0
        ],
        [
          1477.0,
          151.0
        ],
        [
          1478.0,
          150.0
        ],
        [
          1478.0,
          149.0
        ],
        [
          1479.0,
          148.0
        ],
        [
          1479.0,
          147.0
        ],
        [
          1480.0,
          146.0
        ],
        [
          1480.0,
          145.0
        ],
        [
          1481.0,
          144.0
        ],
        [
          1481.0,
          143.0
        ],
        [
          1482.0,
          142.0
        ],
        [
          1482.0,
          141.0
        ],
        [
          1484.0,
          138.0
        ],
        [
          1484.0,
          136.0
        ],
        [
          1485.0,
          135.0
        ],
        [
          1485.0,
          132.0
        ],
        [
          1486.0,
          131.0
        ],
        [
          1486.0,
          127.0
        ],
        [
          1487.0,
          126.0
        ],
        [
          1487.0,
          122.0
        ],
        [
          1488.0,
          121.0
        ],
        [
          1488.0,
          118.0
        ],
        [
          1489.0,
          117.0
        ],
        [
          1489.0,
          91.0
        ],
        [
          1488.0,
          90.0
        ],
        [
          1488.0,
          89.0
        ]
      ],
      "group_id": null,
      "description": "",
      "difficult": false,
      "shape_type": "polygon",
      "flags": {},
      "attributes": {},
      "kie_linking": []
    },
    {
      "label": "fish",
      "score": null,
      "points": [
        [
          1638.0,
          182.0
        ],
        [
          1635.0,
          179.0
        ],
        [
          1634.0,
          179.0
        ],
        [
          1633.0,
          178.0
        ],
        [
          1631.0,
          178.0
        ],
        [
          1630.0,
          177.0
        ],
        [
          1629.0,
          177.0
        ],
        [
          1628.0,
          178.0
        ],
        [
          1614.0,
          178.0
        ],
        [
          1613.0,
          179.0
        ],
        [
          1610.0,
          179.0
        ],
        [
          1609.0,
          180.0
        ],
        [
          1606.0,
          180.0
        ],
        [
          1605.0,
          181.0
        ],
        [
          1603.0,
          181.0
        ],
        [
          1602.0,
          182.0
        ],
        [
          1599.0,
          182.0
        ],
        [
          1598.0,
          183.0
        ],
        [
          1597.0,
          183.0
        ],
        [
          1596.0,
          184.0
        ],
        [
          1595.0,
          184.0
        ],
        [
          1594.0,
          185.0
        ],
        [
          1593.0,
          185.0
        ],
        [
          1590.0,
          187.0
        ],
        [
          1588.0,
          187.0
        ],
        [
          1587.0,
          188.0
        ],
        [
          1585.0,
          188.0
        ],
        [
          1582.0,
          190.0
        ],
        [
          1580.0,
          190.0
        ],
        [
          1579.0,
          191.0
        ],
        [
          1578.0,
          191.0
        ],
        [
          1577.0,
          192.0
        ],
        [
          1576.0,
          192.0
        ],
        [
          1575.0,
          193.0
        ],
        [
          1574.0,
          193.0
        ],
        [
          1573.0,
          194.0
        ],
        [
          1572.0,
          194.0
        ],
        [
          1571.0,
          195.0
        ],
        [
          1570.0,
          195.0
        ],
        [
          1565.0,
          200.0
        ],
        [
          1564.0,
          200.0
        ],
        [
          1561.0,
          203.0
        ],
        [
          1560.0,
          203.0
        ],
        [
          1557.0,
          206.0
        ],
        [
          1556.0,
          206.0
        ],
        [
          1554.0,
          208.0
        ],
        [
          1553.0,
          208.0
        ],
        [
          1552.0,
          209.0
        ],
        [
          1551.0,
          209.0
        ],
        [
          1549.0,
          211.0
        ],
        [
          1548.0,
          211.0
        ],
        [
          1547.0,
          212.0
        ],
        [
          1546.0,
          212.0
        ],
        [
          1543.0,
          215.0
        ],
        [
          1542.0,
          215.0
        ],
        [
          1541.0,
          216.0
        ],
        [
          1540.0,
          216.0
        ],
        [
          1538.0,
          218.0
        ],
        [
          1537.0,
          218.0
        ],
        [
          1529.0,
          226.0
        ],
        [
          1528.0,
          226.0
        ],
        [
          1526.0,
          228.0
        ],
        [
          1526.0,
          230.0
        ],
        [
          1525.0,
          231.0
        ],
        [
          1525.0,
          232.0
        ],
        [
          1522.0,
          235.0
        ],
        [
          1522.0,
          236.0
        ],
        [
          1525.0,
          236.0
        ],
        [
          1529.0,
          232.0
        ],
        [
          1531.0,
          232.0
        ],
        [
          1532.0,
          231.0
        ],
        [
          1534.0,
          231.0
        ],
        [
          1535.0,
          230.0
        ],
        [
          1536.0,
          230.0
        ],
        [
          1537.0,
          229.0
        ],
        [
          1538.0,
          229.0
        ],
        [
          1540.0,
          227.0
        ],
        [
          1542.0,
          227.0
        ],
        [
          1543.0,
          226.0
        ],
        [
          1545.0,
          226.0
        ],
        [
          1546.0,
          225.0
        ],
        [
          1548.0,
          225.0
        ],
        [
          1549.0,
          224.0
        ],
        [
          1552.0,
          224.0
        ],
        [
          1553.0,
          223.0
        ],
        [
          1554.0,
          223.0
        ],
        [
          1555.0,
          222.0
        ],
        [
          1556.0,
          222.0
        ],
        [
          1557.0,
          221.0
        ],
        [
          1558.0,
          221.0
        ],
        [
          1560.0,
          219.0
        ],
        [
          1562.0,
          219.0
        ],
        [
          1563.0,
          218.0
        ],
        [
          1572.0,
          218.0
        ],
        [
          1573.0,
          217.0
        ],
        [
          1578.0,
          217.0
        ],
        [
          1579.0,
          216.0
        ],
        [
          1583.0,
          216.0
        ],
        [
          1584.0,
          215.0
        ],
        [
          1589.0,
          215.0
        ],
        [
          1590.0,
          214.0
        ],
        [
          1593.0,
          214.0
        ],
        [
          1594.0,
          213.0
        ],
        [
          1595.0,
          213.0
        ],
        [
          1596.0,
          212.0
        ],
        [
          1598.0,
          212.0
        ],
        [
          1599.0,
          211.0
        ],
        [
          1604.0,
          211.0
        ],
        [
          1605.0,
          210.0
        ],
        [
          1608.0,
          210.0
        ],
        [
          1610.0,
          208.0
        ],
        [
          1611.0,
          208.0
        ],
        [
          1613.0,
          206.0
        ],
        [
          1614.0,
          206.0
        ],
        [
          1616.0,
          204.0
        ],
        [
          1617.0,
          204.0
        ],
        [
          1618.0,
          203.0
        ],
        [
          1620.0,
          203.0
        ],
        [
          1621.0,
          202.0
        ],
        [
          1622.0,
          202.0
        ],
        [
          1623.0,
          201.0
        ],
        [
          1624.0,
          201.0
        ],
        [
          1637.0,
          188.0
        ],
        [
          1637.0,
          186.0
        ],
        [
          1638.0,
          185.0
        ]
      ],
      "group_id": null,
      "description": "",
      "difficult": false,
      "shape_type": "polygon",
      "flags": {},
      "attributes": {},
      "kie_linking": []
    },
    {
      "label": "fish",
      "score": null,
      "points": [
        [
          1672.0,
          392.0
        ],
        [
          1669.0,
          389.0
        ],
        [
          1668.0,
          389.0
        ],
        [
          1667.0,
          388.0
        ],
        [
          1664.0,
          388.0
        ],
        [
          1663.0,
          389.0
        ],
        [
          1659.0,
          389.0
        ],
        [
          1658.0,
          388.0
        ],
        [
          1653.0,
          388.0
        ],
        [
          1652.0,
          389.0
        ],
        [
          1651.0,
          389.0
        ],
        [
          1650.0,
          390.0
        ],
        [
          1649.0,
          390.0
        ],
        [
          1648.0,
          391.0
        ],
        [
          1646.0,
          391.0
        ],
        [
          1644.0,
          393.0
        ],
        [
          1643.0,
          393.0
        ],
        [
          1642.0,
          394.0
        ],
        [
          1641.0,
          394.0
        ],
        [
          1640.0,
          395.0
        ],
        [
          1639.0,
          395.0
        ],
        [
          1638.0,
          396.0
        ],
        [
          1637.0,
          396.0
        ],
        [
          1636.0,
          397.0
        ],
        [
          1635.0,
          397.0
        ],
        [
          1634.0,
          398.0
        ],
        [
          1633.0,
          398.0
        ],
        [
          1631.0,
          400.0
        ],
        [
          1630.0,
          400.0
        ],
        [
          1629.0,
          401.0
        ],
        [
          1628.0,
          401.0
        ],
        [
          1627.0,
          402.0
        ],
        [
          1626.0,
          402.0
        ],
        [
          1625.0,
          403.0
        ],
        [
          1624.0,
          403.0
        ],
        [
          1623.0,
          404.0
        ],
        [
          1621.0,
          404.0
        ],
        [
          1620.0,
          405.0
        ],
        [
          1619.0,
          405.0
        ],
        [
          1618.0,
          406.0
        ],
        [
          1617.0,
          406.0
        ],
        [
          1616.0,
          407.0
        ],
        [
          1615.0,
          407.0
        ],
        [
          1614.0,
          408.0
        ],
        [
          1613.0,
          408.0
        ],
        [
          1611.0,
          410.0
        ],
        [
          1610.0,
          410.0
        ],
        [
          1609.0,
          411.0
        ],
        [
          1608.0,
          411.0
        ],
        [
          1607.0,
          412.0
        ],
        [
          1606.0,
          412.0
        ],
        [
          1605.0,
          413.0
        ],
        [
          1604.0,
          413.0
        ],
        [
          1602.0,
          415.0
        ],
        [
          1601.0,
          415.0
        ],
        [
          1599.0,
          417.0
        ],
        [
          1598.0,
          417.0
        ],
        [
          1597.0,
          418.0
        ],
        [
          1596.0,
          418.0
        ],
        [
          1595.0,
          419.0
        ],
        [
          1594.0,
          419.0
        ],
        [
          1593.0,
          420.0
        ],
        [
          1592.0,
          420.0
        ],
        [
          1591.0,
          421.0
        ],
        [
          1590.0,
          421.0
        ],
        [
          1589.0,
          422.0
        ],
        [
          1588.0,
          422.0
        ],
        [
          1587.0,
          423.0
        ],
        [
          1586.0,
          423.0
        ],
        [
          1585.0,
          424.0
        ],
        [
          1583.0,
          424.0
        ],
        [
          1582.0,
          425.0
        ],
        [
          1580.0,
          425.0
        ],
        [
          1579.0,
          426.0
        ],
        [
          1578.0,
          426.0
        ],
        [
          1576.0,
          428.0
        ],
        [
          1575.0,
          428.0
        ],
        [
          1569.0,
          434.0
        ],
        [
          1568.0,
          434.0
        ],
        [
          1566.0,
          436.0
        ],
        [
          1564.0,
          436.0
        ],
        [
          1563.0,
          437.0
        ],
        [
          1561.0,
          437.0
        ],
        [
          1559.0,
          439.0
        ],
        [
          1561.0,
          439.0
        ],
        [
          1562.0,
          440.0
        ],
        [
          1574.0,
          440.0
        ],
        [
          1575.0,
          439.0
        ],
        [
          1582.0,
          439.0
        ],
        [
          1583.0,
          438.0
        ],
        [
          1587.0,
          438.0
        ],
        [
          1588.0,
          437.0
        ],
        [
          1591.0,
          437.0
        ],
        [
          1592.0,
          436.0
        ],
        [
          1596.0,
          436.0
        ],
        [
          1597.0,
          435.0
        ],
        [
          1613.0,
          435.0
        ],
        [
          1614.0,
          434.0
        ],
        [
          1621.0,
          434.0
        ],
        [
          1622.0,
          433.0
        ],
        [
          1624.0,
          433.0
        ],
        [
          1625.0,
          432.0
        ],
        [
          1626.0,
          432.0
        ],
        [
          1627.0,
          431.0
        ],
        [
          1628.0,
          431.0
        ],
        [
          1629.0,
          430.0
        ],
        [
          1630.0,
          430.0
        ],
        [
          1631.0,
          429.0
        ],
        [
          1632.0,
          429.0
        ],
        [
          1633.0,
          428.0
        ],
        [
          1634.0,
          428.0
        ],
        [
          1635.0,
          427.0
        ],
        [
          1637.0,
          427.0
        ],
        [
          1638.0,
          426.0
        ],
        [
          1639.0,
          426.0
        ],
        [
          1640.0,
          425.0
        ],
        [
          1642.0,
          425.0
        ],
        [
          1643.0,
          424.0
        ],
        [
          1645.0,
          424.0
        ],
        [
          1646.0,
          423.0
        ],
        [
          1647.0,
          423.0
        ],
        [
          1648.0,
          422.0
        ],
        [
          1649.0,
          422.0
        ],
        [
          1651.0,
          420.0
        ],
        [
          1652.0,
          420.0
        ],
        [
          1654.0,
          418.0
        ],
        [
          1655.0,
          418.0
        ],
        [
          1665.0,
          408.0
        ],
        [
          1665.0,
          407.0
        ],
        [
          1671.0,
          401.0
        ],
        [
          1671.0,
          398.0
        ],
        [
          1672.0,
          397.0
        ]
      ],
      "group_id": null,
      "description": "",
      "difficult": false,
      "shape_type": "polygon",
      "flags": {},
      "attributes": {},
      "kie_linking": []
    },
    {
      "label": "fish",
      "score": null,
      "points": [
        [
          1637.0,
          760.0
        ],
        [
          1636.0,
          761.0
        ],
        [
          1636.0,
          769.0
        ],
        [
          1637.0,
          770.0
        ],
        [
          1637.0,
          774.0
        ],
        [
          1638.0,
          775.0
        ],
        [
          1638.0,
          783.0
        ],
        [
          1639.0,
          784.0
        ],
        [
          1639.0,
          789.0
        ],
        [
          1640.0,
          790.0
        ],
        [
          1640.0,
          792.0
        ],
        [
          1641.0,
          793.0
        ],
        [
          1641.0,
          796.0
        ],
        [
          1642.0,
          797.0
        ],
        [
          1642.0,
          799.0
        ],
        [
          1643.0,
          800.0
        ],
        [
          1643.0,
          801.0
        ],
        [
          1644.0,
          802.0
        ],
        [
          1644.0,
          803.0
        ],
        [
          1645.0,
          804.0
        ],
        [
          1645.0,
          805.0
        ],
        [
          1646.0,
          806.0
        ],
        [
          1646.0,
          808.0
        ],
        [
          1647.0,
          809.0
        ],
        [
          1647.0,
          811.0
        ],
        [
          1648.0,
          812.0
        ],
        [
          1648.0,
          814.0
        ],
        [
          1649.0,
          815.0
        ],
        [
          1649.0,
          817.0
        ],
        [
          1650.0,
          818.0
        ],
        [
          1650.0,
          820.0
        ],
        [
          1651.0,
          821.0
        ],
        [
          1651.0,
          823.0
        ],
        [
          1652.0,
          824.0
        ],
        [
          1652.0,
          825.0
        ],
        [
          1654.0,
          827.0
        ],
        [
          1654.0,
          828.0
        ],
        [
          1656.0,
          830.0
        ],
        [
          1656.0,
          831.0
        ],
        [
          1658.0,
          833.0
        ],
        [
          1658.0,
          834.0
        ],
        [
          1659.0,
          835.0
        ],
        [
          1659.0,
          836.0
        ],
        [
          1660.0,
          837.0
        ],
        [
          1660.0,
          838.0
        ],
        [
          1661.0,
          839.0
        ],
        [
          1661.0,
          841.0
        ],
        [
          1662.0,
          842.0
        ],
        [
          1662.0,
          843.0
        ],
        [
          1667.0,
          848.0
        ],
        [
          1669.0,
          848.0
        ],
        [
          1670.0,
          849.0
        ],
        [
          1671.0,
          849.0
        ],
        [
          1672.0,
          850.0
        ],
        [
          1673.0,
          850.0
        ],
        [
          1674.0,
          851.0
        ],
        [
          1677.0,
          851.0
        ],
        [
          1678.0,
          850.0
        ],
        [
          1678.0,
          848.0
        ],
        [
          1679.0,
          847.0
        ],
        [
          1679.0,
          839.0
        ],
        [
          1680.0,
          838.0
        ],
        [
          1680.0,
          837.0
        ],
        [
          1679.0,
          836.0
        ],
        [
          1679.0,
          832.0
        ],
        [
          1678.0,
          831.0
        ],
        [
          1678.0,
          828.0
        ],
        [
          1677.0,
          827.0
        ],
        [
          1677.0,
          826.0
        ],
        [
          1676.0,
          825.0
        ],
        [
          1676.0,
          824.0
        ],
        [
          1675.0,
          823.0
        ],
        [
          1675.0,
          822.0
        ],
        [
          1673.0,
          820.0
        ],
        [
          1673.0,
          819.0
        ],
        [
          1671.0,
          817.0
        ],
        [
          1671.0,
          816.0
        ],
        [
          1670.0,
          815.0
        ],
        [
          1670.0,
          814.0
        ],
        [
          1669.0,
          813.0
        ],
        [
          1669.0,
          812.0
        ],
        [
          1667.0,
          810.0
        ],
        [
          1667.0,
          809.0
        ],
        [
          1663.0,
          805.0
        ],
        [
          1663.0,
          804.0
        ],
        [
          1661.0,
          802.0
        ],
        [
          1660.0,
          802.0
        ],
        [
          1659.0,
          801.0
        ],
        [
          1659.0,
          800.0
        ],
        [
          1657.0,
          798.0
        ],
        [
          1657.0,
          797.0
        ],
        [
          1655.0,
          795.0
        ],
        [
          1655.0,
          794.0
        ],
        [
          1654.0,
          793.0
        ],
        [
          1654.0,
          791.0
        ],
        [
          1653.0,
          790.0
        ],
        [
          1653.0,
          789.0
        ],
        [
          1652.0,
          788.0
        ],
        [
          1652.0,
          786.0
        ],
        [
          1651.0,
          785.0
        ],
        [
          1651.0,
          783.0
        ],
        [
          1650.0,
          782.0
        ],
        [
          1650.0,
          780.0
        ],
        [
          1649.0,
          779.0
        ],
        [
          1649.0,
          778.0
        ],
        [
          1648.0,
          777.0
        ],
        [
          1648.0,
          776.0
        ],
        [
          1647.0,
          775.0
        ],
        [
          1647.0,
          773.0
        ],
        [
          1646.0,
          772.0
        ],
        [
          1646.0,
          771.0
        ],
        [
          1645.0,
          770.0
        ],
        [
          1645.0,
          769.0
        ],
        [
          1644.0,
          768.0
        ],
        [
          1644.0,
          767.0
        ],
        [
          1640.0,
          763.0
        ],
        [
          1640.0,
          762.0
        ],
        [
          1638.0,
          760.0
        ]
      ],
      "group_id": null,
      "description": "",
      "difficult": false,
      "shape_type": "polygon",
      "flags": {},
      "attributes": {},
      "kie_linking": []
    }
  ],
  "imagePath": "frame_000055.jpg",
  "imageData": null,
  "imageHeight": 1080,
  "imageWidth": 1920
}