epoch,time,train/box_loss,train/seg_loss,train/cls_loss,train/dfl_loss,metrics/precision(B),metrics/recall(B),metrics/mAP50(B),metrics/mAP50-95(B),metrics/precision(M),metrics/recall(M),metrics/mAP50(M),metrics/mAP50-95(M),val/box_loss,val/seg_loss,val/cls_loss,val/dfl_loss,lr/pg0,lr/pg1,lr/pg2
1,3.39779,1.57304,1.85971,4.08469,1.21228,0.00222,0.17391,0.00135,0.00063,0.00278,0.21739,0.00176,0.00092,1.29161,1.69463,3.81037,1.16184,4e-05,4e-05,4e-05
2,5.52881,1.55292,1.99708,3.99675,1.18756,0.00417,0.32609,0.00277,0.00154,0.00472,0.36957,0.00325,0.00189,1.04687,1.49664,3.74218,1.09861,9.9802e-05,9.9802e-05,9.9802e-05
3,7.59581,1.14155,1.33862,3.55153,0.98844,0.00889,0.69565,0.00996,0.00588,0.01028,0.80435,0.01672,0.00996,1.13275,1.29661,3.5965,1.04611,0.000159366,0.000159366,0.000159366
4,9.65282,1.11318,1.12102,3.01841,0.92752,0.01111,0.86957,0.38575,0.18682,0.01194,0.93478,0.43548,0.26136,1.106,1.11946,3.42253,0.95133,0.000218693,0.000218693,0.000218693
5,11.6726,1.21327,1.14866,2.53314,0.95491,0.01167,0.91304,0.56683,0.22821,0.01194,0.93478,0.63199,0.34991,1.13803,1.01806,3.37943,0.95128,0.000277782,0.000277782,0.000277782
6,13.7264,1.14863,1.09338,1.9782,0.96747,0.01167,0.91304,0.36617,0.13257,0.01194,0.93478,0.40081,0.19775,1.25031,1.09619,3.48781,1.0118,0.000336634,0.000336634,0.000336634
7,15.7095,1.09584,0.98293,1.86496,0.94896,0.01167,0.91304,0.2659,0.11538,0.01194,0.93478,0.27391,0.14277,1.25325,1.22523,3.53273,1.04592,0.000395248,0.000395248,0.000395248
8,17.7925,1.21264,1.22817,1.72341,1.01018,0.01167,0.91304,0.0868,0.03709,0.01167,0.91304,0.11121,0.06117,1.22435,1.17701,3.55638,1.05348,0.000453624,0.000453624,0.000453624
9,19.7835,1.14206,1.01791,1.71443,0.97895,0.01139,0.8913,0.01578,0.00786,0.01167,0.91304,0.01682,0.0097,1.38088,1.48482,3.60907,1.11688,0.000511763,0.000511763,0.000511763
10,21.7076,1.03159,0.98456,1.59155,0.96231,0.01167,0.91304,0.01614,0.00811,0.01194,0.93478,0.01679,0.01015,1.41534,1.44274,3.61512,1.12916,0.000569664,0.000569664,0.000569664
11,23.7042,1.05194,0.95028,1.52892,0.96838,0.01111,0.86957,0.01502,0.00918,0.01139,0.8913,0.01563,0.00988,1.2408,1.43529,3.62689,1.09429,0.000627328,0.000627328,0.000627328
12,25.6563,1.11524,1.07476,1.49498,1.001,0.00806,0.63043,0.00904,0.00468,0.00972,0.76087,0.01117,0.00655,1.3334,2.05877,3.83209,1.22055,0.000684754,0.000684754,0.000684754
13,27.5958,1.04814,0.95479,1.50165,0.98159,0.00444,0.34783,0.00354,0.00144,0.00889,0.69565,0.0084,0.00428,1.41691,2.85452,3.93611,1.34957,0.000741942,0.000741942,0.000741942
14,29.732,1.07786,0.98334,1.34601,0.95268,0.00556,0.43478,0.00504,0.00202,0.00861,0.67391,0.01001,0.00593,1.39475,2.59365,3.91621,1.35324,0.000798893,0.000798893,0.000798893
15,31.6978,1.0785,0.96561,1.36817,0.94161,0.00917,0.71739,0.01094,0.00477,0.01056,0.82609,0.01408,0.00779,1.42443,2.1661,3.83367,1.3119,0.000855606,0.000855606,0.000855606
16,33.6306,1.04529,0.99027,1.44298,0.94759,0.00944,0.73913,0.01273,0.00609,0.01111,0.86957,0.01491,0.00881,1.26959,1.88491,3.79434,1.23852,0.000912082,0.000912082,0.000912082
17,35.6385,1.04023,1.01845,1.3842,0.9412,0.00917,0.71739,0.01263,0.00565,0.01056,0.82609,0.01493,0.0079,1.28708,1.85024,3.8094,1.21804,0.00096832,0.00096832,0.00096832
18,37.5827,1.02864,0.97968,1.27425,0.9471,0.00944,0.73913,0.01282,0.0057,0.01056,0.82609,0.01491,0.0081,1.23641,1.6444,3.74979,1.16888,0.00102432,0.00102432,0.00102432
19,39.5062,0.98751,0.98739,1.30198,0.94757,0.01028,0.80435,0.01456,0.0078,0.01139,0.8913,0.01727,0.01003,1.15604,1.36112,3.64562,1.10593,0.00108008,0.00108008,0.00108008
20,41.4493,0.97912,1.08305,1.32243,0.92161,0.01,0.78261,0.01356,0.00692,0.01139,0.8913,0.01626,0.00989,1.15822,1.35091,3.63962,1.10135,0.00113561,0.00113561,0.00113561
21,43.5532,0.99542,0.93267,1.319,0.95716,0.01,0.78261,0.01149,0.00622,0.01139,0.8913,0.01479,0.00833,1.19848,1.55205,3.68338,1.12264,0.0011909,0.0011909,0.0011909
22,45.506,1.00616,1.03193,1.26661,0.94589,0.01,0.78261,0.01141,0.00592,0.01056,0.82609,0.01281,0.00723,1.21689,1.47907,3.67009,1.13896,0.00124595,0.00124595,0.00124595
23,47.5058,0.95719,0.92131,1.27895,0.94303,0.01,0.78261,0.01141,0.00584,0.01083,0.84783,0.01333,0.00793,1.19524,1.41074,3.66531,1.12439,0.00130076,0.00130076,0.00130076
24,49.4995,0.99168,0.88968,1.26019,0.93897,0.01167,0.91304,0.02293,0.01079,0.01222,0.95652,0.02428,0.01594,1.16808,1.21252,3.48722,1.0899,0.00135533,0.00135533,0.00135533
25,51.4778,0.96581,0.93564,1.35894,0.94368,0.0125,0.97826,0.14517,0.08666,0.0125,0.97826,0.14574,0.11374,1.25145,1.25232,3.37306,1.08722,0.00140967,0.00140967,0.00140967
26,53.4925,1.08233,0.8629,1.20616,0.93238,0.01222,0.95652,0.32015,0.17541,0.0125,0.97826,0.32088,0.20112,1.25646,1.40584,3.27617,1.07069,0.00146377,0.00146377,0.00146377
27,55.6137,1.04009,0.89219,1.17088,0.94563,0.01194,0.93478,0.58232,0.3573,0.01222,0.95652,0.58343,0.37855,1.22054,1.45179,3.17844,1.06246,0.00151763,0.00151763,0.00151763
28,57.5802,0.9599,0.88446,1.17847,0.9365,0.01194,0.93478,0.65454,0.37872,0.0125,0.97826,0.67652,0.40965,1.16792,1.44617,3.17107,1.02471,0.00157126,0.00157126,0.00157126
29,59.5785,1.00171,0.84506,1.16928,0.93649,0.01194,0.93478,0.65454,0.37872,0.0125,0.97826,0.67652,0.40965,1.16792,1.44617,3.17107,1.02471,0.00162464,0.00162464,0.00162464
30,61.5627,0.95297,0.94213,1.21331,0.92877,1,0.32143,0.64502,0.40173,1,0.32143,0.64554,0.34086,1.18722,1.67423,3.06454,1.06152,0.00167779,0.00167779,0.00167779
31,63.5067,0.99799,1.02485,1.27674,0.95446,1,0.13929,0.6771,0.40178,1,0.13929,0.67738,0.37039,1.26289,1.53832,3.04211,1.08152,0.0017307,0.0017307,0.0017307
32,65.5025,0.94256,0.89632,1.18033,0.9138,1,0.31657,0.78351,0.45543,0.93125,0.29484,0.75648,0.42514,1.25973,1.32721,2.81309,1.04904,0.00178338,0.00178338,0.00178338
33,67.5953,0.98844,0.90871,1.17585,0.94409,1,0.31657,0.78351,0.45543,0.93125,0.29484,0.75648,0.42514,1.25973,1.32721,2.81309,1.04904,0.00183581,0.00183581,0.00183581
34,69.6162,0.99377,0.87524,1.1002,0.92827,1,0.4453,0.90968,0.54268,1,0.4453,0.87979,0.52637,1.20167,1.3075,2.55953,1.02438,0.00186932,0.00186932,0.00186932
35,71.6053,0.9689,0.87939,1.10165,0.93567,1,0.50582,0.92974,0.58636,1,0.50582,0.90386,0.5494,1.20543,1.37327,2.47326,1.03319,0.00186536,0.00186536,0.00186536
36,73.6204,0.8806,0.91343,1.07239,0.90449,1,0.78701,0.96638,0.60866,1,0.78701,0.96638,0.62208,1.30127,1.03424,2.16737,1.07453,0.0018614,0.0018614,0.0018614
37,75.5922,0.96832,0.9111,1.0731,0.93335,1,0.78701,0.96638,0.60866,1,0.78701,0.96638,0.62208,1.30127,1.03424,2.16737,1.07453,0.00185744,0.00185744,0.00185744
38,77.6287,0.89616,0.83202,1.00916,0.90329,1,0.83226,0.97062,0.61363,1,0.83226,0.97062,0.65699,1.32565,0.98244,1.94987,1.07045,0.00185348,0.00185348,0.00185348
39,79.7983,0.91711,0.81009,1.01597,0.9181,0.97604,0.93478,0.95163,0.56734,0.99241,0.95652,0.97474,0.65068,1.36994,0.96859,1.73648,1.08631,0.00184952,0.00184952,0.00184952
40,81.8154,0.90953,0.86529,1.05598,0.90334,0.95208,0.91304,0.93461,0.52995,0.98654,0.95652,0.97474,0.66738,1.41903,0.91653,1.55956,1.12163,0.00184556,0.00184556,0.00184556
41,83.7337,0.85362,0.76949,0.99038,0.90421,0.95208,0.91304,0.93461,0.52995,0.98654,0.95652,0.97474,0.66738,1.41903,0.91653,1.55956,1.12163,0.0018416,0.0018416,0.0018416
42,85.7401,0.90214,0.78578,0.97122,0.91173,0.95359,0.89338,0.93935,0.5732,1,0.96702,0.97517,0.65531,1.31356,0.85721,1.45877,1.08456,0.00183764,0.00183764,0.00183764
43,87.7015,0.90265,0.90834,1.02919,0.92644,0.92644,0.86957,0.8432,0.46836,0.98665,0.93478,0.97388,0.60864,1.51339,1.17011,1.35958,1.19614,0.00183368,0.00183368,0.00183368
44,89.673,0.8514,0.91923,0.94406,0.90222,0.93023,0.86952,0.85295,0.47558,0.98908,0.93478,0.9743,0.63382,1.49573,1.02612,1.39274,1.17072,0.00182972,0.00182972,0.00182972
45,91.7531,0.86528,0.80093,1.00109,0.91522,0.93023,0.86952,0.85295,0.47558,0.98908,0.93478,0.9743,0.63382,1.49573,1.02612,1.39274,1.17072,0.00182576,0.00182576,0.00182576
46,93.7634,0.87327,0.83215,0.92954,0.90599,0.9777,0.95329,0.96239,0.53936,1,0.9748,0.97517,0.64502,1.32824,0.93513,1.34482,1.101,0.0018218,0.0018218,0.0018218
47,95.7592,0.88837,0.86269,0.9276,0.90602,0.97772,0.95393,0.95858,0.55492,1,0.9755,0.97517,0.64468,1.26788,0.9644,1.2723,1.08013,0.00181784,0.00181784,0.00181784
48,97.7582,0.84337,0.79017,0.97086,0.88985,0.9777,0.953,0.96064,0.56346,1,0.97474,0.97533,0.647,1.30251,0.97781,1.24838,1.07661,0.00181388,0.00181388,0.00181388
49,99.7222,0.9044,0.76863,0.94291,0.88915,0.9777,0.953,0.96064,0.56346,1,0.97474,0.97533,0.647,1.30251,0.97781,1.24838,1.07661,0.00180992,0.00180992,0.00180992
50,101.732,0.88149,0.75077,0.92714,0.88013,0.97769,0.95268,0.96188,0.59486,1,0.9743,0.97517,0.66927,1.25166,0.98262,1.17153,1.04085,0.00180596,0.00180596,0.00180596
51,103.861,0.85291,0.76306,0.91535,0.89967,0.97817,0.97409,0.96582,0.58015,0.97817,0.97409,0.97474,0.65554,1.26198,0.90316,1.06014,1.02423,0.001802,0.001802,0.001802
52,105.886,0.89539,0.79032,0.8806,0.89731,0.97497,0.97826,0.97104,0.60783,0.97497,0.97826,0.97387,0.67901,1.19836,0.94046,0.94914,1.01494,0.00179804,0.00179804,0.00179804
53,107.856,0.7796,0.76298,0.88335,0.87862,0.97497,0.97826,0.97104,0.60783,0.97497,0.97826,0.97387,0.67901,1.19836,0.94046,0.94914,1.01494,0.00179408,0.00179408,0.00179408
54,109.968,0.80565,0.7198,0.84573,0.87406,0.91481,0.93384,0.91687,0.56948,0.93609,0.95532,0.93412,0.58438,1.27833,1.25443,1.01068,1.05796,0.00179012,0.00179012,0.00179012
55,111.97,0.82491,0.76413,0.90289,0.88862,0.88859,0.8913,0.88782,0.50061,0.88901,0.87062,0.89444,0.50533,1.4124,1.45014,1.14639,1.10201,0.00178616,0.00178616,0.00178616
56,113.998,0.82954,0.74535,0.86579,0.88789,0.91108,0.891,0.92892,0.57058,0.9552,0.92716,0.95395,0.60077,1.25791,1.13018,1.1399,1.0561,0.0017822,0.0017822,0.0017822
57,116.102,0.81325,0.78125,0.84237,0.87905,0.91108,0.891,0.92892,0.57058,0.9552,0.92716,0.95395,0.60077,1.25791,1.13018,1.1399,1.0561,0.00177824,0.00177824,0.00177824
58,118.053,0.82047,0.73747,0.87959,0.89875,0.97015,0.97826,0.96822,0.58033,0.97015,0.97826,0.96822,0.66684,1.25103,0.99082,0.9865,1.06669,0.00177428,0.00177428,0.00177428
59,120.045,0.78785,0.70385,0.84096,0.87543,0.97391,0.97826,0.96998,0.67146,0.97391,0.97826,0.96998,0.66725,1.07655,0.94325,0.88482,1.01617,0.00177032,0.00177032,0.00177032
60,122.079,0.77442,0.76055,0.81996,0.87178,0.95053,0.97826,0.96639,0.64989,0.95053,0.97826,0.96639,0.65089,1.08569,0.95029,0.83621,1.01081,0.00176636,0.00176636,0.00176636
61,124.092,0.76718,0.67317,0.8189,0.87713,0.95053,0.97826,0.96639,0.64989,0.95053,0.97826,0.96639,0.65089,1.08569,0.95029,0.83621,1.01081,0.0017624,0.0017624,0.0017624
62,126.08,0.82887,0.83767,0.83721,0.89837,0.95739,0.97693,0.96791,0.64076,0.95739,0.97693,0.97458,0.64861,1.12894,0.94322,0.81933,0.99993,0.00175844,0.00175844,0.00175844
63,128.182,0.76256,0.71403,0.80288,0.87253,0.97319,0.97826,0.96626,0.62706,0.97319,0.97826,0.97343,0.66111,1.13917,0.94353,0.8131,1.02352,0.00175448,0.00175448,0.00175448
64,130.136,0.83706,0.78088,0.8485,0.89557,0.97131,0.97826,0.96582,0.63425,0.97131,0.97826,0.97343,0.62924,1.11846,0.99109,0.79546,1.02023,0.00175052,0.00175052,0.00175052
65,132.109,0.80461,0.74715,0.79402,0.88077,0.97131,0.97826,0.96582,0.63425,0.97131,0.97826,0.97343,0.62924,1.11846,0.99109,0.79546,1.02023,0.00174656,0.00174656,0.00174656
66,134.07,0.80554,0.7764,0.76734,0.87113,0.97577,0.97826,0.98001,0.65317,0.97577,0.97826,0.97474,0.61631,1.11357,1.12559,0.75578,1.02984,0.0017426,0.0017426,0.0017426
67,136.048,0.81502,0.73152,0.78517,0.8792,0.97865,0.97826,0.97667,0.6212,0.97865,0.97826,0.97517,0.64475,1.15039,1.13665,0.78471,1.0143,0.00173864,0.00173864,0.00173864
68,138.109,0.79942,0.71366,0.7497,0.88299,0.99485,0.97826,0.97631,0.64649,0.99485,0.97826,0.97643,0.65706,1.00952,0.9548,0.76328,0.98125,0.00173468,0.00173468,0.00173468
69,140.227,0.77544,0.7467,0.74341,0.87005,0.99485,0.97826,0.97631,0.64649,0.99485,0.97826,0.97643,0.65706,1.00952,0.9548,0.76328,0.98125,0.00173072,0.00173072,0.00173072
70,142.211,0.74754,0.68473,0.76468,0.87935,0.97332,0.95652,0.94692,0.65223,0.97788,0.96108,0.97638,0.65332,1.02072,0.94742,0.75778,0.98611,0.00172676,0.00172676,0.00172676
71,144.186,0.74344,0.65019,0.72793,0.86491,0.97499,0.95652,0.95722,0.66512,0.99493,0.95652,0.97392,0.63774,1.12129,1.07296,0.75531,1.02254,0.0017228,0.0017228,0.0017228
72,146.153,0.77227,0.8261,0.74099,0.89426,0.95727,0.9742,0.9641,0.70721,0.95727,0.9742,0.97552,0.66336,1.05619,1.03927,0.7265,0.98362,0.00171884,0.00171884,0.00171884
73,148.134,0.75942,0.74502,0.73647,0.86541,0.95727,0.9742,0.9641,0.70721,0.95727,0.9742,0.97552,0.66336,1.05619,1.03927,0.7265,0.98362,0.00171488,0.00171488,0.00171488
74,150.165,0.7599,0.75514,0.72362,0.86368,0.95513,0.97826,0.96519,0.68871,0.95513,0.97826,0.97188,0.66547,1.07313,0.97695,0.71741,0.9906,0.00171092,0.00171092,0.00171092
75,152.144,0.75486,0.6567,0.7272,0.85841,0.957,0.97826,0.95836,0.63243,0.97414,0.97826,0.96343,0.64642,1.1342,0.97859,0.72193,0.99369,0.00170696,0.00170696,0.00170696
76,154.286,0.79846,0.76883,0.71911,0.86397,0.94881,0.95652,0.95766,0.64947,0.97037,0.97826,0.96343,0.66292,1.10099,0.97887,0.72306,1.00214,0.001703,0.001703,0.001703
77,156.237,0.73339,0.71422,0.70329,0.86955,0.94881,0.95652,0.95766,0.64947,0.97037,0.97826,0.96343,0.66292,1.10099,0.97887,0.72306,1.00214,0.00169904,0.00169904,0.00169904
78,158.201,0.79522,0.82244,0.72228,0.87428,0.93528,0.97826,0.96764,0.6944,0.97125,0.97826,0.97104,0.71117,1.02747,0.9363,0.69809,0.97816,0.00169508,0.00169508,0.00169508
79,160.184,0.77163,0.68475,0.70707,0.85752,0.95731,0.97508,0.96963,0.67615,0.96866,0.97826,0.97387,0.70157,1.04416,0.93919,0.68359,0.97818,0.00169112,0.00169112,0.00169112
80,162.167,0.70933,0.61875,0.6832,0.86457,0.93351,0.95652,0.96241,0.67545,0.94897,0.95652,0.96889,0.67829,1.03366,0.92392,0.6615,0.98978,0.00168716,0.00168716,0.00168716
81,164.109,0.71566,0.72624,0.68854,0.86854,0.93351,0.95652,0.96241,0.67545,0.94897,0.95652,0.96889,0.67829,1.03366,0.92392,0.6615,0.98978,0.0016832,0.0016832,0.0016832
82,166.207,0.69049,0.65836,0.66625,0.85519,0.93509,0.97826,0.96151,0.649,0.93509,0.97826,0.97009,0.67407,1.05614,0.92293,0.68616,1.03173,0.00167924,0.00167924,0.00167924
83,168.214,0.72447,0.73747,0.69123,0.86832,0.93532,0.97826,0.964,0.68068,0.93532,0.97826,0.97063,0.68195,1.02279,0.90601,0.68312,1.00385,0.00167528,0.00167528,0.00167528
84,170.196,0.68896,0.76228,0.67492,0.85741,0.95644,0.97826,0.96879,0.66544,0.95644,0.97826,0.97099,0.69114,1.025,0.90353,0.64635,1.01628,0.00167132,0.00167132,0.00167132
85,172.14,0.72158,0.67278,0.66238,0.85442,0.95644,0.97826,0.96879,0.66544,0.95644,0.97826,0.97099,0.69114,1.025,0.90353,0.64635,1.01628,0.00166736,0.00166736,0.00166736
86,174.125,0.73411,0.70841,0.66247,0.85529,0.93746,0.97755,0.96099,0.63609,0.93746,0.97755,0.96926,0.67826,1.08885,0.917,0.68407,1.06293,0.0016634,0.0016634,0.0016634
87,176.096,0.69293,0.67417,0.65826,0.84469,0.91758,0.97826,0.94835,0.63798,0.94711,0.95652,0.95869,0.67635,1.07177,0.91506,0.6971,1.07022,0.00165944,0.00165944,0.00165944
88,178.225,0.7102,0.71682,0.65064,0.85725,0.9574,0.97723,0.9455,0.6396,0.9574,0.97723,0.9455,0.69563,1.0922,0.90346,0.6983,1.07888,0.00165548,0.00165548,0.00165548
89,180.158,0.74129,0.66994,0.68447,0.87235,0.9574,0.97723,0.9455,0.6396,0.9574,0.97723,0.9455,0.69563,1.0922,0.90346,0.6983,1.07888,0.00165152,0.00165152,0.00165152
90,182.107,0.69313,0.71413,0.65185,0.85431,0.94416,0.97826,0.9547,0.659,0.94416,0.97826,0.9547,0.67858,1.09009,0.89534,0.65582,1.06014,0.00164756,0.00164756,0.00164756
91,184.077,0.68836,0.67056,0.65028,0.84655,0.93416,0.97826,0.95745,0.66673,0.93416,0.97826,0.95745,0.66948,1.06552,0.88662,0.68097,1.03435,0.0016436,0.0016436,0.0016436
92,186.037,0.74153,0.69649,0.67601,0.85515,0.95514,0.97826,0.96153,0.66556,0.95514,0.97826,0.9713,0.69994,1.06435,0.87398,0.69164,1.03288,0.00163964,0.00163964,0.00163964
93,187.987,0.67245,0.6219,0.64047,0.83729,0.95514,0.97826,0.96153,0.66556,0.95514,0.97826,0.9713,0.69994,1.06435,0.87398,0.69164,1.03288,0.00163568,0.00163568,0.00163568
94,190.109,0.72108,0.65718,0.63107,0.8634,0.93358,0.97826,0.9651,0.68417,0.93358,0.97826,0.9651,0.71228,1.09577,0.95894,0.66239,1.05139,0.00163172,0.00163172,0.00163172
95,192.07,0.72395,0.68625,0.64607,0.85999,0.93641,0.97826,0.97431,0.6862,0.93641,0.97826,0.97931,0.72269,1.07574,0.92653,0.67204,1.03082,0.00162776,0.00162776,0.00162776
96,194.131,0.72952,0.74879,0.67002,0.87109,0.91578,0.97826,0.97385,0.69419,0.91578,0.97826,0.9763,0.67979,1.03645,0.87725,0.64047,1.01202,0.0016238,0.0016238,0.0016238
97,196.129,0.74368,0.73173,0.64033,0.86449,0.91578,0.97826,0.97385,0.69419,0.91578,0.97826,0.9763,0.67979,1.03645,0.87725,0.64047,1.01202,0.00161984,0.00161984,0.00161984
98,198.143,0.70635,0.67989,0.66684,0.85164,0.95976,0.97826,0.97318,0.69414,0.95976,0.97826,0.97318,0.7131,1.01358,0.87238,0.65311,0.98987,0.00161588,0.00161588,0.00161588
99,200.28,0.71747,0.65947,0.63296,0.85223,0.95324,0.97826,0.97344,0.68098,0.95324,0.97826,0.97344,0.72399,1.02055,0.89517,0.68571,0.99418,0.00161192,0.00161192,0.00161192
100,202.313,0.71036,0.68725,0.63427,0.83444,0.95726,0.97392,0.97433,0.69197,0.95726,0.97392,0.97433,0.72127,0.99851,0.84789,0.6879,0.99642,0.00160796,0.00160796,0.00160796
101,204.374,0.6949,0.66767,0.63904,0.84492,0.95726,0.97392,0.97433,0.69197,0.95726,0.97392,0.97433,0.72127,0.99851,0.84789,0.6879,0.99642,0.001604,0.001604,0.001604
102,206.436,0.75121,0.70475,0.64014,0.86284,0.95733,0.97541,0.97801,0.70144,0.95733,0.97541,0.97801,0.73356,0.97365,0.81124,0.64394,0.97771,0.00160004,0.00160004,0.00160004
103,208.524,0.68898,0.65466,0.60565,0.85114,0.95259,0.97826,0.97993,0.67755,0.95259,0.97826,0.97993,0.7112,0.96437,0.83877,0.63131,0.96999,0.00159608,0.00159608,0.00159608
104,210.534,0.66094,0.63236,0.5953,0.85017,0.95726,0.97376,0.97327,0.66427,0.95726,0.97376,0.97551,0.7114,1.00457,0.83543,0.64282,0.96888,0.00159212,0.00159212,0.00159212
105,212.655,0.64944,0.58921,0.59675,0.84289,0.95726,0.97376,0.97327,0.66427,0.95726,0.97376,0.97551,0.7114,1.00457,0.83543,0.64282,0.96888,0.00158816,0.00158816,0.00158816
106,214.671,0.66769,0.66362,0.60207,0.83342,0.95473,0.97826,0.97096,0.6725,0.95473,0.97826,0.97639,0.66521,1.04289,0.8384,0.60788,0.98036,0.0015842,0.0015842,0.0015842
107,216.686,0.67987,0.65691,0.60317,0.85992,0.95679,0.97826,0.97689,0.65981,0.95679,0.97826,0.98015,0.68542,1.08193,0.87851,0.60751,1.00443,0.00158024,0.00158024,0.00158024
108,218.675,0.69363,0.65813,0.6206,0.84507,0.9525,0.97826,0.97786,0.66863,0.9525,0.97826,0.98141,0.69304,1.0728,0.91305,0.6289,1.00028,0.00157628,0.00157628,0.00157628
109,220.638,0.67911,0.69422,0.5972,0.85425,0.9525,0.97826,0.97786,0.66863,0.9525,0.97826,0.98141,0.69304,1.0728,0.91305,0.6289,1.00028,0.00157232,0.00157232,0.00157232
110,222.611,0.67801,0.61564,0.59164,0.83944,0.95417,0.97826,0.97928,0.64049,0.95417,0.97826,0.98309,0.65851,1.13772,0.94877,0.64883,1.02775,0.00156836,0.00156836,0.00156836
111,224.586,0.68645,0.663,0.60236,0.8355,0.95568,0.97826,0.98027,0.65185,0.97396,0.95652,0.9836,0.69065,1.07419,0.93514,0.62287,1.00616,0.0015644,0.0015644,0.0015644
112,226.699,0.6469,0.64596,0.59181,0.83646,0.95556,0.97826,0.98173,0.67375,0.95556,0.97826,0.9832,0.69042,1.00695,0.90014,0.62213,1.00347,0.00156044,0.00156044,0.00156044
113,228.677,0.69951,0.63202,0.59955,0.84128,0.95556,0.97826,0.98173,0.67375,0.95556,0.97826,0.9832,0.69042,1.00695,0.90014,0.62213,1.00347,0.00155648,0.00155648,0.00155648
114,230.687,0.69906,0.65711,0.62055,0.86388,0.95544,0.97826,0.98208,0.6674,0.95544,0.97826,0.98208,0.69172,1.02233,0.85371,0.6212,1.01182,0.00155252,0.00155252,0.00155252
115,232.704,0.69964,0.58474,0.61533,0.84314,0.95734,0.97576,0.97598,0.6777,0.95734,0.97576,0.97658,0.70295,0.98953,0.92876,0.60831,0.9968,0.00154856,0.00154856,0.00154856
116,234.731,0.67117,0.59669,0.5995,0.83665,0.91349,0.95652,0.93192,0.64327,0.93425,0.97826,0.96752,0.66522,1.06629,1.10811,0.62909,1.02468,0.0015446,0.0015446,0.0015446
117,236.665,0.67867,0.60058,0.59816,0.83728,0.91349,0.95652,0.93192,0.64327,0.93425,0.97826,0.96752,0.66522,1.06629,1.10811,0.62909,1.02468,0.00154064,0.00154064,0.00154064
118,238.638,0.67999,0.62093,0.60545,0.85224,0.89618,0.93829,0.92838,0.64591,0.91834,0.95652,0.95659,0.66222,1.10758,1.16448,0.63275,1.04384,0.00153668,0.00153668,0.00153668
119,240.766,0.68393,0.63142,0.60132,0.84651,0.93143,0.97826,0.9625,0.6628,0.93684,0.96754,0.96292,0.66183,1.05261,1.19365,0.67298,1.03309,0.00153272,0.00153272,0.00153272
120,242.743,0.65036,0.64982,0.57914,0.85378,0.93153,0.97826,0.97377,0.67678,0.95722,0.9729,0.9756,0.66356,1.04926,1.21099,0.7261,1.04635,0.00152876,0.00152876,0.00152876
121,244.668,0.72993,0.62287,0.63227,0.84495,0.93153,0.97826,0.97377,0.67678,0.95722,0.9729,0.9756,0.66356,1.04926,1.21099,0.7261,1.04635,0.0015248,0.0015248,0.0015248
122,246.624,0.64286,0.63591,0.58822,0.83944,0.95064,0.97826,0.97655,0.68481,0.9653,0.97826,0.97738,0.67273,1.06025,1.2297,0.6637,1.04121,0.00152084,0.00152084,0.00152084
123,248.637,0.67147,0.71451,0.58759,0.8496,0.93605,0.97826,0.97462,0.65551,0.97945,0.93478,0.97543,0.67823,1.03628,1.16936,0.61155,1.0437,0.00151688,0.00151688,0.00151688
124,250.633,0.67959,0.59867,0.58175,0.84309,0.93623,0.97826,0.97776,0.6701,0.93623,0.97826,0.97992,0.66991,1.05018,0.99467,0.63517,1.04892,0.00151292,0.00151292,0.00151292
125,252.728,0.6276,0.66267,0.57263,0.85096,0.93623,0.97826,0.97776,0.6701,0.93623,0.97826,0.97992,0.66991,1.05018,0.99467,0.63517,1.04892,0.00150896,0.00150896,0.00150896
126,254.668,0.66858,0.58156,0.56651,0.86859,0.93262,0.97826,0.98175,0.65906,0.93262,0.97826,0.98381,0.64477,1.07976,0.96549,0.64227,1.05872,0.001505,0.001505,0.001505
127,256.617,0.68281,0.60891,0.5779,0.85314,0.95587,0.97826,0.98393,0.67107,0.95587,0.97826,0.98679,0.65613,1.0278,0.8863,0.66206,1.04391,0.00150104,0.00150104,0.00150104
128,258.581,0.63435,0.61656,0.55282,0.83229,0.95603,0.97826,0.98395,0.67282,0.95603,0.97826,0.9852,0.69513,1.05216,0.84134,0.66324,1.0455,0.00149708,0.00149708,0.00149708
129,260.51,0.60751,0.61078,0.52934,0.84019,0.95603,0.97826,0.98395,0.67282,0.95603,0.97826,0.9852,0.69513,1.05216,0.84134,0.66324,1.0455,0.00149312,0.00149312,0.00149312
130,262.473,0.65179,0.62816,0.55645,0.83937,0.95639,0.95652,0.9771,0.6709,0.97826,0.97823,0.98007,0.70482,1.07578,0.9124,0.65171,1.04653,0.00148916,0.00148916,0.00148916
131,264.571,0.64471,0.59,0.55523,0.82584,0.97052,0.97826,0.97596,0.65277,0.97052,0.97826,0.97944,0.69354,1.03783,0.89836,0.63425,1.04244,0.0014852,0.0014852,0.0014852
132,266.552,0.72261,0.64766,0.57962,0.84825,0.97423,0.97826,0.9694,0.65163,0.97423,0.97826,0.97948,0.68193,1.03521,0.92591,0.64392,1.04216,0.00148124,0.00148124,0.00148124
133,268.477,0.67606,0.64817,0.57129,0.85405,0.97423,0.97826,0.9694,0.65163,0.97423,0.97826,0.97948,0.68193,1.03521,0.92591,0.64392,1.04216,0.00147728,0.00147728,0.00147728
134,270.415,0.66023,0.63507,0.55241,0.84857,0.97808,0.97007,0.98144,0.66655,0.97796,0.96457,0.98514,0.68258,1.03342,0.91239,0.64745,1.03412,0.00147332,0.00147332,0.00147332
135,272.355,0.64027,0.59399,0.5426,0.83941,0.97813,0.97242,0.98684,0.68079,0.98881,0.97826,0.98814,0.71858,1.0235,0.83058,0.61945,1.01569,0.00146936,0.00146936,0.00146936
136,274.346,0.63935,0.65073,0.53413,0.84573,0.93534,0.97826,0.98415,0.69061,0.95683,0.96382,0.98063,0.71146,1.02705,0.80399,0.62026,1.01011,0.0014654,0.0014654,0.0014654
137,276.393,0.62641,0.64651,0.54896,0.834,0.93534,0.97826,0.98415,0.69061,0.95683,0.96382,0.98063,0.71146,1.02705,0.80399,0.62026,1.01011,0.00146144,0.00146144,0.00146144
138,278.343,0.63129,0.58913,0.54517,0.82999,0.9454,0.95652,0.97969,0.68878,0.96859,0.97826,0.97859,0.72252,1.03366,0.89183,0.61079,1.00906,0.00145748,0.00145748,0.00145748
139,280.276,0.6173,0.62225,0.52966,0.83941,0.91641,0.97826,0.97671,0.68631,0.95214,0.97826,0.9775,0.71448,1.01375,0.85654,0.60422,0.99247,0.00145352,0.00145352,0.00145352
140,282.264,0.63328,0.59584,0.5384,0.83733,0.99465,0.95652,0.98117,0.69372,0.96776,0.95652,0.98157,0.7122,0.96187,0.81037,0.59946,0.97841,0.00144956,0.00144956,0.00144956
141,284.183,0.59732,0.6258,0.52446,0.83622,0.99465,0.95652,0.98117,0.69372,0.96776,0.95652,0.98157,0.7122,0.96187,0.81037,0.59946,0.97841,0.0014456,0.0014456,0.0014456
142,286.283,0.63558,0.62891,0.52588,0.8344,0.98574,0.95652,0.98257,0.71483,0.98574,0.95652,0.98335,0.71248,0.92314,0.85332,0.59822,0.97466,0.00144164,0.00144164,0.00144164
143,288.228,0.66772,0.63448,0.5395,0.83704,0.95601,0.95652,0.98708,0.72712,0.95659,0.95819,0.98748,0.71476,0.94602,0.80785,0.63292,0.97662,0.00143768,0.00143768,0.00143768
144,290.242,0.61355,0.54929,0.5347,0.82407,0.98313,0.93478,0.98564,0.72383,0.93735,0.97826,0.98174,0.72305,0.95781,0.80424,0.59407,0.96782,0.00143372,0.00143372,0.00143372
145,292.273,0.62767,0.62611,0.53601,0.83177,0.98313,0.93478,0.98564,0.72383,0.93735,0.97826,0.98174,0.72305,0.95781,0.80424,0.59407,0.96782,0.00142976,0.00142976,0.00142976
146,294.352,0.6433,0.62823,0.54976,0.82853,1,0.93047,0.98704,0.71261,0.97769,0.9528,0.98786,0.727,0.97173,0.83828,0.57645,0.9709,0.0014258,0.0014258,0.0014258
147,296.363,0.67835,0.61811,0.53216,0.83673,1,0.97466,0.98984,0.69348,1,0.97466,0.98984,0.66682,1.03337,0.88646,0.59411,0.98568,0.00142184,0.00142184,0.00142184
148,298.333,0.66509,0.58018,0.52528,0.84407,0.978,0.96666,0.98809,0.68051,0.978,0.96666,0.98809,0.69456,1.01341,0.98076,0.59092,0.98767,0.00141788,0.00141788,0.00141788
149,300.41,0.59144,0.60495,0.51471,0.8307,0.978,0.96666,0.98809,0.68051,0.978,0.96666,0.98809,0.69456,1.01341,0.98076,0.59092,0.98767,0.00141392,0.00141392,0.00141392
150,302.336,0.5765,0.54827,0.49579,0.83041,0.95716,0.97146,0.98339,0.67673,0.95716,0.97146,0.98339,0.65628,1.02296,0.94986,0.5681,0.99694,0.00140996,0.00140996,0.00140996
151,304.285,0.63888,0.61803,0.5154,0.84317,0.97136,0.95652,0.9752,0.69065,0.95704,0.96882,0.97598,0.64531,0.99403,0.88356,0.58163,0.9784,0.001406,0.001406,0.001406
152,306.278,0.60164,0.60143,0.49772,0.83035,0.93695,0.96932,0.97438,0.67966,0.9457,0.97826,0.97479,0.70456,0.96612,0.8896,0.595,0.96578,0.00140204,0.00140204,0.00140204
153,308.21,0.61102,0.60173,0.51194,0.82537,0.93695,0.96932,0.97438,0.67966,0.9457,0.97826,0.97479,0.70456,0.96612,0.8896,0.595,0.96578,0.00139808,0.00139808,0.00139808
154,310.16,0.6502,0.63986,0.53277,0.84225,0.93645,0.96113,0.97118,0.68725,0.95322,0.97826,0.97171,0.69034,0.92803,0.8205,0.58808,0.95609,0.00139412,0.00139412,0.00139412
155,312.274,0.63946,0.62174,0.52171,0.83362,0.93023,0.97826,0.96773,0.69983,0.94271,0.97826,0.96951,0.7162,0.92416,0.75955,0.59238,0.96254,0.00139016,0.00139016,0.00139016
156,314.222,0.58615,0.5845,0.50112,0.83472,0.92558,0.95652,0.97068,0.6817,0.96481,0.97826,0.97462,0.7217,0.95085,0.75501,0.57741,0.97572,0.0013862,0.0013862,0.0013862
157,316.157,0.57437,0.56349,0.48513,0.82674,0.92558,0.95652,0.97068,0.6817,0.96481,0.97826,0.97462,0.7217,0.95085,0.75501,0.57741,0.97572,0.00138224,0.00138224,0.00138224
158,318.139,0.63157,0.59586,0.51112,0.83576,0.91423,0.97826,0.97068,0.68172,0.95731,0.97499,0.97449,0.71361,0.99832,0.87968,0.57445,0.998,0.00137828,0.00137828,0.00137828
159,320.086,0.61346,0.58141,0.5017,0.82232,0.91806,0.97438,0.96962,0.67515,0.91806,0.97438,0.97186,0.66609,1.02661,1.01546,0.60885,1.01811,0.00137432,0.00137432,0.00137432
160,322.035,0.61821,0.6383,0.50778,0.83599,0.91725,0.97826,0.96062,0.6711,0.91725,0.97826,0.96625,0.66837,1.04946,1.05642,0.5953,1.03042,0.00137036,0.00137036,0.00137036
161,324.164,0.62097,0.65563,0.50476,0.83505,0.91725,0.97826,0.96062,0.6711,0.91725,0.97826,0.96625,0.66837,1.04946,1.05642,0.5953,1.03042,0.0013664,0.0013664,0.0013664
162,326.131,0.63749,0.5705,0.51327,0.81994,0.91707,0.97826,0.96677,0.68374,0.91707,0.97826,0.96677,0.6602,1.07883,1.00019,0.58628,1.05321,0.00136244,0.00136244,0.00136244
163,328.138,0.58755,0.53536,0.49046,0.8342,0.91646,0.97826,0.96891,0.68269,0.91646,0.97826,0.96891,0.6553,1.05029,0.96235,0.58535,1.03298,0.00135848,0.00135848,0.00135848
164,330.132,0.60047,0.58943,0.49314,0.82196,0.95575,0.97826,0.97016,0.70077,0.95575,0.97826,0.9769,0.69402,1.02747,0.90706,0.60238,1.00772,0.00135452,0.00135452,0.00135452
165,332.104,0.63668,0.61638,0.49698,0.83829,0.95575,0.97826,0.97016,0.70077,0.95575,0.97826,0.9769,0.69402,1.02747,0.90706,0.60238,1.00772,0.00135056,0.00135056,0.00135056
166,334.041,0.6101,0.59949,0.48953,0.84158,0.93764,0.97826,0.97246,0.70063,0.93764,0.97826,0.97951,0.66958,1.00737,0.8654,0.61174,1.00824,0.0013466,0.0013466,0.0013466
167,336.158,0.61906,0.55253,0.49497,0.82762,0.93486,0.97826,0.98134,0.7066,0.93486,0.97826,0.98134,0.68488,0.99891,0.94568,0.60489,1.00718,0.00134264,0.00134264,0.00134264
168,338.121,0.60685,0.60455,0.49983,0.83228,0.91622,0.97826,0.98077,0.70093,0.91622,0.97826,0.9824,0.70036,0.95677,0.96488,0.61857,0.97882,0.00133868,0.00133868,0.00133868
169,340.035,0.62401,0.64418,0.49654,0.84337,0.91622,0.97826,0.98077,0.70093,0.91622,0.97826,0.9824,0.70036,0.95677,0.96488,0.61857,0.97882,0.00133472,0.00133472,0.00133472
170,341.991,0.57394,0.57647,0.47096,0.83051,0.93197,0.97826,0.97993,0.70775,0.93197,0.97826,0.98164,0.71683,0.94423,0.90785,0.60235,0.97009,0.00133076,0.00133076,0.00133076
171,343.946,0.58203,0.63512,0.47961,0.83511,0.9354,0.97826,0.97952,0.69629,0.95495,0.97826,0.98126,0.74114,0.98153,0.85095,0.60769,0.99237,0.0013268,0.0013268,0.0013268
172,345.878,0.55472,0.58931,0.48493,0.81692,0.93562,0.97826,0.9761,0.67101,0.95408,0.97826,0.9773,0.69726,1.06354,0.94881,0.60967,1.02887,0.00132284,0.00132284,0.00132284
173,347.824,0.63209,0.62751,0.50435,0.83187,0.93562,0.97826,0.9761,0.67101,0.95408,0.97826,0.9773,0.69726,1.06354,0.94881,0.60967,1.02887,0.00131888,0.00131888,0.00131888
174,349.927,0.60521,0.54479,0.48615,0.83204,0.93329,0.97826,0.97302,0.66726,0.95712,0.97057,0.97427,0.7025,1.03637,0.94023,0.58575,1.02954,0.00131492,0.00131492,0.00131492
175,351.875,0.58771,0.56054,0.47603,0.83579,0.93736,0.97826,0.97143,0.70398,0.93736,0.97826,0.97465,0.72423,0.97121,0.89867,0.57442,1.01149,0.00131096,0.00131096,0.00131096
176,353.843,0.62568,0.52391,0.49574,0.84126,0.91663,0.97826,0.97253,0.68385,0.91663,0.97826,0.97638,0.70349,1.01908,0.9033,0.56103,1.00637,0.001307,0.001307,0.001307
177,355.828,0.58274,0.56251,0.46937,0.81774,0.91663,0.97826,0.97253,0.68385,0.91663,0.97826,0.97638,0.70349,1.01908,0.9033,0.56103,1.00637,0.00130304,0.00130304,0.00130304
178,357.796,0.65258,0.62312,0.49196,0.84388,0.95495,0.91304,0.97718,0.6674,0.95495,0.91304,0.97787,0.67404,1.09655,0.93371,0.59561,1.0139,0.00129908,0.00129908,0.00129908
179,359.756,0.65277,0.59557,0.51633,0.84425,0.97545,0.95652,0.97735,0.67391,0.97545,0.95652,0.97779,0.67726,1.05133,0.97525,0.59656,0.99761,0.00129512,0.00129512,0.00129512
180,361.922,0.62167,0.54835,0.49353,0.83992,0.91733,0.97826,0.97345,0.69882,0.95236,0.95652,0.97552,0.66253,0.93434,0.93124,0.56194,0.97459,0.00129116,0.00129116,0.00129116
181,363.872,0.64406,0.61876,0.50367,0.84812,0.91733,0.97826,0.97345,0.69882,0.95236,0.95652,0.97552,0.66253,0.93434,0.93124,0.56194,0.97459,0.0012872,0.0012872,0.0012872
182,365.855,0.58313,0.51409,0.46596,0.82731,0.91544,0.97826,0.97911,0.69433,0.95603,0.94544,0.98035,0.68179,0.95017,0.86971,0.56688,0.97447,0.00128324,0.00128324,0.00128324
183,367.843,0.60837,0.53112,0.48257,0.82448,0.93445,0.92982,0.97083,0.70193,0.96137,0.95652,0.98371,0.67941,0.98854,0.88101,0.59428,0.99816,0.00127928,0.00127928,0.00127928
184,369.781,0.58984,0.52131,0.48608,0.82435,0.9545,0.91204,0.95312,0.67876,0.98044,0.93478,0.9791,0.69008,0.94179,0.96176,0.57818,0.99815,0.00127532,0.00127532,0.00127532
185,371.709,0.57316,0.58831,0.46144,0.81748,0.9545,0.91204,0.95312,0.67876,0.98044,0.93478,0.9791,0.69008,0.94179,0.96176,0.57818,0.99815,0.00127136,0.00127136,0.00127136
186,373.787,0.59061,0.56974,0.46685,0.83463,0.9183,0.97745,0.97431,0.67085,0.98066,0.93478,0.97676,0.70917,0.96858,0.87445,0.58172,1.01569,0.0012674,0.0012674,0.0012674
187,375.745,0.57592,0.58011,0.46759,0.81414,0.91574,0.97826,0.97933,0.68337,0.9749,0.95652,0.9815,0.70808,0.97805,0.86112,0.56418,1.01059,0.00126344,0.00126344,0.00126344
188,377.703,0.55745,0.5662,0.46507,0.81768,0.93176,0.95652,0.9825,0.70241,0.93176,0.95652,0.98378,0.70121,0.99987,0.92262,0.55799,1.02434,0.00125948,0.00125948,0.00125948
189,379.619,0.59929,0.60498,0.47984,0.81698,0.93176,0.95652,0.9825,0.70241,0.93176,0.95652,0.98378,0.70121,0.99987,0.92262,0.55799,1.02434,0.00125552,0.00125552,0.00125552
190,381.549,0.55471,0.66282,0.46222,0.82496,0.99478,0.86957,0.97692,0.69839,0.9146,0.93133,0.95222,0.69307,1.01374,1.13036,0.56735,1.0227,0.00125156,0.00125156,0.00125156
191,383.5,0.561,0.55288,0.45524,0.80745,0.91625,0.9514,0.97952,0.70418,0.91625,0.9514,0.95656,0.68861,1.04012,1.10435,0.56735,1.03106,0.0012476,0.0012476,0.0012476
192,385.415,0.56489,0.59322,0.46924,0.83217,0.9455,0.95652,0.98412,0.71223,0.9455,0.95652,0.98412,0.68802,1.03931,0.95959,0.5646,1.02729,0.00124364,0.00124364,0.00124364
193,387.501,0.57584,0.5979,0.4647,0.83445,0.9455,0.95652,0.98412,0.71223,0.9455,0.95652,0.98412,0.68802,1.03931,0.95959,0.5646,1.02729,0.00123968,0.00123968,0.00123968
194,389.449,0.53968,0.5473,0.44042,0.81776,0.95192,0.95652,0.98245,0.70799,0.95192,0.95652,0.98245,0.68515,1.03424,0.91109,0.56937,1.02556,0.00123572,0.00123572,0.00123572
195,391.443,0.54586,0.55282,0.44764,0.82094,0.89906,0.97826,0.97738,0.70894,0.94417,0.95652,0.97894,0.71617,1.01998,0.92012,0.60019,1.02108,0.00123176,0.00123176,0.00123176
196,393.399,0.52212,0.52173,0.44467,0.82265,0.89939,0.97173,0.9721,0.7137,0.95647,0.95536,0.97611,0.70234,1.00276,0.95339,0.58002,1.02107,0.0012278,0.0012278,0.0012278
197,395.3,0.56936,0.58783,0.46113,0.82309,0.89939,0.97173,0.9721,0.7137,0.95647,0.95536,0.97611,0.70234,1.00276,0.95339,0.58002,1.02107,0.00122384,0.00122384,0.00122384
198,397.276,0.55527,0.52067,0.44849,0.81854,0.91742,0.97826,0.97365,0.70895,0.91742,0.97826,0.9746,0.70446,1.0335,0.91303,0.59695,1.02831,0.00121988,0.00121988,0.00121988
199,399.25,0.51942,0.52258,0.43821,0.8228,0.93529,0.97826,0.97387,0.70133,0.93529,0.97826,0.97202,0.72485,1.03855,0.87813,0.59909,1.03091,0.00121592,0.00121592,0.00121592
200,401.337,0.53197,0.56412,0.45286,0.81368,0.93335,0.97826,0.96949,0.68391,0.93335,0.97826,0.96834,0.7098,1.0039,0.87887,0.60349,1.02302,0.00121196,0.00121196,0.00121196
201,403.254,0.52674,0.51202,0.44537,0.83491,0.93335,0.97826,0.96949,0.68391,0.93335,0.97826,0.96834,0.7098,1.0039,0.87887,0.60349,1.02302,0.001208,0.001208,0.001208
202,405.191,0.52061,0.53048,0.43932,0.81148,0.94647,0.97826,0.97248,0.68843,0.95618,0.94894,0.97076,0.71297,0.98631,0.89253,0.58556,1.01382,0.00120404,0.00120404,0.00120404
203,407.138,0.51875,0.53346,0.44051,0.8149,0.94636,0.97826,0.97444,0.69316,0.94636,0.97826,0.97493,0.72094,0.98258,0.8904,0.564,1.01684,0.00120008,0.00120008,0.00120008
204,409.065,0.51555,0.48785,0.44258,0.82442,0.9177,0.97826,0.9776,0.7103,0.9177,0.97826,0.9776,0.7386,0.98545,0.89741,0.53637,1.02034,0.00119612,0.00119612,0.00119612
205,411.007,0.50894,0.55397,0.43402,0.80255,0.9177,0.97826,0.9776,0.7103,0.9177,0.97826,0.9776,0.7386,0.98545,0.89741,0.53637,1.02034,0.00119216,0.00119216,0.00119216
206,413.041,0.51267,0.47996,0.43496,0.81542,0.89529,0.95652,0.94941,0.69033,0.96002,0.93478,0.97746,0.72838,0.98442,0.93492,0.55298,1.01264,0.0011882,0.0011882,0.0011882
207,415.173,0.52595,0.50308,0.43795,0.81195,0.91415,0.95652,0.96005,0.69654,0.93499,0.97826,0.97918,0.69304,0.98056,0.95591,0.56798,1.00759,0.00118424,0.00118424,0.00118424
208,417.134,0.5306,0.53655,0.44444,0.814,0.91418,0.95652,0.96428,0.70059,0.93496,0.97826,0.97869,0.71347,0.98808,0.96855,0.56984,1.00601,0.00118028,0.00118028,0.00118028
209,419.122,0.53861,0.54171,0.44132,0.82129,0.91418,0.95652,0.96428,0.70059,0.93496,0.97826,0.97869,0.71347,0.98808,0.96855,0.56984,1.00601,0.00117632,0.00117632,0.00117632
210,421.136,0.51913,0.55529,0.43793,0.81187,0.91805,0.97826,0.97666,0.71384,0.91805,0.97826,0.97666,0.7143,0.998,1.02576,0.54219,1.00807,0.00117236,0.00117236,0.00117236
211,423.125,0.54518,0.53192,0.44275,0.81891,0.94098,0.97826,0.97773,0.70992,0.94098,0.97826,0.97773,0.70011,1.00156,1.02175,0.5578,1.01173,0.0011684,0.0011684,0.0011684
212,425.113,0.55243,0.61438,0.43672,0.8222,0.97387,0.97826,0.97832,0.69676,0.97387,0.97826,0.97832,0.69174,0.951,0.96357,0.54393,0.99873,0.00116444,0.00116444,0.00116444
213,427.167,0.53042,0.5359,0.42527,0.82243,0.97387,0.97826,0.97832,0.69676,0.97387,0.97826,0.97832,0.69174,0.951,0.96357,0.54393,0.99873,0.00116048,0.00116048,0.00116048
214,429.13,0.54031,0.61129,0.43654,0.83028,0.97016,0.95652,0.97663,0.68459,0.97016,0.95652,0.97663,0.69163,0.99246,1.03032,0.53001,1.02054,0.00115652,0.00115652,0.00115652
215,431.12,0.55241,0.53888,0.44204,0.81148,0.97748,0.95652,0.97649,0.67754,0.97748,0.95652,0.97649,0.70426,1.02056,1.07699,0.53013,1.03424,0.00115256,0.00115256,0.00115256
216,433.123,0.54665,0.53585,0.43644,0.82629,0.93621,0.97826,0.97492,0.67908,0.93621,0.97826,0.97492,0.69572,0.98679,1.0552,0.53709,1.0128,0.0011486,0.0011486,0.0011486
217,435.058,0.5362,0.54767,0.42753,0.81283,0.93621,0.97826,0.97492,0.67908,0.93621,0.97826,0.97492,0.69572,0.98679,1.0552,0.53709,1.0128,0.00114464,0.00114464,0.00114464
218,437.026,0.51849,0.50745,0.43456,0.8217,0.936,0.97826,0.97565,0.6815,0.936,0.97826,0.97565,0.67959,1.01508,1.02455,0.56175,1.03061,0.00114068,0.00114068,0.00114068
219,439.005,0.50761,0.50463,0.44171,0.81958,0.97767,0.95202,0.97615,0.68663,0.97767,0.95202,0.97615,0.69949,1.04451,1.02835,0.57469,1.05466,0.00113672,0.00113672,0.00113672
220,441.135,0.50554,0.55816,0.42248,0.81879,0.93508,0.97826,0.97494,0.69154,0.93508,0.97826,0.97494,0.6905,1.04123,1.00473,0.56907,1.0595,0.00113276,0.00113276,0.00113276
221,443.014,0.48978,0.49494,0.42197,0.81476,0.93508,0.97826,0.97494,0.69154,0.93508,0.97826,0.97494,0.6905,1.04123,1.00473,0.56907,1.0595,0.0011288,0.0011288,0.0011288
222,444.95,0.52061,0.5425,0.42968,0.81757,0.93624,0.95652,0.9747,0.68847,0.93624,0.95652,0.9747,0.68607,1.02993,1.04789,0.54672,1.05227,0.00112484,0.00112484,0.00112484
223,446.895,0.53374,0.56897,0.43563,0.80648,0.95987,0.95652,0.97602,0.67281,0.95987,0.95652,0.97602,0.65998,1.06443,1.07968,0.55237,1.06405,0.00112088,0.00112088,0.00112088
224,448.846,0.51551,0.52609,0.43269,0.8103,0.97824,0.9774,0.97623,0.67699,0.97824,0.9774,0.97623,0.68558,1.07923,1.04861,0.568,1.06838,0.00111692,0.00111692,0.00111692
225,450.753,0.51048,0.51675,0.42729,0.82305,0.97824,0.9774,0.97623,0.67699,0.97824,0.9774,0.97623,0.68558,1.07923,1.04861,0.568,1.06838,0.00111296,0.00111296,0.00111296
226,452.749,0.5159,0.53667,0.42337,0.8151,0.9777,0.95304,0.97588,0.68244,0.9777,0.95304,0.97588,0.71003,1.04851,0.98309,0.57976,1.04794,0.001109,0.001109,0.001109
227,454.828,0.50623,0.52002,0.42799,0.8078,0.93629,0.97826,0.97427,0.67103,0.93629,0.97826,0.97427,0.70476,1.01803,0.99174,0.55735,1.03826,0.00110504,0.00110504,0.00110504
228,456.775,0.52013,0.50319,0.41458,0.81239,0.93658,0.96318,0.97519,0.67726,0.93658,0.96318,0.97519,0.70542,1.02799,1.00864,0.56613,1.03427,0.00110108,0.00110108,0.00110108
229,458.696,0.52317,0.5323,0.42952,0.8065,0.93658,0.96318,0.97519,0.67726,0.93658,0.96318,0.97519,0.70542,1.02799,1.00864,0.56613,1.03427,0.00109712,0.00109712,0.00109712
230,460.625,0.52827,0.53865,0.42596,0.8063,1,0.95214,0.97661,0.68662,1,0.95214,0.97661,0.71015,1.02854,1.0187,0.5435,1.03203,0.00109316,0.00109316,0.00109316
231,462.598,0.51927,0.56495,0.42137,0.81129,0.97139,0.93478,0.97645,0.69232,0.97139,0.93478,0.97645,0.72603,1.02137,1.03235,0.51917,1.02491,0.0010892,0.0010892,0.0010892
232,464.588,0.48799,0.53462,0.40587,0.81022,0.95732,0.97531,0.97894,0.68844,0.95732,0.97531,0.97894,0.70921,1.02689,0.97554,0.52999,1.02719,0.00108524,0.00108524,0.00108524
233,466.702,0.51939,0.53082,0.41593,0.82408,0.95732,0.97531,0.97894,0.68844,0.95732,0.97531,0.97894,0.70921,1.02689,0.97554,0.52999,1.02719,0.00108128,0.00108128,0.00108128
234,468.768,0.50993,0.51699,0.42035,0.80688,0.94712,0.95652,0.96499,0.68671,0.96865,0.97826,0.9804,0.71859,1.01885,0.94929,0.53415,1.02875,0.00107732,0.00107732,0.00107732
235,470.734,0.50028,0.48412,0.40563,0.82067,0.91425,0.95652,0.96538,0.69461,0.93503,0.97826,0.97857,0.72436,0.99826,0.90537,0.51923,1.00923,0.00107336,0.00107336,0.00107336
236,472.665,0.52514,0.56155,0.43053,0.8267,0.95561,0.97826,0.97876,0.69982,0.95561,0.97826,0.97876,0.73245,0.99871,0.90087,0.53083,1.01155,0.0010694,0.0010694,0.0010694
237,474.587,0.4905,0.46068,0.4047,0.80981,0.95561,0.97826,0.97876,0.69982,0.95561,0.97826,0.97876,0.73245,0.99871,0.90087,0.53083,1.01155,0.00106544,0.00106544,0.00106544
238,476.541,0.49834,0.52899,0.40014,0.82362,0.95586,0.97826,0.9774,0.69472,0.95586,0.97826,0.9774,0.71784,1.0267,0.95573,0.54407,1.0342,0.00106148,0.00106148,0.00106148
239,478.664,0.4539,0.47748,0.40085,0.80533,0.93594,0.97826,0.97582,0.70965,0.93594,0.97826,0.97582,0.71219,1.02693,1.01013,0.55466,1.0408,0.00105752,0.00105752,0.00105752
240,480.585,0.49815,0.50468,0.41499,0.82588,0.9536,0.97826,0.97728,0.68729,0.9536,0.97826,0.97728,0.71785,1.02116,0.97856,0.55942,1.03201,0.00105356,0.00105356,0.00105356
241,482.511,0.5166,0.50427,0.42749,0.8084,0.9536,0.97826,0.97728,0.68729,0.9536,0.97826,0.97728,0.71785,1.02116,0.97856,0.55942,1.03201,0.0010496,0.0010496,0.0010496
242,484.485,0.49071,0.53046,0.41219,0.80765,0.9404,0.97826,0.97589,0.69187,0.9404,0.97826,0.9772,0.70312,1.0445,0.9754,0.55265,1.03962,0.00104564,0.00104564,0.00104564
243,486.474,0.49649,0.51203,0.40451,0.82302,0.93611,0.97826,0.97533,0.68264,0.93611,0.97826,0.97533,0.71634,1.02817,0.98679,0.53708,1.03095,0.00104168,0.00104168,0.00104168
244,488.418,0.49339,0.49774,0.41007,0.80903,0.91787,0.97826,0.97196,0.70971,0.91787,0.97826,0.97196,0.71819,0.97679,0.97609,0.53682,1.01594,0.00103772,0.00103772,0.00103772
245,490.463,0.50941,0.52103,0.41695,0.82052,0.91787,0.97826,0.97196,0.70971,0.91787,0.97826,0.97196,0.71819,0.97679,0.97609,0.53682,1.01594,0.00103376,0.00103376,0.00103376
246,492.42,0.50012,0.54458,0.41347,0.80776,0.91699,0.97826,0.97247,0.70198,0.91699,0.97826,0.97247,0.71534,0.97029,0.9655,0.54288,1.01046,0.0010298,0.0010298,0.0010298
247,494.358,0.49592,0.48566,0.40443,0.81391,0.93588,0.97826,0.97184,0.69156,0.93588,0.97826,0.97184,0.69921,0.95369,0.95345,0.55376,1.00324,0.00102584,0.00102584,0.00102584
248,496.321,0.48651,0.57333,0.40139,0.80316,0.93566,0.97826,0.97104,0.70145,0.93566,0.97826,0.97104,0.68306,0.94378,0.93832,0.55563,0.99726,0.00102188,0.00102188,0.00102188
249,498.291,0.46988,0.49648,0.41179,0.79973,0.93566,0.97826,0.97104,0.70145,0.93566,0.97826,0.97104,0.68306,0.94378,0.93832,0.55563,0.99726,0.00101792,0.00101792,0.00101792
250,500.392,0.49488,0.52516,0.4089,0.8034,0.93573,0.97826,0.97258,0.7258,0.93573,0.97826,0.97258,0.72077,0.95818,0.95916,0.54799,1.01846,0.00101396,0.00101396,0.00101396
251,502.354,0.47179,0.49354,0.39862,0.80556,0.936,0.97826,0.97297,0.70397,0.936,0.97826,0.97297,0.68475,0.98169,0.97711,0.55696,1.03591,0.00101,0.00101,0.00101
252,504.342,0.4926,0.54048,0.41332,0.81071,0.93615,0.97826,0.97496,0.70208,0.93615,0.97826,0.9754,0.70062,1.00034,0.97527,0.54934,1.03504,0.00100604,0.00100604,0.00100604
253,506.333,0.49105,0.51153,0.41413,0.80849,0.93615,0.97826,0.97496,0.70208,0.93615,0.97826,0.9754,0.70062,1.00034,0.97527,0.54934,1.03504,0.00100208,0.00100208,0.00100208
254,508.355,0.47868,0.48215,0.39862,0.80175,0.93608,0.97826,0.97638,0.70704,0.93608,0.97826,0.97638,0.71787,0.98659,1.00486,0.54731,1.03439,0.00099812,0.00099812,0.00099812
255,510.357,0.48904,0.49634,0.39991,0.81258,0.93599,0.97826,0.97662,0.70635,0.93599,0.97826,0.97662,0.70305,0.97636,1.04239,0.55721,1.03218,0.00099416,0.00099416,0.00099416
256,512.321,0.46628,0.53626,0.38877,0.81093,0.93602,0.97826,0.97674,0.69688,0.93602,0.97826,0.97674,0.68381,0.98686,1.03524,0.55544,1.03241,0.0009902,0.0009902,0.0009902
257,514.41,0.50845,0.51612,0.41046,0.80085,0.93602,0.97826,0.97674,0.69688,0.93602,0.97826,0.97674,0.68381,0.98686,1.03524,0.55544,1.03241,0.00098624,0.00098624,0.00098624
258,516.375,0.50942,0.48399,0.41086,0.80171,0.93615,0.97826,0.97646,0.7141,0.93615,0.97826,0.97646,0.70055,0.98812,1.00405,0.54963,1.0252,0.00098228,0.00098228,0.00098228
259,518.303,0.49379,0.48402,0.41199,0.80963,0.93615,0.97826,0.97919,0.71902,0.93615,0.97826,0.97919,0.71039,0.97802,1.00783,0.55636,1.01629,0.00097832,0.00097832,0.00097832
260,520.246,0.50678,0.53864,0.41149,0.81267,0.93639,0.97826,0.98032,0.72767,0.93639,0.97826,0.98032,0.71446,0.96879,0.97684,0.53181,1.01228,0.00097436,0.00097436,0.00097436
261,522.154,0.48799,0.47964,0.40132,0.81051,0.93639,0.97826,0.98032,0.72767,0.93639,0.97826,0.98032,0.71446,0.96879,0.97684,0.53181,1.01228,0.0009704,0.0009704,0.0009704
262,524.256,0.48504,0.49384,0.40882,0.82055,0.935,0.97826,0.98182,0.71929,0.935,0.97826,0.98182,0.72105,0.95061,0.96107,0.51889,1.00303,0.00096644,0.00096644,0.00096644
263,526.207,0.51125,0.52433,0.42262,0.81129,0.9314,0.97826,0.98034,0.72444,0.9314,0.97826,0.98034,0.71055,0.93691,0.98636,0.50648,0.99603,0.00096248,0.00096248,0.00096248
264,528.165,0.50462,0.47238,0.39961,0.80281,0.93356,0.97826,0.98237,0.73259,0.93356,0.97826,0.98237,0.7124,0.93775,0.96462,0.51704,0.99721,0.00095852,0.00095852,0.00095852
265,530.093,0.48405,0.48447,0.39912,0.81555,0.93356,0.97826,0.98237,0.73259,0.93356,0.97826,0.98237,0.7124,0.93775,0.96462,0.51704,0.99721,0.00095456,0.00095456,0.00095456
266,532.035,0.50389,0.44176,0.39836,0.81926,0.93597,0.97826,0.98429,0.7412,0.93597,0.97826,0.98429,0.72005,0.96464,0.92777,0.52683,1.02358,0.0009506,0.0009506,0.0009506
267,534.012,0.47966,0.48789,0.39386,0.82364,0.95593,0.97826,0.98544,0.7228,0.95593,0.97826,0.98544,0.73383,0.98311,0.92574,0.52161,1.02849,0.00094664,0.00094664,0.00094664
268,536.122,0.48375,0.49034,0.39695,0.80378,0.95594,0.97826,0.98448,0.7297,0.95594,0.97826,0.98448,0.72574,0.96129,0.95611,0.52848,1.01263,0.00094268,0.00094268,0.00094268
269,538.037,0.50413,0.5384,0.39828,0.80962,0.95594,0.97826,0.98448,0.7297,0.95594,0.97826,0.98448,0.72574,0.96129,0.95611,0.52848,1.01263,0.00093872,0.00093872,0.00093872
270,539.978,0.49339,0.52396,0.39592,0.81915,0.95576,0.97826,0.97883,0.71087,0.95576,0.97826,0.98461,0.70638,0.96168,0.99691,0.54232,1.015,0.00093476,0.00093476,0.00093476
271,541.942,0.4853,0.49793,0.38926,0.80796,0.97227,0.97826,0.98564,0.71483,0.97227,0.97826,0.98564,0.68304,0.98793,1.09055,0.56363,1.03915,0.0009308,0.0009308,0.0009308
272,543.927,0.45768,0.45479,0.373,0.81226,0.97082,0.97826,0.98492,0.71966,0.97082,0.97826,0.98492,0.69134,0.98883,1.16404,0.56871,1.04034,0.00092684,0.00092684,0.00092684
273,545.885,0.49446,0.51015,0.41104,0.80569,0.97082,0.97826,0.98492,0.71966,0.97082,0.97826,0.98492,0.69134,0.98883,1.16404,0.56871,1.04034,0.00092288,0.00092288,0.00092288
274,547.992,0.47385,0.49427,0.39251,0.80776,0.95732,0.97826,0.97611,0.71699,0.95732,0.97826,0.98177,0.69648,0.95204,1.12577,0.54953,1.01579,0.00091892,0.00091892,0.00091892
275,549.917,0.49217,0.54439,0.38893,0.81283,0.95584,0.97826,0.97178,0.70483,0.95584,0.97826,0.97756,0.69117,0.97848,0.97384,0.55632,1.01786,0.00091496,0.00091496,0.00091496
276,551.84,0.45923,0.43798,0.37779,0.80256,0.97813,0.97234,0.97392,0.69531,0.97813,0.97234,0.97762,0.69945,1.02538,0.92584,0.55436,1.04214,0.000911,0.000911,0.000911
277,553.766,0.50061,0.52913,0.39962,0.81042,0.97813,0.97234,0.97392,0.69531,0.97813,0.97234,0.97762,0.69945,1.02538,0.92584,0.55436,1.04214,0.00090704,0.00090704,0.00090704
278,555.694,0.49264,0.51486,0.39326,0.8134,0.97812,0.97211,0.97457,0.69662,0.97812,0.97211,0.9774,0.68824,1.02275,0.90758,0.54812,1.03837,0.00090308,0.00090308,0.00090308
279,557.619,0.49464,0.49514,0.39042,0.80189,0.97822,0.97637,0.97546,0.69021,0.97822,0.97637,0.97742,0.71299,0.98246,0.91521,0.5533,1.01906,0.00089912,0.00089912,0.00089912
280,559.57,0.48175,0.49502,0.38125,0.80529,0.96688,0.97826,0.97635,0.70234,0.96688,0.97826,0.97744,0.72139,0.95633,0.91273,0.54682,1.00667,0.00089516,0.00089516,0.00089516
281,561.661,0.50758,0.49424,0.40329,0.80878,0.96688,0.97826,0.97635,0.70234,0.96688,0.97826,0.97744,0.72139,0.95633,0.91273,0.54682,1.00667,0.0008912,0.0008912,0.0008912
282,563.589,0.51578,0.54581,0.40072,0.81065,0.9557,0.97826,0.97637,0.7123,0.9557,0.97826,0.97789,0.72278,0.94412,0.90536,0.55496,1.00731,0.00088724,0.00088724,0.00088724
283,565.518,0.47639,0.4909,0.39089,0.80268,0.95231,0.97826,0.97698,0.70708,0.95231,0.97826,0.9785,0.70737,0.93363,0.91567,0.5471,1.00921,0.00088328,0.00088328,0.00088328
284,567.551,0.51784,0.54695,0.41314,0.82128,0.94921,0.97826,0.97571,0.70257,0.95237,0.97826,0.97771,0.71729,0.92681,0.88446,0.53963,1.00484,0.00087932,0.00087932,0.00087932
285,569.488,0.49951,0.4892,0.39423,0.80775,0.94921,0.97826,0.97571,0.70257,0.95237,0.97826,0.97771,0.71729,0.92681,0.88446,0.53963,1.00484,0.00087536,0.00087536,0.00087536
286,571.522,0.4461,0.47834,0.38332,0.80976,0.94812,0.97826,0.97599,0.73784,0.92683,0.95652,0.9536,0.71977,0.91858,0.88854,0.52576,0.99855,0.0008714,0.0008714,0.0008714
287,573.477,0.43166,0.48465,0.36705,0.8161,0.95603,0.97826,0.97804,0.73898,0.93476,0.95652,0.95648,0.71957,0.9313,0.93912,0.50662,1.0059,0.00086744,0.00086744,0.00086744
288,575.609,0.46068,0.5078,0.37595,0.81689,0.95614,0.97826,0.97629,0.74655,0.93489,0.95652,0.95571,0.71849,0.90871,1.00275,0.51092,0.99981,0.00086348,0.00086348,0.00086348
289,577.568,0.46859,0.53306,0.38243,0.80497,0.95614,0.97826,0.97629,0.74655,0.93489,0.95652,0.95571,0.71849,0.90871,1.00275,0.51092,0.99981,0.00085952,0.00085952,0.00085952
290,579.587,0.43181,0.45291,0.37145,0.79867,0.9172,0.96339,0.97386,0.74834,0.8966,0.94264,0.95266,0.72819,0.88995,1.01794,0.51968,0.99221,0.00085556,0.00085556,0.00085556
291,581.597,0.45031,0.47716,0.37253,0.80213,0.95269,0.97826,0.97549,0.74092,0.93127,0.95652,0.95315,0.72461,0.90528,1.00112,0.5154,1.0008,0.0008516,0.0008516,0.0008516
292,583.622,0.4458,0.46917,0.36422,0.80272,0.95363,0.97826,0.97562,0.73701,0.95363,0.97826,0.97562,0.72458,0.90498,1.01973,0.51513,0.99878,0.00084764,0.00084764,0.00084764
293,585.545,0.4514,0.54137,0.37221,0.79895,0.95363,0.97826,0.97562,0.73701,0.95363,0.97826,0.97562,0.72458,0.90498,1.01973,0.51513,0.99878,0.00084368,0.00084368,0.00084368
294,587.678,0.41198,0.44794,0.35669,0.80844,0.95572,0.97826,0.97654,0.73247,0.95572,0.97826,0.97654,0.73017,0.90269,1.09529,0.51749,0.99221,0.00083972,0.00083972,0.00083972
295,589.648,0.46301,0.4816,0.37715,0.80938,0.95517,0.97826,0.97762,0.73643,0.95517,0.97826,0.97762,0.73816,0.90647,1.08815,0.50462,0.98316,0.00083576,0.00083576,0.00083576
296,591.633,0.43616,0.52773,0.36261,0.8003,0.93621,0.97826,0.97692,0.73094,0.93621,0.97826,0.97692,0.71091,0.9117,1.03593,0.49103,0.97779,0.0008318,0.0008318,0.0008318
297,593.559,0.47671,0.50842,0.38189,0.82241,0.93621,0.97826,0.97692,0.73094,0.93621,0.97826,0.97692,0.71091,0.9117,1.03593,0.49103,0.97779,0.00082784,0.00082784,0.00082784
298,595.543,0.4745,0.52475,0.37797,0.80815,0.95637,0.97826,0.97703,0.72603,0.95637,0.97826,0.97703,0.69217,0.94066,1.06352,0.50821,1.00457,0.00082388,0.00082388,0.00082388
299,597.532,0.4938,0.5136,0.37802,0.80099,0.95626,0.97826,0.97507,0.72328,0.95626,0.97826,0.97507,0.69772,0.97359,1.10517,0.51666,1.024,0.00081992,0.00081992,0.00081992
300,599.56,0.42604,0.45346,0.36889,0.79387,0.95622,0.97826,0.97434,0.71962,0.95622,0.97826,0.97434,0.69041,0.98437,1.13041,0.52285,1.03728,0.00081596,0.00081596,0.00081596
301,601.67,0.48496,0.48047,0.3791,0.804,0.95622,0.97826,0.97434,0.71962,0.95622,0.97826,0.97434,0.69041,0.98437,1.13041,0.52285,1.03728,0.000812,0.000812,0.000812
302,603.66,0.43689,0.51383,0.36491,0.80181,0.9562,0.97826,0.97529,0.70917,0.9562,0.97826,0.97529,0.68079,0.98567,1.12012,0.51342,1.03342,0.00080804,0.00080804,0.00080804
303,605.656,0.43392,0.42627,0.36019,0.80358,0.95615,0.97826,0.9764,0.71247,0.95615,0.97826,0.9764,0.6962,1.00533,1.10675,0.51269,1.02603,0.00080408,0.00080408,0.00080408
304,607.667,0.44619,0.47295,0.3665,0.79856,0.95611,0.97826,0.97757,0.71238,0.95611,0.97826,0.97757,0.69344,1.00131,1.07817,0.5227,1.02503,0.00080012,0.00080012,0.00080012
305,609.587,0.43984,0.45004,0.36723,0.80543,0.95611,0.97826,0.97757,0.71238,0.95611,0.97826,0.97757,0.69344,1.00131,1.07817,0.5227,1.02503,0.00079616,0.00079616,0.00079616
306,611.693,0.44143,0.44658,0.36732,0.80197,0.9554,0.97826,0.97868,0.71724,0.9554,0.97826,0.97868,0.67798,1.00678,1.08147,0.54921,1.033,0.0007922,0.0007922,0.0007922
307,613.624,0.436,0.40663,0.35389,0.79875,0.93318,0.95652,0.97258,0.71485,0.95438,0.97826,0.97911,0.7035,1.01565,1.15187,0.54733,1.03643,0.00078824,0.00078824,0.00078824
308,615.55,0.43509,0.40794,0.36065,0.80243,0.95501,0.97826,0.9782,0.7104,0.93379,0.95652,0.95881,0.70587,1.03493,1.18185,0.56377,1.04122,0.00078428,0.00078428,0.00078428
309,617.476,0.44104,0.48864,0.36582,0.8009,0.95501,0.97826,0.9782,0.7104,0.93379,0.95652,0.95881,0.70587,1.03493,1.18185,0.56377,1.04122,0.00078032,0.00078032,0.00078032
310,619.413,0.42448,0.43915,0.36254,0.80193,0.95549,0.97826,0.97817,0.71302,0.95549,0.97826,0.97817,0.70913,1.0611,1.17627,0.56163,1.04621,0.00077636,0.00077636,0.00077636
311,621.386,0.45358,0.41854,0.36904,0.80015,0.95548,0.97826,0.97777,0.70647,0.93425,0.95652,0.95809,0.70413,1.07156,1.20582,0.55946,1.05935,0.0007724,0.0007724,0.0007724
312,623.48,0.46166,0.47424,0.36134,0.80824,0.95536,0.97826,0.97576,0.70378,0.93413,0.95652,0.95565,0.695,1.02923,1.2431,0.55289,1.05243,0.00076844,0.00076844,0.00076844
313,625.396,0.44012,0.48897,0.36289,0.80634,0.95536,0.97826,0.97576,0.70378,0.93413,0.95652,0.95565,0.695,1.02923,1.2431,0.55289,1.05243,0.00076448,0.00076448,0.00076448
314,627.36,0.43085,0.44938,0.36591,0.79887,0.95505,0.97826,0.97737,0.69575,0.93383,0.95652,0.95206,0.70819,0.98529,1.23558,0.55056,1.03653,0.00076052,0.00076052,0.00076052
315,629.316,0.47083,0.49212,0.36861,0.79824,0.95461,0.97826,0.97796,0.71496,0.95461,0.97826,0.97796,0.71372,0.96935,1.1235,0.54116,1.02071,0.00075656,0.00075656,0.00075656
316,631.275,0.47376,0.52102,0.37786,0.8058,0.95451,0.97826,0.97731,0.7183,0.95451,0.97826,0.97731,0.71975,0.97059,1.04816,0.54092,1.01775,0.0007526,0.0007526,0.0007526
317,633.391,0.48389,0.49809,0.3798,0.81287,0.95451,0.97826,0.97731,0.7183,0.95451,0.97826,0.97731,0.71975,0.97059,1.04816,0.54092,1.01775,0.00074864,0.00074864,0.00074864
318,635.373,0.45185,0.50604,0.37141,0.80153,0.95498,0.97826,0.97845,0.721,0.95498,0.97826,0.97845,0.72737,0.98689,1.0779,0.55702,1.02839,0.00074468,0.00074468,0.00074468
319,637.313,0.4573,0.46964,0.37326,0.81739,0.95433,0.97826,0.97771,0.72664,0.93313,0.95652,0.95208,0.72026,0.97912,1.15816,0.54036,1.02875,0.00074072,0.00074072,0.00074072
320,639.259,0.4514,0.50516,0.36955,0.80878,0.95474,0.97826,0.97819,0.71536,0.93352,0.95652,0.95096,0.71586,0.9587,1.16204,0.52948,1.0221,0.00073676,0.00073676,0.00073676
321,641.225,0.42159,0.41382,0.35441,0.79776,0.95474,0.97826,0.97819,0.71536,0.93352,0.95652,0.95096,0.71586,0.9587,1.16204,0.52948,1.0221,0.0007328,0.0007328,0.0007328
322,643.166,0.40226,0.41231,0.34806,0.79663,0.95532,0.97826,0.97929,0.70924,0.95532,0.97826,0.97929,0.68325,0.97301,1.08163,0.54336,1.02321,0.00072884,0.00072884,0.00072884
323,645.141,0.45624,0.44497,0.37942,0.80457,0.93573,0.97826,0.97811,0.70974,0.93573,0.97826,0.97811,0.70665,0.9892,1.04365,0.53367,1.0304,0.00072488,0.00072488,0.00072488
324,647.24,0.4307,0.46165,0.35606,0.80509,0.95385,0.97826,0.97886,0.70125,0.95385,0.97826,0.97886,0.716,0.98161,1.02128,0.51499,1.03209,0.00072092,0.00072092,0.00072092
325,649.179,0.41249,0.47242,0.3528,0.80435,0.95385,0.97826,0.97886,0.70125,0.95385,0.97826,0.97886,0.716,0.98161,1.02128,0.51499,1.03209,0.00071696,0.00071696,0.00071696
326,651.171,0.46257,0.44552,0.37204,0.80283,0.9495,0.97826,0.98025,0.71853,0.9495,0.97826,0.98025,0.71663,0.95845,0.97744,0.49074,1.02486,0.000713,0.000713,0.000713
327,653.188,0.4228,0.44924,0.34848,0.80893,0.95366,0.97826,0.98061,0.7271,0.95366,0.97826,0.98061,0.71349,0.95791,1.01287,0.50719,1.02302,0.00070904,0.00070904,0.00070904
328,655.141,0.39852,0.46037,0.34493,0.79662,0.95386,0.97826,0.98006,0.73015,0.93243,0.95652,0.95545,0.70711,0.9699,1.00571,0.51965,1.02221,0.00070508,0.00070508,0.00070508
329,657.075,0.40695,0.45762,0.34487,0.8046,0.95386,0.97826,0.98006,0.73015,0.93243,0.95652,0.95545,0.70711,0.9699,1.00571,0.51965,1.02221,0.00070112,0.00070112,0.00070112
330,659.006,0.40779,0.44397,0.35721,0.79226,0.95492,0.97826,0.97987,0.72655,0.93338,0.95652,0.95271,0.71093,0.95587,0.98291,0.51531,1.00955,0.00069716,0.00069716,0.00069716
331,661.133,0.4056,0.47436,0.34356,0.79645,0.95326,0.97826,0.9801,0.73042,0.95326,0.97826,0.9801,0.70191,0.9312,0.98281,0.50797,1.00178,0.0006932,0.0006932,0.0006932
332,663.133,0.41419,0.48137,0.35641,0.80752,0.95562,0.97826,0.98095,0.74481,0.95562,0.97826,0.98095,0.69355,0.92531,0.98803,0.50742,0.9974,0.00068924,0.00068924,0.00068924
333,665.07,0.43896,0.51416,0.35947,0.80007,0.95562,0.97826,0.98095,0.74481,0.95562,0.97826,0.98095,0.69355,0.92531,0.98803,0.50742,0.9974,0.00068528,0.00068528,0.00068528
334,667.055,0.4254,0.44494,0.35721,0.79564,0.95456,0.97826,0.98065,0.73942,0.95456,0.97826,0.98065,0.70459,0.92449,1.00096,0.5147,0.99184,0.00068132,0.00068132,0.00068132
335,669.041,0.42462,0.46258,0.3582,0.79627,0.95079,0.97826,0.98065,0.75067,0.95079,0.97826,0.98065,0.73156,0.92044,0.97907,0.5167,0.98261,0.00067736,0.00067736,0.00067736
336,671.028,0.43767,0.46666,0.3694,0.79843,0.95379,0.97826,0.98128,0.75627,0.95379,0.97826,0.98128,0.74146,0.91646,0.97133,0.51389,0.98286,0.0006734,0.0006734,0.0006734
337,673.004,0.43938,0.41662,0.36065,0.80439,0.95379,0.97826,0.98128,0.75627,0.95379,0.97826,0.98128,0.74146,0.91646,0.97133,0.51389,0.98286,0.00066944,0.00066944,0.00066944
338,675.172,0.40956,0.45884,0.34419,0.8026,0.95546,0.97826,0.98081,0.75245,0.95546,0.97826,0.98081,0.71881,0.91717,0.96753,0.50762,0.99149,0.00066548,0.00066548,0.00066548
339,677.165,0.43805,0.45482,0.35651,0.80531,0.95672,0.97826,0.97985,0.73644,0.95672,0.97826,0.97985,0.7439,0.92251,0.97594,0.49649,0.99846,0.00066152,0.00066152,0.00066152
340,679.143,0.43022,0.4448,0.35282,0.80622,0.95498,0.97826,0.97941,0.7489,0.95498,0.97826,0.97941,0.73459,0.91836,1.01327,0.49311,1.0016,0.00065756,0.00065756,0.00065756
341,681.089,0.42075,0.46552,0.36038,0.80341,0.95498,0.97826,0.97941,0.7489,0.95498,0.97826,0.97941,0.73459,0.91836,1.01327,0.49311,1.0016,0.0006536,0.0006536,0.0006536
342,683.046,0.43788,0.44104,0.36936,0.80058,0.95677,0.97826,0.97978,0.73759,0.93546,0.95652,0.95944,0.71303,0.93456,1.04581,0.50734,1.00509,0.00064964,0.00064964,0.00064964
343,684.964,0.40329,0.41601,0.34949,0.80217,0.95729,0.97826,0.97918,0.73463,0.93596,0.95652,0.95877,0.69867,0.94849,1.05732,0.51204,1.004,0.00064568,0.00064568,0.00064568
344,687.061,0.44753,0.44059,0.36647,0.79588,0.95497,0.97826,0.97966,0.73384,0.95497,0.97826,0.97966,0.72046,0.94923,1.05511,0.50875,1.00382,0.00064172,0.00064172,0.00064172
345,688.986,0.41146,0.41842,0.34584,0.78467,0.95497,0.97826,0.97966,0.73384,0.95497,0.97826,0.97966,0.72046,0.94923,1.05511,0.50875,1.00382,0.00063776,0.00063776,0.00063776
346,690.975,0.4076,0.45319,0.34684,0.79276,0.95494,0.97826,0.97952,0.73049,0.95494,0.97826,0.97952,0.7341,0.95661,1.05777,0.51057,1.00768,0.0006338,0.0006338,0.0006338
347,692.976,0.44106,0.48097,0.35873,0.80485,0.95483,0.97826,0.97885,0.71968,0.95483,0.97826,0.97885,0.737,0.9778,1.06069,0.51639,1.01437,0.00062984,0.00062984,0.00062984
348,695.139,0.41081,0.46007,0.35326,0.79881,0.95447,0.97826,0.97878,0.71828,0.95447,0.97826,0.97878,0.73712,0.99088,1.05391,0.52196,1.01647,0.00062588,0.00062588,0.00062588
349,697.047,0.41381,0.48159,0.3507,0.80784,0.95447,0.97826,0.97878,0.71828,0.95447,0.97826,0.97878,0.73712,0.99088,1.05391,0.52196,1.01647,0.00062192,0.00062192,0.00062192
350,699.056,0.40336,0.43153,0.35473,0.79741,0.95618,0.97826,0.97859,0.7239,0.93493,0.95652,0.95908,0.72564,0.98146,1.04987,0.50172,1.02048,0.00061796,0.00061796,0.00061796
351,701.192,0.39594,0.44366,0.33897,0.79445,0.95619,0.97826,0.97729,0.72923,0.93494,0.95652,0.95794,0.7206,0.98317,1.0596,0.50191,1.02009,0.000614,0.000614,0.000614
352,703.119,0.40679,0.4269,0.34256,0.79697,0.95619,0.97826,0.97772,0.73626,0.93494,0.95652,0.95838,0.73103,0.97136,1.08081,0.49177,1.02445,0.00061004,0.00061004,0.00061004
353,705.056,0.41708,0.45647,0.35439,0.79209,0.95619,0.97826,0.97772,0.73626,0.93494,0.95652,0.95838,0.73103,0.97136,1.08081,0.49177,1.02445,0.00060608,0.00060608,0.00060608
354,707.055,0.45797,0.46343,0.36585,0.81276,0.95613,0.97826,0.97786,0.73158,0.95613,0.97826,0.97786,0.72605,0.96691,1.09324,0.50552,1.02447,0.00060212,0.00060212,0.00060212
355,708.982,0.42327,0.48951,0.3525,0.80406,0.95625,0.97826,0.978,0.73772,0.95625,0.97826,0.978,0.72695,0.95681,1.06999,0.51637,1.02241,0.00059816,0.00059816,0.00059816
356,710.949,0.39704,0.41679,0.34912,0.79261,0.95625,0.97826,0.97719,0.72007,0.95625,0.97826,0.97719,0.72578,0.95198,1.0746,0.51492,1.02262,0.0005942,0.0005942,0.0005942
357,713.04,0.39223,0.40205,0.33964,0.7953,0.95625,0.97826,0.97719,0.72007,0.95625,0.97826,0.97719,0.72578,0.95198,1.0746,0.51492,1.02262,0.00059024,0.00059024,0.00059024
358,714.985,0.38962,0.42151,0.34232,0.79364,0.95628,0.97826,0.97749,0.72486,0.95628,0.97826,0.97749,0.71806,0.94736,1.10319,0.5222,1.0141,0.00058628,0.00058628,0.00058628
359,716.943,0.40167,0.46778,0.3509,0.79004,0.9563,0.97826,0.97821,0.72419,0.9563,0.97826,0.97821,0.71063,0.95627,1.09466,0.5199,1.01733,0.00058232,0.00058232,0.00058232
360,718.894,0.40784,0.41293,0.33951,0.79786,0.95627,0.97826,0.97766,0.72603,0.95627,0.97826,0.97766,0.73046,0.94342,1.08076,0.52975,1.01278,0.00057836,0.00057836,0.00057836
361,720.794,0.40609,0.42498,0.34485,0.79849,0.95627,0.97826,0.97766,0.72603,0.95627,0.97826,0.97766,0.73046,0.94342,1.08076,0.52975,1.01278,0.0005744,0.0005744,0.0005744
362,722.76,0.38198,0.37848,0.33799,0.79577,0.95624,0.97826,0.97804,0.73309,0.95624,0.97826,0.97804,0.73796,0.93097,1.04498,0.53255,1.00754,0.00057044,0.00057044,0.00057044
363,724.847,0.41215,0.45727,0.35742,0.80288,0.95614,0.97826,0.97804,0.73879,0.95614,0.97826,0.97804,0.71446,0.91762,1.01618,0.53146,1.00599,0.00056648,0.00056648,0.00056648
364,726.795,0.39353,0.41101,0.34227,0.79443,0.9561,0.97826,0.97796,0.72678,0.9561,0.97826,0.97796,0.6619,0.94213,1.02223,0.52701,1.01216,0.00056252,0.00056252,0.00056252
365,728.753,0.40441,0.42975,0.3422,0.78895,0.9561,0.97826,0.97796,0.72678,0.9561,0.97826,0.97796,0.6619,0.94213,1.02223,0.52701,1.01216,0.00055856,0.00055856,0.00055856
366,730.689,0.40387,0.42854,0.34627,0.80026,0.94737,0.95652,0.97697,0.73373,0.92584,0.93478,0.95751,0.67183,0.95106,1.0597,0.53633,1.00555,0.0005546,0.0005546,0.0005546
367,732.651,0.41871,0.48184,0.35182,0.80526,0.93612,0.97826,0.97807,0.73083,0.91528,0.95652,0.95742,0.7008,0.93756,1.09911,0.54794,0.99859,0.00055064,0.00055064,0.00055064
368,734.65,0.40927,0.46806,0.34552,0.78938,0.93623,0.97826,0.97667,0.72441,0.9154,0.95652,0.95649,0.70181,0.91208,1.09365,0.56849,0.99331,0.00054668,0.00054668,0.00054668
369,736.729,0.39533,0.44454,0.34091,0.80127,0.93623,0.97826,0.97667,0.72441,0.9154,0.95652,0.95649,0.70181,0.91208,1.09365,0.56849,0.99331,0.00054272,0.00054272,0.00054272
370,738.735,0.40865,0.43442,0.34761,0.79343,0.93825,0.95652,0.97567,0.72921,0.91655,0.93478,0.95591,0.69805,0.9191,1.05908,0.56201,1.00404,0.00053876,0.00053876,0.00053876
371,740.687,0.40966,0.41715,0.34863,0.80278,0.93696,0.97826,0.97586,0.72797,0.93696,0.97826,0.97586,0.70478,0.92848,1.04066,0.55399,1.0095,0.0005348,0.0005348,0.0005348
372,742.678,0.37383,0.4005,0.3337,0.79374,0.95106,0.97826,0.97629,0.72242,0.95106,0.97826,0.97629,0.71649,0.93017,1.05196,0.54718,1.0102,0.00053084,0.00053084,0.00053084
373,744.586,0.37355,0.43504,0.33237,0.79298,0.95106,0.97826,0.97629,0.72242,0.95106,0.97826,0.97629,0.71649,0.93017,1.05196,0.54718,1.0102,0.00052688,0.00052688,0.00052688
374,746.523,0.41443,0.43775,0.34762,0.79789,0.95072,0.97826,0.97743,0.72602,0.95072,0.97826,0.97743,0.73082,0.92796,1.05477,0.53296,1.00598,0.00052292,0.00052292,0.00052292
375,748.485,0.37875,0.44181,0.32603,0.80335,0.93773,0.97826,0.97929,0.7131,0.93773,0.97826,0.97929,0.69143,0.94041,1.03469,0.51751,1.01125,0.00051896,0.00051896,0.00051896
376,750.563,0.38083,0.40685,0.32516,0.79211,0.95478,0.97826,0.97857,0.70964,0.95478,0.97826,0.97857,0.7104,0.93914,1.01502,0.51064,1.01081,0.000515,0.000515,0.000515
377,752.479,0.39282,0.4432,0.33711,0.7961,0.95478,0.97826,0.97857,0.70964,0.95478,0.97826,0.97857,0.7104,0.93914,1.01502,0.51064,1.01081,0.00051104,0.00051104,0.00051104
378,754.428,0.3563,0.43339,0.31614,0.79346,0.95457,0.97826,0.97714,0.71015,0.95457,0.97826,0.97714,0.70956,0.94192,1.00895,0.50832,1.01021,0.00050708,0.00050708,0.00050708
379,756.438,0.38084,0.44465,0.33788,0.78694,0.95442,0.97826,0.97607,0.69388,0.95442,0.97826,0.97607,0.69715,0.95643,1.02366,0.51557,1.01583,0.00050312,0.00050312,0.00050312
380,758.412,0.41182,0.49021,0.34244,0.79391,0.95517,0.97826,0.9757,0.69734,0.95517,0.97826,0.9757,0.66908,0.98734,1.03536,0.52686,1.03332,0.00049916,0.00049916,0.00049916
381,760.462,0.36711,0.4215,0.32151,0.78926,0.95517,0.97826,0.9757,0.69734,0.95517,0.97826,0.9757,0.66908,0.98734,1.03536,0.52686,1.03332,0.0004952,0.0004952,0.0004952
382,762.439,0.38619,0.43575,0.33173,0.79334,0.95511,0.97826,0.97619,0.69645,0.95511,0.97826,0.97619,0.67618,0.96627,1.06307,0.52298,1.02222,0.00049124,0.00049124,0.00049124
383,764.398,0.39554,0.41279,0.33681,0.806,0.95509,0.97826,0.97634,0.70735,0.93387,0.95652,0.95411,0.6847,0.97341,1.09508,0.51753,1.04158,0.00048728,0.00048728,0.00048728
384,766.339,0.38489,0.42608,0.33142,0.80212,0.95476,0.97826,0.9765,0.71193,0.93349,0.95652,0.95516,0.69458,0.98458,1.11529,0.51717,1.04819,0.00048332,0.00048332,0.00048332
385,768.281,0.38664,0.46317,0.32673,0.79631,0.95476,0.97826,0.9765,0.71193,0.93349,0.95652,0.95516,0.69458,0.98458,1.11529,0.51717,1.04819,0.00047936,0.00047936,0.00047936
386,770.29,0.37729,0.42096,0.32594,0.77817,0.9373,0.97826,0.97654,0.70331,0.91645,0.95652,0.9548,0.69343,1.00526,1.1038,0.52627,1.0572,0.0004754,0.0004754,0.0004754
387,772.231,0.38808,0.48601,0.3293,0.79848,0.95463,0.97826,0.97764,0.70159,0.93342,0.95652,0.95519,0.68213,1.00432,1.1031,0.52831,1.05354,0.00047144,0.00047144,0.00047144
388,774.314,0.39556,0.42214,0.33015,0.79027,0.95625,0.97826,0.97756,0.70836,0.935,0.95652,0.95643,0.69248,0.99054,1.15296,0.54107,1.05596,0.00046748,0.00046748,0.00046748
389,776.284,0.39838,0.40726,0.34156,0.78871,0.95625,0.97826,0.97756,0.70836,0.935,0.95652,0.95643,0.69248,0.99054,1.15296,0.54107,1.05596,0.00046352,0.00046352,0.00046352
390,778.318,0.40327,0.40429,0.32841,0.79203,0.95505,0.97826,0.97681,0.70334,0.93383,0.95652,0.95727,0.69688,0.98069,1.19127,0.53464,1.04612,0.00045956,0.00045956,0.00045956
391,780.331,0.3601,0.43653,0.32167,0.77855,0.93744,0.97826,0.97787,0.71149,0.91661,0.95652,0.95801,0.70293,0.96612,1.18727,0.52915,1.04235,0.0004556,0.0004556,0.0004556
392,782.303,0.37103,0.44878,0.31561,0.79636,0.93968,0.97826,0.97881,0.70454,0.93968,0.97826,0.97881,0.68167,0.97794,1.16129,0.53138,1.0428,0.00045164,0.00045164,0.00045164
393,784.266,0.39946,0.44073,0.33245,0.79926,0.93968,0.97826,0.97881,0.70454,0.93968,0.97826,0.97881,0.68167,0.97794,1.16129,0.53138,1.0428,0.00044768,0.00044768,0.00044768
394,786.402,0.37926,0.40769,0.32608,0.79677,0.94081,0.97826,0.97819,0.70849,0.94081,0.97826,0.97819,0.68922,0.97312,1.13652,0.54426,1.04369,0.00044372,0.00044372,0.00044372
395,788.392,0.40068,0.43475,0.33365,0.78469,0.94355,0.97826,0.97852,0.71674,0.92259,0.95652,0.95945,0.6958,0.97305,1.14139,0.54987,1.04211,0.00043976,0.00043976,0.00043976
396,790.329,0.42743,0.47546,0.34798,0.80662,0.94688,0.97826,0.97866,0.70934,0.92559,0.95652,0.95919,0.7125,0.97464,1.17022,0.54452,1.04386,0.0004358,0.0004358,0.0004358
397,792.259,0.37359,0.4052,0.31934,0.78951,0.94688,0.97826,0.97866,0.70934,0.92559,0.95652,0.95919,0.7125,0.97464,1.17022,0.54452,1.04386,0.00043184,0.00043184,0.00043184
398,794.24,0.40336,0.43172,0.32895,0.79476,0.94739,0.97826,0.97888,0.70467,0.92633,0.95652,0.95907,0.69748,0.98123,1.20517,0.52443,1.04564,0.00042788,0.00042788,0.00042788
399,796.196,0.38339,0.42654,0.32472,0.79237,0.9448,0.97826,0.97946,0.71325,0.92381,0.95652,0.95953,0.70133,0.9873,1.23006,0.50577,1.04286,0.00042392,0.00042392,0.00042392
400,798.307,0.38922,0.47402,0.32637,0.7917,0.95505,0.97826,0.97946,0.70312,0.93382,0.95652,0.95841,0.69964,0.99491,1.27265,0.52078,1.03947,0.00041996,0.00041996,0.00041996
401,800.219,0.4009,0.45736,0.33438,0.78984,0.95505,0.97826,0.97946,0.70312,0.93382,0.95652,0.95841,0.69964,0.99491,1.27265,0.52078,1.03947,0.000416,0.000416,0.000416
402,802.147,0.35703,0.39239,0.30582,0.80264,0.95523,0.97826,0.97821,0.6977,0.93396,0.95652,0.95463,0.69232,1.00776,1.31796,0.52069,1.0431,0.00041204,0.00041204,0.00041204
403,804.096,0.38065,0.43929,0.32858,0.79309,0.95528,0.97826,0.97775,0.70393,0.93405,0.95652,0.9525,0.67141,0.99675,1.31621,0.51134,1.04138,0.00040808,0.00040808,0.00040808
404,806.049,0.39595,0.44204,0.3281,0.79401,0.95521,0.97826,0.97858,0.71623,0.93393,0.95652,0.95356,0.68057,0.98128,1.27356,0.50064,1.03547,0.00040412,0.00040412,0.00040412
405,807.959,0.369,0.40132,0.31832,0.79604,0.95521,0.97826,0.97858,0.71623,0.93393,0.95652,0.95356,0.68057,0.98128,1.27356,0.50064,1.03547,0.00040016,0.00040016,0.00040016
406,809.953,0.38097,0.41027,0.32415,0.78298,0.95611,0.97826,0.97932,0.72656,0.93487,0.95652,0.95465,0.70825,0.96144,1.22259,0.48894,1.02962,0.0003962,0.0003962,0.0003962
407,812.073,0.35053,0.40117,0.31293,0.78332,0.95618,0.97826,0.98015,0.72152,0.9349,0.95652,0.95541,0.72214,0.9438,1.15649,0.4827,1.01799,0.00039224,0.00039224,0.00039224
408,814.108,0.38619,0.42717,0.3283,0.80491,0.95621,0.97826,0.98086,0.73331,0.93493,0.95652,0.95753,0.73814,0.9196,1.11299,0.4815,1.00603,0.00038828,0.00038828,0.00038828
409,816.046,0.37657,0.39582,0.31676,0.79154,0.95621,0.97826,0.98086,0.73331,0.93493,0.95652,0.95753,0.73814,0.9196,1.11299,0.4815,1.00603,0.00038432,0.00038432,0.00038432
410,817.998,0.35408,0.41964,0.31927,0.79862,0.95618,0.97826,0.98257,0.73864,0.93493,0.95652,0.9615,0.72229,0.9009,1.09965,0.48312,0.99064,0.00038036,0.00038036,0.00038036
411,819.916,0.33598,0.39865,0.31188,0.78593,0.95622,0.97826,0.98286,0.7386,0.93497,0.95652,0.96167,0.71189,0.91877,1.0923,0.48987,0.99219,0.0003764,0.0003764,0.0003764
412,821.842,0.3546,0.38512,0.31521,0.79037,0.95622,0.97826,0.98302,0.74269,0.93497,0.95652,0.96027,0.72471,0.93205,1.08075,0.48301,0.9963,0.00037244,0.00037244,0.00037244
413,823.794,0.39605,0.4529,0.32776,0.79567,0.95622,0.97826,0.98302,0.74269,0.93497,0.95652,0.96027,0.72471,0.93205,1.08075,0.48301,0.9963,0.00036848,0.00036848,0.00036848
414,825.904,0.37548,0.43126,0.31439,0.79668,0.95622,0.97826,0.9824,0.74017,0.93497,0.95652,0.95747,0.72948,0.93652,1.08697,0.49044,1.00516,0.00036452,0.00036452,0.00036452
415,827.846,0.38675,0.40903,0.32363,0.79694,0.9562,0.97826,0.98206,0.73514,0.93495,0.95652,0.95413,0.72216,0.93715,1.12353,0.49378,1.01365,0.00036056,0.00036056,0.00036056
416,829.806,0.37284,0.43291,0.32118,0.79781,0.95614,0.97826,0.98319,0.7281,0.93486,0.95652,0.95483,0.71807,0.95498,1.1549,0.49439,1.02618,0.0003566,0.0003566,0.0003566
417,831.724,0.36802,0.40991,0.31778,0.79575,0.95614,0.97826,0.98319,0.7281,0.93486,0.95652,0.95483,0.71807,0.95498,1.1549,0.49439,1.02618,0.00035264,0.00035264,0.00035264
418,833.731,0.40273,0.45839,0.32829,0.80097,0.95628,0.97826,0.98216,0.73473,0.93503,0.95652,0.95319,0.72896,0.95417,1.17503,0.50837,1.02723,0.00034868,0.00034868,0.00034868
419,835.664,0.35877,0.38538,0.31313,0.79702,0.95623,0.97826,0.982,0.72451,0.93498,0.95652,0.9561,0.72287,0.96814,1.19507,0.50862,1.03625,0.00034472,0.00034472,0.00034472
420,837.78,0.37328,0.43763,0.31379,0.79897,0.95621,0.97826,0.98011,0.72669,0.93496,0.95652,0.95752,0.72041,0.97814,1.211,0.51267,1.04348,0.00034076,0.00034076,0.00034076
421,839.709,0.37353,0.42351,0.31811,0.7853,0.95621,0.97826,0.98011,0.72669,0.93496,0.95652,0.95752,0.72041,0.97814,1.211,0.51267,1.04348,0.0003368,0.0003368,0.0003368
422,841.687,0.35698,0.36575,0.30892,0.78834,0.95617,0.97826,0.9791,0.71778,0.93489,0.95652,0.95595,0.72195,0.97613,1.21452,0.50254,1.04438,0.00033284,0.00033284,0.00033284
423,843.623,0.36652,0.40495,0.32041,0.78286,0.95613,0.97826,0.97967,0.71175,0.93488,0.95652,0.95348,0.7205,0.97695,1.20952,0.50097,1.04459,0.00032888,0.00032888,0.00032888
424,845.584,0.37733,0.3993,0.32261,0.78664,0.95625,0.97826,0.97896,0.707,0.935,0.95652,0.95291,0.7147,0.97307,1.20022,0.50941,1.03904,0.00032492,0.00032492,0.00032492
425,847.7,0.37524,0.42389,0.31935,0.80679,0.95625,0.97826,0.97896,0.707,0.935,0.95652,0.95291,0.7147,0.97307,1.20022,0.50941,1.03904,0.00032096,0.00032096,0.00032096
426,849.677,0.36418,0.43073,0.31055,0.79722,0.95624,0.97826,0.97809,0.70579,0.93499,0.95652,0.9516,0.70881,0.96464,1.18366,0.51631,1.03708,0.000317,0.000317,0.000317
427,851.623,0.35065,0.40425,0.30644,0.7873,0.95624,0.97826,0.97736,0.70529,0.93499,0.95652,0.95069,0.71567,0.94097,1.16632,0.52315,1.02515,0.00031304,0.00031304,0.00031304
428,853.566,0.36486,0.41581,0.32045,0.79209,0.95623,0.97826,0.97762,0.71614,0.93498,0.95652,0.95084,0.71859,0.93905,1.16128,0.50679,1.01779,0.00030908,0.00030908,0.00030908
429,855.531,0.39726,0.46156,0.32244,0.78908,0.95623,0.97826,0.97762,0.71614,0.93498,0.95652,0.95084,0.71859,0.93905,1.16128,0.50679,1.01779,0.00030512,0.00030512,0.00030512
430,857.528,0.35094,0.39064,0.30954,0.79462,0.95623,0.97826,0.97785,0.72763,0.93498,0.95652,0.95121,0.71981,0.93241,1.16017,0.49386,1.00922,0.00030116,0.00030116,0.00030116
431,859.614,0.39247,0.48162,0.3262,0.80487,0.95621,0.97826,0.97846,0.72294,0.93496,0.95652,0.95055,0.72835,0.92546,1.15697,0.48829,0.99995,0.0002972,0.0002972,0.0002972
432,861.579,0.34854,0.40509,0.30734,0.77704,0.95622,0.97826,0.97928,0.72312,0.93497,0.95652,0.95129,0.72723,0.9211,1.15632,0.48496,0.99582,0.00029324,0.00029324,0.00029324
433,863.523,0.33576,0.3446,0.29938,0.79347,0.95622,0.97826,0.97928,0.72312,0.93497,0.95652,0.95129,0.72723,0.9211,1.15632,0.48496,0.99582,0.00028928,0.00028928,0.00028928
434,865.457,0.34795,0.43034,0.30734,0.78881,0.95622,0.97826,0.97957,0.72399,0.93495,0.95652,0.95037,0.69415,0.9307,1.16235,0.4949,1.00213,0.00028532,0.00028532,0.00028532
435,867.428,0.33991,0.40562,0.30777,0.77603,0.95623,0.97826,0.97921,0.72217,0.93498,0.95652,0.95108,0.69506,0.93425,1.17062,0.48537,1.00489,0.00028136,0.00028136,0.00028136
436,869.522,0.34301,0.40479,0.30479,0.79617,0.95618,0.97826,0.97878,0.73651,0.93493,0.95652,0.95089,0.70085,0.93556,1.1808,0.49584,1.00976,0.0002774,0.0002774,0.0002774
437,871.436,0.3485,0.39689,0.30174,0.79691,0.95618,0.97826,0.97878,0.73651,0.93493,0.95652,0.95089,0.70085,0.93556,1.1808,0.49584,1.00976,0.00027344,0.00027344,0.00027344
438,873.408,0.35064,0.39254,0.31244,0.79171,0.95603,0.97826,0.97895,0.71943,0.93479,0.95652,0.95159,0.70124,0.9478,1.20128,0.51705,1.02018,0.00026948,0.00026948,0.00026948
439,875.351,0.3384,0.40718,0.29684,0.79855,0.95582,0.97826,0.97886,0.71245,0.93458,0.95652,0.95144,0.70281,0.9528,1.20237,0.52731,1.02836,0.00026552,0.00026552,0.00026552
440,877.312,0.35039,0.37138,0.30912,0.78262,0.95556,0.97826,0.97821,0.71715,0.93432,0.95652,0.95381,0.70678,0.96742,1.1936,0.52815,1.03508,0.00026156,0.00026156,0.00026156
441,879.206,0.37762,0.45858,0.31722,0.79859,0.95556,0.97826,0.97821,0.71715,0.93432,0.95652,0.95381,0.70678,0.96742,1.1936,0.52815,1.03508,0.0002576,0.0002576,0.0002576
442,881.164,0.35998,0.41887,0.3134,0.78201,0.95523,0.97826,0.97705,0.71204,0.934,0.95652,0.95313,0.71141,0.97797,1.17587,0.52556,1.04046,0.00025364,0.00025364,0.00025364
443,883.286,0.33745,0.39761,0.29993,0.78948,0.95507,0.97826,0.97661,0.70322,0.93385,0.95652,0.95346,0.69377,0.97844,1.17188,0.52659,1.04031,0.00024968,0.00024968,0.00024968
444,885.243,0.35564,0.4021,0.30833,0.79326,0.95514,0.97826,0.97686,0.71193,0.93385,0.95652,0.9549,0.70664,0.98726,1.16529,0.50598,1.05287,0.00024572,0.00024572,0.00024572
445,887.168,0.34689,0.37214,0.31593,0.79355,0.95514,0.97826,0.97686,0.71193,0.93385,0.95652,0.9549,0.70664,0.98726,1.16529,0.50598,1.05287,0.00024176,0.00024176,0.00024176
446,889.103,0.34972,0.40914,0.30743,0.78139,0.95527,0.97826,0.97663,0.71001,0.93404,0.95652,0.95635,0.69148,0.98762,1.16407,0.5131,1.05109,0.0002378,0.0002378,0.0002378
447,891.032,0.35474,0.39572,0.30959,0.79331,0.95558,0.97826,0.97653,0.71029,0.93434,0.95652,0.95649,0.70046,0.99575,1.16794,0.49804,1.05188,0.00023384,0.00023384,0.00023384
448,892.998,0.36144,0.40184,0.31672,0.7945,0.95581,0.97826,0.97703,0.71254,0.93457,0.95652,0.957,0.69635,0.98642,1.1856,0.51221,1.04251,0.00022988,0.00022988,0.00022988
449,895.074,0.35061,0.42681,0.31189,0.79477,0.95581,0.97826,0.97703,0.71254,0.93457,0.95652,0.957,0.69635,0.98642,1.1856,0.51221,1.04251,0.00022592,0.00022592,0.00022592
450,897.057,0.34974,0.37395,0.31116,0.78483,0.95598,0.97826,0.97736,0.71236,0.9347,0.95652,0.95701,0.69954,0.97746,1.20444,0.5048,1.03818,0.00022196,0.00022196,0.00022196
451,899.078,0.37641,0.44137,0.32552,0.78328,0.9561,0.97826,0.97671,0.71557,0.93485,0.95652,0.9549,0.69568,0.9735,1.21953,0.50499,1.03713,0.000218,0.000218,0.000218
452,901.02,0.35903,0.40351,0.31328,0.79367,0.95618,0.97826,0.97572,0.72366,0.93493,0.95652,0.95469,0.69666,0.97146,1.21512,0.51367,1.03808,0.00021404,0.00021404,0.00021404
453,902.955,0.33293,0.38612,0.29521,0.79462,0.95618,0.97826,0.97572,0.72366,0.93493,0.95652,0.95469,0.69666,0.97146,1.21512,0.51367,1.03808,0.00021008,0.00021008,0.00021008
454,905.059,0.35223,0.39376,0.31053,0.79758,0.95623,0.97826,0.97566,0.72611,0.93498,0.95652,0.95472,0.70086,0.98158,1.19548,0.52109,1.03962,0.00020612,0.00020612,0.00020612
455,907.014,0.36321,0.40317,0.31203,0.80036,0.95625,0.97826,0.97607,0.72529,0.935,0.95652,0.95539,0.72075,0.98619,1.17417,0.52958,1.04219,0.00020216,0.00020216,0.00020216
456,908.944,0.32611,0.42367,0.29452,0.77849,0.95626,0.97826,0.97701,0.72491,0.93499,0.95652,0.95637,0.71295,0.9887,1.16586,0.5337,1.04342,0.0001982,0.0001982,0.0001982
457,910.859,0.34319,0.37847,0.30028,0.80639,0.95626,0.97826,0.97701,0.72491,0.93499,0.95652,0.95637,0.71295,0.9887,1.16586,0.5337,1.04342,0.00019424,0.00019424,0.00019424
458,912.83,0.33259,0.4105,0.29875,0.7871,0.95625,0.97826,0.97866,0.72161,0.935,0.95652,0.95726,0.72576,0.98346,1.17093,0.52966,1.04297,0.00019028,0.00019028,0.00019028
459,914.784,0.34616,0.37699,0.30148,0.78901,0.95627,0.97826,0.97764,0.71012,0.93502,0.95652,0.95318,0.72577,0.97847,1.17916,0.5261,1.04171,0.00018632,0.00018632,0.00018632
460,916.791,0.36208,0.39855,0.31212,0.78509,0.95626,0.97826,0.97928,0.71512,0.93501,0.95652,0.95452,0.73181,0.98279,1.18827,0.52965,1.04501,0.00018236,0.00018236,0.00018236
461,918.839,0.3578,0.40879,0.31117,0.79709,0.95626,0.97826,0.97928,0.71512,0.93501,0.95652,0.95452,0.73181,0.98279,1.18827,0.52965,1.04501,0.0001784,0.0001784,0.0001784
462,920.784,0.35384,0.36958,0.31093,0.7886,0.95628,0.97826,0.97914,0.71543,0.935,0.95652,0.95432,0.72312,0.99054,1.18839,0.53463,1.04958,0.00017444,0.00017444,0.00017444
463,922.788,0.31831,0.38192,0.29538,0.78471,0.95627,0.97826,0.97961,0.71962,0.93502,0.95652,0.95486,0.71475,0.98617,1.17592,0.52721,1.04889,0.00017048,0.00017048,0.00017048
464,924.749,0.32096,0.38459,0.29721,0.77382,0.95627,0.97826,0.97963,0.72244,0.93502,0.95652,0.95522,0.71821,0.98411,1.16496,0.53155,1.0458,0.00016652,0.00016652,0.00016652
465,926.688,0.32692,0.38345,0.29672,0.78574,0.95627,0.97826,0.97963,0.72244,0.93502,0.95652,0.95522,0.71821,0.98411,1.16496,0.53155,1.0458,0.00016256,0.00016256,0.00016256
466,928.67,0.32606,0.40546,0.29621,0.79892,0.95628,0.97826,0.98067,0.7233,0.93503,0.95652,0.95771,0.72815,0.97564,1.15847,0.5336,1.03942,0.0001586,0.0001586,0.0001586
467,930.778,0.33793,0.40505,0.30598,0.7881,0.95628,0.97826,0.98037,0.72036,0.95628,0.97826,0.98037,0.72991,0.97631,1.16643,0.53264,1.03598,0.00015464,0.00015464,0.00015464
468,932.801,0.33679,0.38685,0.29805,0.80062,0.95628,0.97826,0.97961,0.7127,0.95628,0.97826,0.97961,0.72617,0.97865,1.18035,0.53019,1.0346,0.00015068,0.00015068,0.00015068
469,934.751,0.34702,0.41901,0.30619,0.79906,0.95628,0.97826,0.97961,0.7127,0.95628,0.97826,0.97961,0.72617,0.97865,1.18035,0.53019,1.0346,0.00014672,0.00014672,0.00014672
470,936.691,0.33786,0.38565,0.29428,0.79023,0.9563,0.97826,0.9793,0.7108,0.9563,0.97826,0.9793,0.7204,0.97904,1.1961,0.52952,1.03684,0.00014276,0.00014276,0.00014276
471,938.652,0.34171,0.38451,0.30343,0.77972,0.95628,0.97826,0.97916,0.71233,0.95628,0.97826,0.97916,0.6908,0.97871,1.21538,0.52851,1.04146,0.0001388,0.0001388,0.0001388
472,940.581,0.33639,0.39014,0.29763,0.77181,0.95629,0.97826,0.9796,0.71271,0.95629,0.97826,0.9796,0.70502,0.98628,1.2193,0.53213,1.04353,0.00013484,0.00013484,0.00013484
473,942.666,0.32074,0.36727,0.28706,0.78756,0.95629,0.97826,0.9796,0.71271,0.95629,0.97826,0.9796,0.70502,0.98628,1.2193,0.53213,1.04353,0.00013088,0.00013088,0.00013088
474,944.638,0.33253,0.41549,0.2977,0.77956,0.95534,0.97826,0.9799,0.71532,0.95534,0.97826,0.9799,0.68857,0.98477,1.22393,0.53042,1.044,0.00012692,0.00012692,0.00012692
475,946.63,0.32206,0.37627,0.29151,0.7878,0.95469,0.97826,0.97916,0.70908,0.95469,0.97826,0.97916,0.68742,0.9787,1.22397,0.53185,1.03923,0.00012296,0.00012296,0.00012296
476,948.612,0.33304,0.38545,0.30325,0.78363,0.95437,0.97826,0.9802,0.71829,0.93298,0.95652,0.9572,0.69345,0.98324,1.22675,0.53147,1.03976,0.000119,0.000119,0.000119
477,950.505,0.30815,0.35887,0.28404,0.77415,0.95437,0.97826,0.9802,0.71829,0.93298,0.95652,0.9572,0.69345,0.98324,1.22675,0.53147,1.03976,0.00011504,0.00011504,0.00011504
478,952.494,0.31434,0.35047,0.29697,0.78315,0.95396,0.97826,0.97975,0.71497,0.9326,0.95652,0.95725,0.69059,0.9812,1.2306,0.52383,1.03481,0.00011108,0.00011108,0.00011108
479,954.606,0.33049,0.41033,0.29288,0.79575,0.95399,0.97826,0.98021,0.72101,0.93263,0.95652,0.95778,0.69851,0.97533,1.23126,0.52186,1.03389,0.00010712,0.00010712,0.00010712
480,956.639,0.30637,0.35917,0.29029,0.79751,0.9539,0.97826,0.98084,0.71836,0.93253,0.95652,0.96039,0.6984,0.96644,1.22596,0.52065,1.02943,0.00010316,0.00010316,0.00010316
481,958.579,0.33954,0.39695,0.30093,0.78324,0.9539,0.97826,0.98084,0.71836,0.93253,0.95652,0.96039,0.6984,0.96644,1.22596,0.52065,1.02943,9.92e-05,9.92e-05,9.92e-05
482,960.609,0.33867,0.40327,0.29124,0.79746,0.95383,0.97826,0.98052,0.73021,0.93245,0.95652,0.96142,0.69755,0.96538,1.22553,0.51967,1.02822,9.524e-05,9.524e-05,9.524e-05
483,962.571,0.32972,0.40661,0.29632,0.80208,0.95627,0.97826,0.98052,0.72936,0.93502,0.95652,0.96142,0.69931,0.96121,1.22462,0.51338,1.02708,9.128e-05,9.128e-05,9.128e-05
484,964.599,0.33965,0.37012,0.29483,0.79252,0.95626,0.97826,0.98052,0.72765,0.93501,0.95652,0.96142,0.70091,0.96204,1.22541,0.51002,1.02577,8.732e-05,8.732e-05,8.732e-05
485,966.666,0.31954,0.40247,0.28684,0.78464,0.95626,0.97826,0.98052,0.72765,0.93501,0.95652,0.96142,0.70091,0.96204,1.22541,0.51002,1.02577,8.336e-05,8.336e-05,8.336e-05
486,968.676,0.33009,0.36117,0.29346,0.7888,0.95627,0.97826,0.9813,0.73335,0.93502,0.95652,0.96317,0.71428,0.95808,1.22371,0.51486,1.02353,7.94e-05,7.94e-05,7.94e-05
